{"110000000000":{"name":"北京市","next":1},"120000000000":{"name":"天津市","next":1},"130000000000":{"name":"河北省","next":1},"140000000000":{"name":"山西省","next":1},"150000000000":{"name":"内蒙古自治区","next":1},"210000000000":{"name":"辽宁省","next":1},"220000000000":{"name":"吉林省","next":1},"230000000000":{"name":"黑龙江省","next":1},"310000000000":{"name":"上海市","next":1},"320000000000":{"name":"江苏省","next":1},"330000000000":{"name":"浙江省","next":1},"340000000000":{"name":"安徽省","next":1},"350000000000":{"name":"福建省","next":1},"360000000000":{"name":"江西省","next":1},"370000000000":{"name":"山东省","next":1},"410000000000":{"name":"河南省","next":1},"420000000000":{"name":"湖北省","next":1},"430000000000":{"name":"湖南省","next":1},"440000000000":{"name":"广东省","next":1},"450000000000":{"name":"广西壮族自治区","next":1},"460000000000":{"name":"海南省","next":1},"500000000000":{"name":"重庆市","next":1},"510000000000":{"name":"四川省","next":1},"520000000000":{"name":"贵州省","next":1},"530000000000":{"name":"云南省","next":1},"540000000000":{"name":"西藏自治区","next":1},"610000000000":{"name":"陕西省","next":1},"620000000000":{"name":"甘肃省","next":1},"630000000000":{"name":"青海省","next":1},"640000000000":{"name":"宁夏回族自治区","next":1},"650000000000":{"name":"新疆维吾尔自治区","next":1}}