{"110113005003":{"name":"希望花园社区","next":0},"110113005006":{"name":"南竺园一区社区","next":0},"110113005007":{"name":"蓝天社区","next":0},"110113005201":{"name":"天竺村","next":0},"110113005203":{"name":"楼台村","next":0},"110113005204":{"name":"岗山村","next":0},"110113005205":{"name":"龙山村","next":0},"110113005206":{"name":"桃山村","next":0},"110113005207":{"name":"杨二营村","next":0},"110113005209":{"name":"二十里堡村","next":0},"110113005210":{"name":"小王辛庄村","next":0}}