{"110108013002":{"name":"骚子营社区","next":0},"110108013004":{"name":"大有庄社区","next":0},"110108013005":{"name":"福缘门社区","next":0},"110108013006":{"name":"圆明园东里社区","next":0},"110108013008":{"name":"一亩园社区","next":0},"110108013012":{"name":"颐东苑社区","next":0},"110108013013":{"name":"遗光寺社区","next":0},"110108013014":{"name":"国防大学社区","next":0},"110108013015":{"name":"韩家川大院社区","next":0},"110108013016":{"name":"国际关系学院社区","next":0},"110108013017":{"name":"中央党校社区","next":0},"110108013018":{"name":"林业科学研究院社区","next":0},"110108013019":{"name":"军事科学院社区","next":0},"110108013020":{"name":"309医院社区","next":0},"110108013021":{"name":"中国中医科学院西苑医院社区","next":0},"110108013022":{"name":"颐和园社区","next":0},"110108013023":{"name":"中信所西苑小区社区","next":0},"110108013024":{"name":"030院社区","next":0},"110108013027":{"name":"厢红旗安河桥社区","next":0},"110108013028":{"name":"水磨成府社区","next":0},"110108013029":{"name":"西苑挂甲屯社区","next":0}}