{"110111108001":{"name":"西厢苑社区","next":0},"110111108200":{"name":"南正村","next":0},"110111108201":{"name":"北正村","next":0},"110111108202":{"name":"双磨村","next":0},"110111108203":{"name":"南良各庄村","next":0},"110111108204":{"name":"北良各庄村","next":0},"110111108205":{"name":"东良各庄村","next":0},"110111108206":{"name":"东长沟村","next":0},"110111108207":{"name":"西长沟村","next":0},"110111108208":{"name":"太和庄村","next":0},"110111108209":{"name":"沿村","next":0},"110111108210":{"name":"坟庄村","next":0},"110111108211":{"name":"东甘池村","next":0},"110111108212":{"name":"南甘池村","next":0},"110111108213":{"name":"北甘池村","next":0},"110111108214":{"name":"西甘池村","next":0},"110111108215":{"name":"六甲房村","next":0},"110111108216":{"name":"三座庵村","next":0},"110111108217":{"name":"黄元井村","next":0}}