{"110101000000":{"name":"东城区","next":1},"110102000000":{"name":"西城区","next":1},"110105000000":{"name":"朝阳区","next":1},"110106000000":{"name":"丰台区","next":1},"110107000000":{"name":"石景山区","next":1},"110108000000":{"name":"海淀区","next":1},"110109000000":{"name":"门头沟区","next":1},"110111000000":{"name":"房山区","next":1},"110112000000":{"name":"通州区","next":1},"110113000000":{"name":"顺义区","next":1},"110114000000":{"name":"昌平区","next":1},"110115000000":{"name":"大兴区","next":1},"110116000000":{"name":"怀柔区","next":1},"110117000000":{"name":"平谷区","next":1},"110118000000":{"name":"密云区","next":1},"110119000000":{"name":"延庆区","next":1}}