{"110105008052":{"name":"安贞里社区","next":0},"110105008053":{"name":"安贞西里社区","next":0},"110105008054":{"name":"安华里社区","next":0},"110105008055":{"name":"安华西里社区","next":0},"110105008056":{"name":"黄寺社区","next":0},"110105008057":{"name":"裕民路社区","next":0},"110105008058":{"name":"涌溪社区","next":0},"110105008059":{"name":"五路居社区","next":0},"110105008060":{"name":"安外社区","next":0},"110105008061":{"name":"外管社区","next":0}}