{"110112117201":{"name":"永乐店一村","next":0},"110112117202":{"name":"永乐店二村","next":0},"110112117203":{"name":"永乐店三村","next":0},"110112117204":{"name":"新西庄村","next":0},"110112117205":{"name":"陈辛庄村","next":0},"110112117206":{"name":"邓庄村","next":0},"110112117207":{"name":"后甫村","next":0},"110112117208":{"name":"东张各庄村","next":0},"110112117209":{"name":"老槐庄村","next":0},"110112117210":{"name":"孔庄村","next":0},"110112117211":{"name":"大羊村","next":0},"110112117212":{"name":"小南地村","next":0},"110112117213":{"name":"南堤寺东村","next":0},"110112117214":{"name":"南堤寺西村","next":0},"110112117215":{"name":"小务村","next":0},"110112117216":{"name":"西槐庄村","next":0},"110112117217":{"name":"坚村","next":0},"110112117218":{"name":"小安村","next":0},"110112117219":{"name":"后营村","next":0},"110112117220":{"name":"马合店村","next":0},"110112117221":{"name":"鲁城村","next":0},"110112117222":{"name":"大务村","next":0},"110112117223":{"name":"东河村","next":0},"110112117224":{"name":"西河村","next":0},"110112117225":{"name":"德仁务前街村","next":0},"110112117226":{"name":"德仁务中街村","next":0},"110112117227":{"name":"德仁务后街村","next":0},"110112117228":{"name":"柴厂屯村","next":0},"110112117229":{"name":"后马坊村","next":0},"110112117230":{"name":"前马坊村","next":0},"110112117231":{"name":"半截河村","next":0},"110112117232":{"name":"兴隆庄村","next":0},"110112117233":{"name":"三垡村","next":0},"110112117234":{"name":"小甸屯村","next":0},"110112117235":{"name":"胡家村","next":0},"110112117236":{"name":"应寺村","next":0},"110112117237":{"name":"熬硝营村","next":0},"110112117238":{"name":"临沟屯村","next":0}}