{"110105035001":{"name":"八里桥社区","next":0},"110105035002":{"name":"管庄东里社区","next":0},"110105035003":{"name":"管庄西里社区","next":0},"110105035004":{"name":"建东苑社区","next":0},"110105035005":{"name":"京通苑社区","next":0},"110105035006":{"name":"丽景苑社区","next":0},"110105035007":{"name":"惠河东里社区","next":0},"110105035008":{"name":"瑞祥里社区","next":0},"110105035009":{"name":"惠河西里社区","next":0},"110105035010":{"name":"新天地社区","next":0},"110105035011":{"name":"远洋一方嘉园社区","next":0},"110105035012":{"name":"管庄北里社区","next":0},"110105035013":{"name":"远洋一方润园社区","next":0},"110105035200":{"name":"西会村","next":0},"110105035201":{"name":"东会村","next":0},"110105035202":{"name":"八里桥村","next":0},"110105035203":{"name":"果家店村","next":0},"110105035204":{"name":"塔营村","next":0},"110105035205":{"name":"小寺村","next":0},"110105035206":{"name":"重兴寺村","next":0},"110105035207":{"name":"司辛庄村","next":0},"110105035208":{"name":"郭家场村","next":0},"110105035209":{"name":"杨闸村","next":0},"110105035210":{"name":"管庄村","next":0},"110105035211":{"name":"咸宁侯村","next":0}}