{"110105003041":{"name":"金台里社区","next":0},"110105003042":{"name":"小庄社区","next":0},"110105003045":{"name":"关东店北街社区","next":0},"110105003046":{"name":"核桃园社区","next":0},"110105003047":{"name":"呼家楼北社区","next":0},"110105003048":{"name":"呼家楼南社区","next":0},"110105003049":{"name":"金台社区","next":0},"110105003050":{"name":"东大桥社区","next":0},"110105003051":{"name":"关东店社区","next":0},"110105003052":{"name":"新街社区","next":0}}