{"110109101001":{"name":"潭柘新二区社区","next":0},"110109101002":{"name":"潭柘新一区社区","next":0},"110109101201":{"name":"北村","next":0},"110109101202":{"name":"东村","next":0},"110109101203":{"name":"南村","next":0},"110109101204":{"name":"鲁家滩村","next":0},"110109101205":{"name":"南辛房村","next":0},"110109101206":{"name":"桑峪村","next":0},"110109101207":{"name":"平原村","next":0},"110109101208":{"name":"王坡村","next":0},"110109101209":{"name":"贾沟村","next":0},"110109101210":{"name":"草甸水村","next":0},"110109101211":{"name":"赵家台村","next":0},"110109101212":{"name":"阳坡元村","next":0}}