{"110114116201":{"name":"兴寿村","next":0},"110114116202":{"name":"肖村","next":0},"110114116203":{"name":"香屯村","next":0},"110114116204":{"name":"沙坨村","next":0},"110114116205":{"name":"东庄村","next":0},"110114116206":{"name":"辛庄村","next":0},"110114116207":{"name":"桃林村","next":0},"110114116208":{"name":"秦城村","next":0},"110114116209":{"name":"象房村","next":0},"110114116210":{"name":"东新城村","next":0},"110114116211":{"name":"东营村","next":0},"110114116212":{"name":"西营村","next":0},"110114116213":{"name":"麦庄村","next":0},"110114116214":{"name":"西新城村","next":0},"110114116215":{"name":"下苑村","next":0},"110114116216":{"name":"秦家屯村","next":0},"110114116217":{"name":"上苑村","next":0},"110114116218":{"name":"桃峪口村","next":0},"110114116219":{"name":"暴峪泉村","next":0},"110114116220":{"name":"半壁店村","next":0},"110114116221":{"name":"上西市村","next":0}}