{"110116003001":{"name":"红螺家园社区","next":0},"110116003207":{"name":"石厂村","next":0},"110116003210":{"name":"葛各庄村","next":0},"110116003211":{"name":"唐自口村","next":0},"110116003212":{"name":"张各长村","next":0},"110116003213":{"name":"王化村","next":0},"110116003214":{"name":"大屯村","next":0},"110116003219":{"name":"大中富乐村","next":0},"110116003220":{"name":"刘各长村","next":0},"110116003221":{"name":"东四村","next":0},"110116003222":{"name":"芦庄村","next":0},"110116003223":{"name":"红螺镇村","next":0},"110116003224":{"name":"西三村","next":0},"110116003225":{"name":"甘涧峪村","next":0},"110116003226":{"name":"郭家坞村","next":0},"110116003227":{"name":"红军庄村","next":0},"110116003228":{"name":"孟庄村","next":0},"110116003229":{"name":"兴隆庄村","next":0},"110116003230":{"name":"卧龙岗村","next":0}}