{"110102017001":{"name":"西便门西里社区","next":0},"110102017002":{"name":"西便门东里社区","next":0},"110102017003":{"name":"槐柏树街北里社区","next":0},"110102017004":{"name":"长椿街西社区","next":0},"110102017005":{"name":"槐柏树街南里社区","next":0},"110102017006":{"name":"核桃园社区","next":0},"110102017007":{"name":"报国寺社区","next":0},"110102017008":{"name":"上斜街社区","next":0},"110102017009":{"name":"宣武门西大街社区","next":0},"110102017010":{"name":"三庙街社区","next":0},"110102017011":{"name":"康乐里社区","next":0},"110102017012":{"name":"广安东里社区","next":0},"110102017013":{"name":"大街东社区","next":0},"110102017014":{"name":"老墙根社区","next":0},"110102017015":{"name":"长椿街社区","next":0},"110102017016":{"name":"西便门内社区","next":0},"110102017017":{"name":"长椿里社区","next":0},"110102017018":{"name":"校场社区","next":0}}