{"110113011001":{"name":"蓝星花园社区","next":0},"110113011002":{"name":"万科城市花园社区","next":0},"110113011003":{"name":"裕祥花园社区","next":0},"110113011004":{"name":"三山新新家园社区","next":0},"110113011005":{"name":"天房第一社区","next":0},"110113011006":{"name":"天房第二社区","next":0},"110113011007":{"name":"莲竹花园社区","next":0},"110113011008":{"name":"莫奈花园社区","next":0},"110113011009":{"name":"吉祥花园社区","next":0},"110113011010":{"name":"翠竹新村第一社区","next":0},"110113011011":{"name":"翠竹新村第二社区","next":0},"110113011012":{"name":"双龙源社区","next":0},"110113011013":{"name":"天竺新新家园社区","next":0},"110113011014":{"name":"中粮祥云社区","next":0},"110113011015":{"name":"香蜜湾社区","next":0},"110113011016":{"name":"誉天下社区","next":0},"110113011017":{"name":"天竺花园社区","next":0},"110113011018":{"name":"满庭芳社区","next":0},"110113011019":{"name":"嘉园社区","next":0},"110113011020":{"name":"首航社区","next":0},"110113011201":{"name":"西白辛庄村","next":0},"110113011202":{"name":"燕王庄村","next":0},"110113011203":{"name":"西田各庄村","next":0},"110113011204":{"name":"东庄村","next":0},"110113011205":{"name":"花梨坎村","next":0},"110113011206":{"name":"薛大人庄村","next":0},"110113011207":{"name":"前沙峪村","next":0},"110113011208":{"name":"吉祥庄村","next":0}}