{"110115109200":{"name":"六合庄村","next":0},"110115109201":{"name":"马村","next":0},"110115109202":{"name":"新立村","next":0},"110115109203":{"name":"罗奇营村","next":0},"110115109204":{"name":"砖楼村","next":0},"110115109205":{"name":"桑马房村","next":0},"110115109206":{"name":"八家村","next":0},"110115109207":{"name":"北臧村","next":0},"110115109208":{"name":"天宫院村","next":0},"110115109209":{"name":"西大营村","next":0},"110115109210":{"name":"周庄子村","next":0},"110115109211":{"name":"中臧村","next":0},"110115109212":{"name":"大臧村","next":0},"110115109213":{"name":"赵家场村","next":0},"110115109214":{"name":"巴园子村","next":0},"110115109215":{"name":"诸葛营村","next":0},"110115109216":{"name":"西王庄村","next":0},"110115109217":{"name":"皮各庄一村","next":0},"110115109218":{"name":"皮各庄二村","next":0},"110115109219":{"name":"皮各庄三村","next":0},"110115109220":{"name":"梨园村","next":0},"110115109221":{"name":"前管营村","next":0},"110115109222":{"name":"北高各庄村","next":0}}