{"110117111200":{"name":"大兴庄村","next":0},"110117111201":{"name":"鲁各庄村","next":0},"110117111202":{"name":"白各庄村","next":0},"110117111203":{"name":"北城子村","next":0},"110117111204":{"name":"东柏店村","next":0},"110117111205":{"name":"北埝头村","next":0},"110117111206":{"name":"唐庄子村","next":0},"110117111207":{"name":"西柏店村","next":0},"110117111208":{"name":"周庄子村","next":0},"110117111209":{"name":"韩屯村","next":0},"110117111210":{"name":"吉卧村","next":0},"110117111211":{"name":"良庄子村","next":0},"110117111212":{"name":"三福庄村","next":0},"110117111213":{"name":"陈良屯村","next":0},"110117111214":{"name":"西石桥村","next":0},"110117111215":{"name":"东石桥村","next":0},"110117111216":{"name":"管家庄村","next":0},"110117111217":{"name":"周村","next":0}}