{"110117001001":{"name":"金谷东园社区","next":0},"110117001002":{"name":"平粮社区","next":0},"110117001003":{"name":"向阳社区","next":0},"110117001004":{"name":"金谷园社区","next":0},"110117001005":{"name":"承平园社区","next":0},"110117001006":{"name":"北小区社区","next":0},"110117001007":{"name":"建西社区","next":0},"110117001008":{"name":"南小区社区","next":0},"110117001009":{"name":"滨河社区","next":0},"110117001010":{"name":"金海社区","next":0},"110117001011":{"name":"建南社区","next":0},"110117001012":{"name":"府前社区","next":0},"110117001015":{"name":"林荫家园社区","next":0}}