{"110113004002":{"name":"双裕西区社区","next":0},"110113004003":{"name":"香花畦社区","next":0},"110113004004":{"name":"江山赋社区","next":0},"110113004005":{"name":"双裕东区社区","next":0},"110113004201":{"name":"西泗上村","next":0},"110113004202":{"name":"古城村","next":0},"110113004203":{"name":"罗各庄村","next":0},"110113004208":{"name":"马头庄村","next":0},"110113004209":{"name":"后沙峪村","next":0},"110113004212":{"name":"火神营村","next":0},"110113004213":{"name":"铁匠营村","next":0},"110113004214":{"name":"枯柳树村","next":0},"110113004215":{"name":"回民营村","next":0},"110113004216":{"name":"董各庄村","next":0}}