{"110114012001":{"name":"佰嘉城社区","next":0},"110114012002":{"name":"龙华园二区社区","next":0},"110114012003":{"name":"龙华园社区","next":0},"110114012004":{"name":"慧华苑社区","next":0},"110114012005":{"name":"通达园社区","next":0},"110114012006":{"name":"龙泽苑社区","next":0},"110114012007":{"name":"龙泽苑东区社区","next":0},"110114012008":{"name":"龙腾苑二区社区","next":0},"110114012009":{"name":"龙腾苑三区社区","next":0},"110114012010":{"name":"龙腾苑四区社区","next":0},"110114012011":{"name":"龙腾苑五区社区","next":0},"110114012012":{"name":"龙腾苑六区社区","next":0},"110114012013":{"name":"云趣园社区","next":0},"110114012014":{"name":"风雅园社区","next":0},"110114012015":{"name":"龙禧苑社区","next":0},"110114012016":{"name":"龙禧苑二区社区","next":0},"110114012017":{"name":"龙锦苑二区社区","next":0},"110114012018":{"name":"龙锦苑四区社区","next":0},"110114012019":{"name":"龙锦苑五区社区","next":0},"110114012020":{"name":"龙锦苑六区社区","next":0},"110114012021":{"name":"龙跃苑一区社区","next":0},"110114012022":{"name":"龙跃苑二区社区","next":0},"110114012023":{"name":"龙跃苑三区社区","next":0},"110114012024":{"name":"龙跃苑四区社区","next":0},"110114012025":{"name":"龙跃苑东二区社区","next":0},"110114012026":{"name":"龙跃苑东四五社区","next":0},"110114012027":{"name":"北郊农场社区","next":0},"110114012028":{"name":"天龙苑社区","next":0},"110114012029":{"name":"北店嘉园社区","next":0},"110114012030":{"name":"良庄家园社区","next":0},"110114012031":{"name":"智慧社社区","next":0},"110114012032":{"name":"国仕汇社区","next":0},"110114012033":{"name":"国风美唐社区","next":0},"110114012034":{"name":"天露园社区","next":0},"110114012201":{"name":"三合庄村","next":0}}