{"110117104200":{"name":"南独乐河村","next":0},"110117104201":{"name":"北独乐河村","next":0},"110117104202":{"name":"刘家河村","next":0},"110117104203":{"name":"峨嵋山村","next":0},"110117104204":{"name":"北寨村","next":0},"110117104205":{"name":"公爷坟村","next":0},"110117104206":{"name":"峰台村","next":0},"110117104207":{"name":"张辛庄村","next":0},"110117104208":{"name":"望马台村","next":0},"110117104209":{"name":"甘营村","next":0},"110117104210":{"name":"南山村","next":0},"110117104211":{"name":"新农村","next":0},"110117104212":{"name":"新立村","next":0}}