{"110116004001":{"name":"新村社区","next":0},"110116004002":{"name":"柏泉社区","next":0},"110116004201":{"name":"乐园庄村","next":0},"110116004202":{"name":"陈各庄村","next":0},"110116004203":{"name":"下庄村","next":0},"110116004204":{"name":"范各庄村","next":0},"110116004205":{"name":"永乐庄村","next":0},"110116004206":{"name":"北台下村","next":0},"110116004207":{"name":"北台上村","next":0},"110116004208":{"name":"下辛庄村","next":0},"110116004209":{"name":"泉水头村","next":0},"110116004210":{"name":"柏崖厂村","next":0},"110116004211":{"name":"长元村","next":0},"110116004212":{"name":"莲花池村","next":0},"110116004213":{"name":"神堂峪村","next":0},"110116004214":{"name":"官地村","next":0},"110116004215":{"name":"石片村","next":0},"110116004216":{"name":"北湾村","next":0},"110116004217":{"name":"大地村","next":0},"110116004218":{"name":"头道梁村","next":0},"110116004219":{"name":"西栅子村","next":0},"110116004220":{"name":"八道河村","next":0},"110116004221":{"name":"交界河村","next":0}}