{"110115106200":{"name":"龙头村","next":0},"110115106201":{"name":"王庄村","next":0},"110115106202":{"name":"西段家务村","next":0},"110115106203":{"name":"东段家务村","next":0},"110115106204":{"name":"平地村","next":0},"110115106205":{"name":"河北头村","next":0},"110115106206":{"name":"小刘各庄村","next":0},"110115106207":{"name":"伍各庄村","next":0},"110115106208":{"name":"内官庄村","next":0},"110115106209":{"name":"佃子村","next":0},"110115106210":{"name":"孙家营村","next":0},"110115106211":{"name":"赵家园村","next":0},"110115106212":{"name":"紫各庄村","next":0},"110115106213":{"name":"小马坊村","next":0},"110115106214":{"name":"礼贤一村","next":0},"110115106215":{"name":"礼贤二村","next":0},"110115106216":{"name":"礼贤三村","next":0},"110115106217":{"name":"田家营村","next":0},"110115106218":{"name":"西里河村","next":0},"110115106219":{"name":"祁各庄村","next":0},"110115106220":{"name":"李各庄村","next":0},"110115106221":{"name":"荆家务村","next":0},"110115106222":{"name":"柏树庄村","next":0},"110115106223":{"name":"王化庄村","next":0},"110115106224":{"name":"辛家安村","next":0},"110115106225":{"name":"大马坊村","next":0},"110115106226":{"name":"东黄垡村","next":0},"110115106227":{"name":"贺北村","next":0},"110115106228":{"name":"西白疃村","next":0},"110115106229":{"name":"东白疃村","next":0},"110115106230":{"name":"苑南村","next":0},"110115106231":{"name":"后杨各庄村","next":0},"110115106232":{"name":"前杨各庄村","next":0},"110115106233":{"name":"黎明村","next":0},"110115106234":{"name":"宏升村","next":0},"110115106235":{"name":"中心村","next":0},"110115106236":{"name":"昕升村","next":0},"110115106237":{"name":"东安村","next":0},"110115106238":{"name":"西郏河村","next":0},"110115106239":{"name":"东郏河村","next":0},"110115106240":{"name":"石柱子村","next":0},"110115106241":{"name":"董各庄村","next":0},"110115106242":{"name":"西梁各庄村","next":0},"110115106243":{"name":"东梁各庄村","next":0},"110115106244":{"name":"贺南村","next":0}}