{"110106013001":{"name":"芳古园一区第一社区","next":0},"110106013002":{"name":"芳古园一区第二社区","next":0},"110106013003":{"name":"芳古园二区社区","next":0},"110106013004":{"name":"芳城园一区社区","next":0},"110106013005":{"name":"芳城园二区社区","next":0},"110106013006":{"name":"芳城园三区社区","next":0},"110106013007":{"name":"芳群园一区社区","next":0},"110106013008":{"name":"芳群园二区社区","next":0},"110106013009":{"name":"芳群园三区社区","next":0},"110106013010":{"name":"芳群园四区社区","next":0},"110106013011":{"name":"芳星园一区社区","next":0},"110106013012":{"name":"芳星园二区社区","next":0},"110106013013":{"name":"芳星园三区社区","next":0},"110106013014":{"name":"芳城东里社区","next":0},"110106013015":{"name":"紫芳园社区","next":0},"110106013016":{"name":"紫芳园南里社区","next":0}}