{"110113003003":{"name":"太阳城社区","next":0},"110113003201":{"name":"石各庄村","next":0},"110113003202":{"name":"前进村","next":0},"110113003203":{"name":"复兴村","next":0},"110113003204":{"name":"太平村","next":0},"110113003211":{"name":"沙坨村","next":0},"110113003212":{"name":"河南村","next":0},"110113003213":{"name":"胡各庄村","next":0},"110113003216":{"name":"塔河村","next":0},"110113003218":{"name":"米各庄村","next":0},"110113003219":{"name":"窑坡村","next":0},"110113003220":{"name":"陶家坟村","next":0},"110113003221":{"name":"平各庄村","next":0},"110113003222":{"name":"北兴村","next":0},"110113003224":{"name":"临河村","next":0}}