{"110112003001":{"name":"新华西街社区","next":0},"110112003002":{"name":"中山街社区","next":0},"110112003003":{"name":"复兴南里社区","next":0},"110112003004":{"name":"北苑桥社区","next":0},"110112003005":{"name":"后南仓社区","next":0},"110112003006":{"name":"锦园社区","next":0},"110112003007":{"name":"新城南街社区","next":0},"110112003009":{"name":"帅府社区","next":0},"110112003011":{"name":"玉带路社区","next":0},"110112003012":{"name":"西关社区","next":0},"110112003013":{"name":"五里店社区","next":0},"110112003014":{"name":"长桥园社区","next":0},"110112003015":{"name":"新北苑社区","next":0},"110112003016":{"name":"果园西社区","next":0},"110112003017":{"name":"新华联家园北区社区","next":0},"110112003018":{"name":"滨惠南三街社区","next":0},"110112003019":{"name":"京贸国际社区","next":0},"110112003020":{"name":"天时名苑社区","next":0},"110112003021":{"name":"广通社区","next":0}}