{"110116107001":{"name":"汤河口社区","next":0},"110116107201":{"name":"小梁前村","next":0},"110116107202":{"name":"二号沟门村","next":0},"110116107203":{"name":"黄花甸子村","next":0},"110116107204":{"name":"许营村","next":0},"110116107205":{"name":"银河沟村","next":0},"110116107206":{"name":"大栅子村","next":0},"110116107207":{"name":"庄户沟门村","next":0},"110116107208":{"name":"东帽湾村","next":0},"110116107209":{"name":"西帽湾村","next":0},"110116107210":{"name":"大榆树村","next":0},"110116107211":{"name":"新地村","next":0},"110116107212":{"name":"汤河口村","next":0},"110116107213":{"name":"河东村","next":0},"110116107214":{"name":"大蒲池沟村","next":0},"110116107215":{"name":"连石沟村","next":0},"110116107216":{"name":"古石沟门村","next":0},"110116107217":{"name":"东黄梁村","next":0},"110116107218":{"name":"卜营村","next":0},"110116107219":{"name":"大黄塘村","next":0},"110116107220":{"name":"小黄塘村","next":0},"110116107221":{"name":"后安岭村","next":0},"110116107222":{"name":"东湾子村","next":0}}