{"110111009001":{"name":"周口店社区","next":0},"110111009002":{"name":"长沟峪社区","next":0},"110111009003":{"name":"金巢社区","next":0},"110111009004":{"name":"红光社区","next":0},"110111009005":{"name":"鑫山社区","next":0},"110111009200":{"name":"南韩继村","next":0},"110111009201":{"name":"瓦井村","next":0},"110111009202":{"name":"新街村","next":0},"110111009203":{"name":"大韩继村","next":0},"110111009204":{"name":"辛庄村","next":0},"110111009205":{"name":"周口村","next":0},"110111009206":{"name":"云峰寺村","next":0},"110111009207":{"name":"周口店村","next":0},"110111009208":{"name":"娄子水村","next":0},"110111009209":{"name":"拴马庄村","next":0},"110111009210":{"name":"黄院村","next":0},"110111009211":{"name":"龙宝峪村","next":0},"110111009212":{"name":"黄山店村","next":0},"110111009213":{"name":"黄元寺村","next":0},"110111009214":{"name":"良各庄村","next":0},"110111009215":{"name":"西庄村","next":0},"110111009216":{"name":"车厂村","next":0},"110111009217":{"name":"涞沥水村","next":0},"110111009218":{"name":"泗马沟村","next":0},"110111009219":{"name":"北下寺村","next":0},"110111009220":{"name":"葫芦棚村","next":0},"110111009221":{"name":"长流水村","next":0},"110111009222":{"name":"山口村","next":0},"110111009223":{"name":"官地村","next":0}}