{"110105032001":{"name":"新街坊社区","next":0},"110105032009":{"name":"立城苑社区","next":0},"110105032013":{"name":"北苑一号院社区","next":0},"110105032014":{"name":"北苑二号院社区","next":0},"110105032015":{"name":"北苑三号院社区","next":0},"110105032016":{"name":"北苑家园清友园社区","next":0},"110105032017":{"name":"北苑家园绣菊园社区","next":0},"110105032018":{"name":"北苑家园紫绶园社区","next":0},"110105032019":{"name":"朝来绿色家园社区","next":0},"110105032020":{"name":"时代庄园社区","next":0},"110105032021":{"name":"青年城社区","next":0},"110105032022":{"name":"莲葩园社区","next":0},"110105032023":{"name":"茉藜园社区","next":0},"110105032024":{"name":"黄金苑社区","next":0},"110105032025":{"name":"立清路第一社区","next":0},"110105032026":{"name":"广达路社区","next":0},"110105032027":{"name":"清苑路第一社区","next":0},"110105032028":{"name":"红军营社区","next":0},"110105032029":{"name":"北卫家园社区","next":0},"110105032030":{"name":"清河营中路社区","next":0},"110105032031":{"name":"清苑路第二社区","next":0},"110105032032":{"name":"清苑路第三社区","next":0},"110105032033":{"name":"北苑社区","next":0},"110105032034":{"name":"清苑路第四社区","next":0},"110105032201":{"name":"红军营村","next":0},"110105032202":{"name":"北湖渠村","next":0},"110105032203":{"name":"来广营村","next":0},"110105032204":{"name":"新生村","next":0},"110105032205":{"name":"清河营村","next":0}}