{"110116001000":{"name":"泉河街道","next":1},"110116002000":{"name":"龙山街道","next":1},"110116003000":{"name":"怀柔地区","next":1},"110116004000":{"name":"雁栖地区","next":1},"110116005000":{"name":"庙城地区","next":1},"110116102000":{"name":"北房镇","next":1},"110116103000":{"name":"杨宋镇","next":1},"110116105000":{"name":"桥梓镇","next":1},"110116106000":{"name":"怀北镇","next":1},"110116107000":{"name":"汤河口镇","next":1},"110116108000":{"name":"渤海镇","next":1},"110116109000":{"name":"九渡河镇","next":1},"110116110000":{"name":"琉璃庙镇","next":1},"110116111000":{"name":"宝山镇","next":1},"110116211000":{"name":"长哨营满族乡","next":1},"110116213000":{"name":"喇叭沟门满族乡","next":1},"110116400000":{"name":"北京雁栖经济开发区","next":1}}