{"110114002001":{"name":"十一条社区","next":0},"110114002004":{"name":"兴隆街社区","next":0},"110114002006":{"name":"隆盛街社区","next":0},"110114002008":{"name":"水厂路社区","next":0},"110114002012":{"name":"南口村社区","next":0},"110114002013":{"name":"新兴路社区","next":0},"110114002014":{"name":"玻璃公司社区","next":0},"110114002015":{"name":"南厂东社区","next":0},"110114002016":{"name":"南厂西社区","next":0},"110114002017":{"name":"保温瓶公司社区","next":0},"110114002018":{"name":"南农社区","next":0},"110114002201":{"name":"太平庄村","next":0},"110114002202":{"name":"虎峪村","next":0},"110114002203":{"name":"陈庄村","next":0},"110114002204":{"name":"红泥沟村","next":0},"110114002205":{"name":"雪山村","next":0},"110114002206":{"name":"龙虎台村","next":0},"110114002207":{"name":"燕磨峪村","next":0},"110114002208":{"name":"七间房村","next":0},"110114002209":{"name":"辛力庄村","next":0},"110114002210":{"name":"南口村","next":0},"110114002211":{"name":"龙潭村","next":0},"110114002212":{"name":"居庸关村","next":0},"110114002213":{"name":"羊台子村","next":0},"110114002214":{"name":"马庄村","next":0},"110114002215":{"name":"南口镇村","next":0},"110114002216":{"name":"马坊村","next":0},"110114002217":{"name":"后桃洼村","next":0},"110114002218":{"name":"前桃洼村","next":0},"110114002219":{"name":"长水峪村","next":0},"110114002220":{"name":"檀峪村","next":0},"110114002221":{"name":"王庄村","next":0},"110114002222":{"name":"曹庄村","next":0},"110114002223":{"name":"花塔村","next":0},"110114002224":{"name":"兴隆口村","next":0},"110114002225":{"name":"新元村","next":0},"110114002226":{"name":"东李庄村","next":0},"110114002227":{"name":"西李庄村","next":0},"110114002228":{"name":"响潭村","next":0}}