{"110111110200":{"name":"大峪沟村","next":0},"110111110201":{"name":"北白岱村","next":0},"110111110202":{"name":"蔡家口村","next":0},"110111110203":{"name":"东关上村","next":0},"110111110204":{"name":"三合庄村","next":0},"110111110205":{"name":"瓦沟村","next":0},"110111110206":{"name":"千河口村","next":0},"110111110207":{"name":"穆家口村","next":0},"110111110208":{"name":"广录庄村","next":0},"110111110209":{"name":"南白岱村","next":0},"110111110210":{"name":"西白岱村","next":0},"110111110211":{"name":"史各庄村","next":0},"110111110212":{"name":"张坊村","next":0},"110111110213":{"name":"片上村","next":0},"110111110214":{"name":"下寺村","next":0}}