{"110119107001":{"name":"千家店镇社区","next":0},"110119107200":{"name":"河口村","next":0},"110119107201":{"name":"石槽村","next":0},"110119107202":{"name":"红石湾村","next":0},"110119107203":{"name":"千家店村","next":0},"110119107204":{"name":"河南村","next":0},"110119107205":{"name":"下德龙湾村","next":0},"110119107206":{"name":"水头村","next":0},"110119107207":{"name":"大石窑村","next":0},"110119107208":{"name":"红旗甸村","next":0},"110119107209":{"name":"六道河村","next":0},"110119107210":{"name":"大栜树村","next":0},"110119107211":{"name":"沙梁子村","next":0},"110119107212":{"name":"四潭沟村","next":0},"110119107213":{"name":"下湾村","next":0},"110119107214":{"name":"菜木沟村","next":0},"110119107215":{"name":"牤牛沟村","next":0},"110119107216":{"name":"水泉沟村","next":0},"110119107217":{"name":"花盆村","next":0},"110119107218":{"name":"平台子村","next":0}}