{"110114120201":{"name":"黑山寨村","next":0},"110114120202":{"name":"沙岭村","next":0},"110114120203":{"name":"望宝川村","next":0},"110114120204":{"name":"慈悲峪村","next":0},"110114120205":{"name":"南庄村","next":0},"110114120206":{"name":"分水岭村","next":0},"110114120207":{"name":"辛庄村","next":0},"110114120208":{"name":"北庄村","next":0},"110114120209":{"name":"下庄村","next":0},"110114120210":{"name":"上庄村","next":0},"110114120211":{"name":"海字村","next":0},"110114120212":{"name":"西湖村","next":0},"110114120213":{"name":"湖门村","next":0},"110114120214":{"name":"连山石村","next":0},"110114120215":{"name":"花果山村","next":0},"110114120216":{"name":"木厂村","next":0},"110114120217":{"name":"百合村","next":0}}