{"110115104001":{"name":"育星苑社区","next":0},"110115104002":{"name":"波尔多社区","next":0},"110115104003":{"name":"满庭春社区","next":0},"110115104200":{"name":"大黑垡村","next":0},"110115104201":{"name":"宁家湾村","next":0},"110115104202":{"name":"北辛店村","next":0},"110115104203":{"name":"南辛店一村","next":0},"110115104204":{"name":"南辛店二村","next":0},"110115104205":{"name":"北山东村","next":0},"110115104206":{"name":"北营村","next":0},"110115104207":{"name":"西营一村","next":0},"110115104208":{"name":"西营二村","next":0},"110115104209":{"name":"西营三村","next":0},"110115104210":{"name":"西营四村","next":0},"110115104211":{"name":"东营一村","next":0},"110115104212":{"name":"东营二村","next":0},"110115104213":{"name":"南营二村","next":0},"110115104214":{"name":"南三一村","next":0},"110115104215":{"name":"南三二村","next":0},"110115104216":{"name":"南三三村","next":0},"110115104217":{"name":"南山东营一村","next":0},"110115104218":{"name":"南山东营二村","next":0},"110115104219":{"name":"施家务村","next":0},"110115104220":{"name":"西辛庄村","next":0},"110115104221":{"name":"东庄村","next":0},"110115104222":{"name":"后甫村","next":0},"110115104223":{"name":"前甫村","next":0},"110115104224":{"name":"屯留营村","next":0},"110115104225":{"name":"岳街村","next":0},"110115104226":{"name":"邵各庄村","next":0},"110115104227":{"name":"下黎城村","next":0},"110115104228":{"name":"沙窝营村","next":0},"110115104229":{"name":"潘铁营村","next":0},"110115104230":{"name":"辛庄营村","next":0},"110115104231":{"name":"韩营村","next":0},"110115104232":{"name":"铜佛寺村","next":0},"110115104233":{"name":"广佛寺村","next":0},"110115104234":{"name":"包头营村","next":0},"110115104235":{"name":"大皮营一村","next":0},"110115104236":{"name":"大皮营二村","next":0},"110115104237":{"name":"大皮营三村","next":0},"110115104238":{"name":"小皮营村","next":0},"110115104239":{"name":"杨堤村","next":0},"110115104240":{"name":"利市营村","next":0},"110115104241":{"name":"东潞州村","next":0},"110115104242":{"name":"大同营村","next":0},"110115104243":{"name":"山西营村","next":0},"110115104244":{"name":"大里庄村","next":0},"110115104245":{"name":"东半壁店村","next":0},"110115104246":{"name":"倪家村","next":0},"110115104247":{"name":"龙门庄村","next":0},"110115104248":{"name":"张各庄村","next":0},"110115104249":{"name":"哱啰庄村","next":0},"110115104250":{"name":"康营村","next":0},"110115104251":{"name":"延寿营村","next":0},"110115104252":{"name":"庙洼营村","next":0},"110115104253":{"name":"凤河营村","next":0},"110115104254":{"name":"沙窝店村","next":0},"110115104401":{"name":"北京采育经济开发区","next":0}}