{"110112114001":{"name":"定海园一里社区","next":0},"110112114002":{"name":"定海园二里社区","next":0},"110112114201":{"name":"台湖村","next":0},"110112114202":{"name":"铺头村","next":0},"110112114203":{"name":"朱家垡村","next":0},"110112114204":{"name":"田家府村","next":0},"110112114205":{"name":"前营村","next":0},"110112114206":{"name":"口子村","next":0},"110112114207":{"name":"江场村","next":0},"110112114208":{"name":"胡家垡村","next":0},"110112114209":{"name":"周坡庄村","next":0},"110112114210":{"name":"外郎营村","next":0},"110112114211":{"name":"玉甫上营村","next":0},"110112114212":{"name":"蒋辛庄村","next":0},"110112114213":{"name":"东下营村","next":0},"110112114214":{"name":"西下营村","next":0},"110112114215":{"name":"北火垡村","next":0},"110112114216":{"name":"唐大庄村","next":0},"110112114217":{"name":"北姚园村","next":0},"110112114218":{"name":"碱厂村","next":0},"110112114219":{"name":"尖垡村","next":0},"110112114220":{"name":"兴武林村","next":0},"110112114221":{"name":"窑上村","next":0},"110112114222":{"name":"次一村","next":0},"110112114223":{"name":"次二村","next":0},"110112114224":{"name":"垛子村","next":0},"110112114225":{"name":"永隆屯村","next":0},"110112114226":{"name":"桂家坟村","next":0},"110112114227":{"name":"大地村","next":0},"110112114228":{"name":"徐庄村","next":0},"110112114229":{"name":"新河村","next":0},"110112114230":{"name":"高古庄村","next":0},"110112114231":{"name":"桑元村","next":0},"110112114232":{"name":"水南村","next":0},"110112114233":{"name":"董村","next":0},"110112114234":{"name":"北神树村","next":0},"110112114235":{"name":"丁庄村","next":0},"110112114236":{"name":"白庄村","next":0},"110112114237":{"name":"马庄村","next":0},"110112114240":{"name":"东石村","next":0},"110112114241":{"name":"麦庄村","next":0},"110112114242":{"name":"西太平庄村","next":0},"110112114246":{"name":"北小营村","next":0}}