{"110113106001":{"name":"彩丰社区","next":0},"110113106201":{"name":"前薛各庄村","next":0},"110113106202":{"name":"后薛各庄村","next":0},"110113106203":{"name":"南彩村","next":0},"110113106204":{"name":"坞里村","next":0},"110113106205":{"name":"双营村","next":0},"110113106206":{"name":"小营村","next":0},"110113106207":{"name":"洼里村","next":0},"110113106208":{"name":"望渠村","next":0},"110113106209":{"name":"道仙庄村","next":0},"110113106210":{"name":"东江头村","next":0},"110113106211":{"name":"西江头村","next":0},"110113106212":{"name":"于辛庄村","next":0},"110113106213":{"name":"大兴庄村","next":0},"110113106214":{"name":"太平庄村","next":0},"110113106215":{"name":"水屯村","next":0},"110113106216":{"name":"九王庄村","next":0},"110113106217":{"name":"前俸伯村","next":0},"110113106218":{"name":"后俸伯村","next":0},"110113106219":{"name":"河北村","next":0},"110113106220":{"name":"杜刘庄村","next":0},"110113106221":{"name":"北彩村","next":0},"110113106222":{"name":"柳行村","next":0},"110113106223":{"name":"黄家场村","next":0},"110113106224":{"name":"桥头村","next":0},"110113106225":{"name":"前郝家疃村","next":0},"110113106226":{"name":"后郝家疃村","next":0}}