{"110113111201":{"name":"山里辛庄村","next":0},"110113111202":{"name":"七连庄村","next":0},"110113111203":{"name":"柳庄户村","next":0},"110113111204":{"name":"南坞村","next":0},"110113111205":{"name":"树行村","next":0},"110113111206":{"name":"张中坞村","next":0},"110113111207":{"name":"史中坞村","next":0},"110113111208":{"name":"丁甲庄村","next":0},"110113111209":{"name":"小北坞村","next":0},"110113111210":{"name":"大北坞村","next":0},"110113111211":{"name":"焦庄户村","next":0},"110113111212":{"name":"唐洞村","next":0},"110113111213":{"name":"龙湾屯村","next":0}}