{"110105019013":{"name":"一区社区","next":0},"110105019014":{"name":"二区社区","next":0},"110105019015":{"name":"三区社区","next":0},"110105019016":{"name":"东里社区","next":0},"110105019017":{"name":"西里社区","next":0},"110105019018":{"name":"北里社区","next":0},"110105019024":{"name":"翠城馨园社区","next":0},"110105019025":{"name":"翠城雅园社区","next":0},"110105019026":{"name":"翠城趣园社区","next":0},"110105019027":{"name":"翠城盛园社区","next":0},"110105019028":{"name":"翠城熙园社区","next":0},"110105019029":{"name":"双合家园社区","next":0},"110105019030":{"name":"翠城福园社区","next":0},"110105019031":{"name":"祁东家园社区","next":0}}