{"110108008001":{"name":"太平湖社区","next":0},"110108008002":{"name":"红联村社区","next":0},"110108008003":{"name":"志强南园社区","next":0},"110108008006":{"name":"新外大街23号院社区","next":0},"110108008007":{"name":"红联东村社区","next":0},"110108008008":{"name":"文慧园路社区","next":0},"110108008010":{"name":"志强北园社区","next":0},"110108008011":{"name":"学院南路社区","next":0},"110108008012":{"name":"蓟门里社区","next":0},"110108008013":{"name":"罗庄社区","next":0},"110108008014":{"name":"太月园社区","next":0},"110108008015":{"name":"首都体院社区","next":0},"110108008017":{"name":"索家坟社区","next":0},"110108008018":{"name":"红联北村社区","next":0},"110108008019":{"name":"今典花园社区","next":0},"110108008022":{"name":"学院南路32号社区","next":0},"110108008023":{"name":"索家坟第二社区","next":0},"110108008024":{"name":"邮电大学社区","next":0},"110108008025":{"name":"北太平庄社区","next":0},"110108008026":{"name":"北三环中路40号社区","next":0},"110108008029":{"name":"新街口外大街3号社区","next":0},"110108008030":{"name":"师范大学社区","next":0},"110108008031":{"name":"师大北路21号社区","next":0},"110108008032":{"name":"西土城路8号院社区","next":0},"110108008033":{"name":"冶建院社区","next":0},"110108008034":{"name":"明光村社区","next":0},"110108008035":{"name":"笑祖塔院社区","next":0},"110108008036":{"name":"明光北里社区","next":0},"110108008037":{"name":"时代之光社区","next":0},"110108008038":{"name":"政法大院社区","next":0},"110108008039":{"name":"明光村小区社区","next":0},"110108008040":{"name":"远洋风景社区","next":0},"110108008041":{"name":"文慧园社区","next":0},"110108008042":{"name":"罗庄东里社区","next":0},"110108008043":{"name":"天兆家园社区","next":0},"110108008044":{"name":"金晖嘉园社区","next":0},"110108008046":{"name":"锦秋知春社区","next":0}}