{"110119202001":{"name":"香营乡社区","next":0},"110119202200":{"name":"屈家窑村","next":0},"110119202201":{"name":"黑峪口村","next":0},"110119202202":{"name":"上垙村","next":0},"110119202203":{"name":"下垙村","next":0},"110119202204":{"name":"山底下村","next":0},"110119202205":{"name":"东白庙村","next":0},"110119202206":{"name":"孟官屯村","next":0},"110119202207":{"name":"小堡村","next":0},"110119202208":{"name":"香营村","next":0},"110119202209":{"name":"新庄堡村","next":0},"110119202210":{"name":"后所屯村","next":0},"110119202211":{"name":"里仁堡村","next":0},"110119202212":{"name":"聂庄村","next":0},"110119202213":{"name":"庄科村","next":0},"110119202214":{"name":"高家窑村","next":0},"110119202215":{"name":"小川村","next":0},"110119202216":{"name":"八道河村","next":0},"110119202217":{"name":"南窑村","next":0},"110119202218":{"name":"三道沟村","next":0},"110119202219":{"name":"东边村","next":0}}