{"110113010001":{"name":"五里仓第一社区","next":0},"110113010002":{"name":"五里仓第二社区","next":0},"110113010003":{"name":"石园西区社区","next":0},"110113010004":{"name":"石园东区社区","next":0},"110113010005":{"name":"石园北区第一社区","next":0},"110113010006":{"name":"石园北区第二社区","next":0},"110113010007":{"name":"石园南区社区","next":0},"110113010008":{"name":"轻汽集团社区","next":0},"110113010010":{"name":"燕京社区","next":0},"110113010012":{"name":"石园东苑社区","next":0},"110113010013":{"name":"港馨家园第一社区","next":0},"110113010014":{"name":"港馨家园第二社区","next":0},"110113010015":{"name":"石园北区第三社区","next":0},"110113010016":{"name":"仁和花园第一社区","next":0},"110113010017":{"name":"仁和花园第二社区","next":0}}