{"110116111201":{"name":"宝山寺村","next":0},"110116111202":{"name":"养渔池村","next":0},"110116111203":{"name":"超梁子村","next":0},"110116111204":{"name":"对石村","next":0},"110116111205":{"name":"西黄梁村","next":0},"110116111206":{"name":"盘道沟村","next":0},"110116111207":{"name":"西帽山村","next":0},"110116111208":{"name":"牛圈子村","next":0},"110116111209":{"name":"大黄木厂村","next":0},"110116111210":{"name":"小黄木厂村","next":0},"110116111211":{"name":"下坊村","next":0},"110116111212":{"name":"转年村","next":0},"110116111213":{"name":"杨树下村","next":0},"110116111214":{"name":"郑栅子村","next":0},"110116111215":{"name":"温栅子村","next":0},"110116111216":{"name":"下栅子村","next":0},"110116111217":{"name":"四道河村","next":0},"110116111218":{"name":"道德坑村","next":0},"110116111219":{"name":"阳坡村","next":0},"110116111220":{"name":"松树台村","next":0},"110116111221":{"name":"四道窝铺村","next":0},"110116111222":{"name":"碾子村","next":0},"110116111223":{"name":"菜树甸村","next":0},"110116111224":{"name":"三块石村","next":0},"110116111225":{"name":"江村","next":0}}