{"110102020001":{"name":"鸭子桥社区","next":0},"110102020002":{"name":"青年湖社区","next":0},"110102020003":{"name":"椿树馆社区","next":0},"110102020004":{"name":"白菜湾社区","next":0},"110102020005":{"name":"车站东街社区","next":0},"110102020006":{"name":"车站西街社区","next":0},"110102020007":{"name":"车站西街十五号院社区","next":0},"110102020008":{"name":"红居南街社区","next":0},"110102020009":{"name":"红居街社区","next":0},"110102020010":{"name":"手帕口南街社区","next":0},"110102020011":{"name":"朗琴园社区","next":0},"110102020012":{"name":"红莲南里社区","next":0},"110102020013":{"name":"红莲中里社区","next":0},"110102020014":{"name":"红莲北里社区","next":0},"110102020015":{"name":"湾子街社区","next":0},"110102020016":{"name":"马连道社区","next":0},"110102020017":{"name":"三义里社区","next":0},"110102020018":{"name":"马连道中里社区","next":0},"110102020019":{"name":"三义东里社区","next":0},"110102020020":{"name":"莲花河社区","next":0},"110102020021":{"name":"小马厂社区","next":0},"110102020022":{"name":"天宁寺北里社区","next":0},"110102020023":{"name":"天宁寺南里社区","next":0},"110102020024":{"name":"手帕口北街社区","next":0},"110102020025":{"name":"二热社区","next":0},"110102020026":{"name":"乐城社区","next":0},"110102020027":{"name":"荣丰社区","next":0},"110102020028":{"name":"依莲轩社区","next":0},"110102020029":{"name":"蝶翠华庭社区","next":0},"110102020030":{"name":"中新佳园社区","next":0},"110102020031":{"name":"茶马北街社区","next":0},"110102020032":{"name":"茶马南街社区","next":0},"110102020033":{"name":"广源社区","next":0},"110102020034":{"name":"京铁和园社区","next":0},"110102020035":{"name":"同乐园社区","next":0}}