{"110101015001":{"name":"东厅社区","next":0},"110101015002":{"name":"葱店社区","next":0},"110101015003":{"name":"法华南里社区","next":0},"110101015004":{"name":"国家体育总局社区","next":0},"110101015005":{"name":"南岗子社区","next":0},"110101015006":{"name":"长青园社区","next":0},"110101015007":{"name":"双玉南街社区","next":0},"110101015008":{"name":"东玉北街社区","next":0},"110101015009":{"name":"西利社区","next":0},"110101015010":{"name":"西唐社区","next":0}}