{"110118108001":{"name":"高岭社区","next":0},"110118108002":{"name":"上甸子社区","next":0},"110118108200":{"name":"下会村","next":0},"110118108201":{"name":"辛庄村","next":0},"110118108202":{"name":"放马峪村","next":0},"110118108203":{"name":"高岭村","next":0},"110118108204":{"name":"高岭屯村","next":0},"110118108205":{"name":"白河涧村","next":0},"110118108206":{"name":"瑶亭村","next":0},"110118108207":{"name":"芹菜岭村","next":0},"110118108208":{"name":"东关村","next":0},"110118108209":{"name":"石匣村","next":0},"110118108210":{"name":"大屯村","next":0},"110118108211":{"name":"栗榛寨村","next":0},"110118108212":{"name":"四合村","next":0},"110118108213":{"name":"小开岭村","next":0},"110118108214":{"name":"大开岭村","next":0},"110118108215":{"name":"上甸子村","next":0},"110118108216":{"name":"下甸子村","next":0},"110118108217":{"name":"下河村","next":0},"110118108218":{"name":"郝家台村","next":0},"110118108219":{"name":"界牌峪村","next":0},"110118108220":{"name":"田庄村","next":0}}