{"110108001000":{"name":"万寿路街道","next":1},"110108002000":{"name":"永定路街道","next":1},"110108003000":{"name":"羊坊店街道","next":1},"110108004000":{"name":"甘家口街道","next":1},"110108005000":{"name":"八里庄街道","next":1},"110108006000":{"name":"紫竹院街道","next":1},"110108007000":{"name":"北下关街道","next":1},"110108008000":{"name":"北太平庄街道","next":1},"110108010000":{"name":"学院路街道","next":1},"110108011000":{"name":"中关村街道","next":1},"110108012000":{"name":"海淀街道","next":1},"110108013000":{"name":"青龙桥街道","next":1},"110108014000":{"name":"清华园街道","next":1},"110108015000":{"name":"燕园街道","next":1},"110108016000":{"name":"香山街道","next":1},"110108017000":{"name":"清河街道","next":1},"110108018000":{"name":"花园路街道","next":1},"110108019000":{"name":"西三旗街道","next":1},"110108020000":{"name":"马连洼街道","next":1},"110108021000":{"name":"田村路街道","next":1},"110108022000":{"name":"上地街道","next":1},"110108023000":{"name":"万柳地区","next":1},"110108024000":{"name":"东升地区","next":1},"110108025000":{"name":"曙光街道","next":1},"110108026000":{"name":"温泉地区","next":1},"110108027000":{"name":"四季青地区","next":1},"110108028000":{"name":"西北旺地区","next":1},"110108029000":{"name":"苏家坨地区","next":1},"110108030000":{"name":"上庄地区","next":1}}