{"110118112001":{"name":"宏城社区","next":0},"110118112200":{"name":"北沟村","next":0},"110118112201":{"name":"梯子峪村","next":0},"110118112202":{"name":"墙子路村","next":0},"110118112203":{"name":"南沟村","next":0},"110118112204":{"name":"下栅子村","next":0},"110118112205":{"name":"苍术会村","next":0},"110118112206":{"name":"柏崖村","next":0},"110118112207":{"name":"程各庄村","next":0},"110118112208":{"name":"庄户峪村","next":0},"110118112209":{"name":"张庄子村","next":0},"110118112210":{"name":"杨各庄村","next":0},"110118112211":{"name":"高庄子村","next":0},"110118112212":{"name":"大城子村","next":0},"110118112213":{"name":"聂家峪村","next":0},"110118112214":{"name":"方耳峪村","next":0},"110118112215":{"name":"后甸村","next":0},"110118112216":{"name":"王各庄村","next":0},"110118112217":{"name":"河下村","next":0},"110118112218":{"name":"庄头村","next":0},"110118112219":{"name":"大龙门村","next":0},"110118112220":{"name":"碰河寺村","next":0},"110118112221":{"name":"张泉村","next":0}}