{"110111107001":{"name":"房山矿社区","next":0},"110111107002":{"name":"黄土坡军工路社区","next":0},"110111107003":{"name":"惠景新苑社区","next":0},"110111107200":{"name":"磁家务村","next":0},"110111107201":{"name":"万佛堂村","next":0},"110111107202":{"name":"半壁店村","next":0},"110111107203":{"name":"黄土坡村","next":0},"110111107204":{"name":"三福村","next":0},"110111107205":{"name":"河东村","next":0},"110111107206":{"name":"东庄子村","next":0},"110111107207":{"name":"檀木港村","next":0},"110111107208":{"name":"三十亩地村","next":0},"110111107209":{"name":"东港村","next":0},"110111107210":{"name":"李各庄村","next":0},"110111107211":{"name":"河北村","next":0},"110111107212":{"name":"河南村","next":0},"110111107213":{"name":"辛庄村","next":0},"110111107214":{"name":"南道村","next":0},"110111107215":{"name":"杏元村","next":0},"110111107216":{"name":"口儿村","next":0},"110111107217":{"name":"他窖村","next":0},"110111107218":{"name":"南车营村","next":0}}