{"110114005001":{"name":"龙凤山砂石厂社区","next":0},"110114005002":{"name":"凉水河社区","next":0},"110114005003":{"name":"化庄社区","next":0},"110114005004":{"name":"山峡社区","next":0},"110114005005":{"name":"昌盛园社区","next":0},"110114005006":{"name":"郝庄家园北区社区","next":0},"110114005007":{"name":"拓然家苑社区","next":0},"110114005008":{"name":"水屯家园社区","next":0},"110114005009":{"name":"秋实家园社区","next":0},"110114005010":{"name":"新汇园社区","next":0},"110114005011":{"name":"畅春阁社区","next":0},"110114005012":{"name":"郝庄家园西区社区","next":0},"110114005013":{"name":"世涛天朗社区","next":0},"110114005014":{"name":"富泉花园社区","next":0},"110114005015":{"name":"介山社区","next":0},"110114005016":{"name":"龙山锦园社区","next":0},"110114005205":{"name":"水屯村","next":0},"110114005206":{"name":"南郝庄村","next":0},"110114005207":{"name":"旧县村","next":0},"110114005208":{"name":"北郝庄村","next":0},"110114005209":{"name":"邓庄村","next":0}}