{"110106004001":{"name":"西罗园南里社区","next":0},"110106004002":{"name":"西罗园南里果园社区","next":0},"110106004003":{"name":"西罗园南里华远社区","next":0},"110106004004":{"name":"海户屯社区","next":0},"110106004005":{"name":"木樨园南里社区","next":0},"110106004006":{"name":"东罗园社区","next":0},"110106004007":{"name":"南顶村社区","next":0},"110106004008":{"name":"南顶路社区","next":0},"110106004009":{"name":"康泽园社区","next":0},"110106004010":{"name":"时村社区","next":0},"110106004011":{"name":"石榴园北里第一社区","next":0},"110106004012":{"name":"石榴园北里第二社区","next":0},"110106004014":{"name":"石榴庄东街社区","next":0},"110106004015":{"name":"大红门东街社区","next":0},"110106004017":{"name":"苗圃东里社区","next":0},"110106004018":{"name":"苗圃西里社区","next":0},"110106004019":{"name":"西马场南里社区","next":0},"110106004020":{"name":"西马场北里社区","next":0},"110106004021":{"name":"西马小区社区","next":0},"110106004022":{"name":"建欣苑社区","next":0},"110106004023":{"name":"石榴园南里第一社区","next":0},"110106004024":{"name":"石榴园南里第二社区","next":0},"110106004025":{"name":"彩虹城社区","next":0},"110106004026":{"name":"怡然家园社区","next":0},"110106004027":{"name":"顶秀欣园社区","next":0},"110106004028":{"name":"远洋自然社区","next":0},"110106004029":{"name":"光彩路社区","next":0},"110106004030":{"name":"世华水岸社区","next":0},"110106004031":{"name":"彩虹城第二社区","next":0},"110106004032":{"name":"建欣苑东区社区","next":0},"110106004033":{"name":"金润家园社区","next":0},"110106004034":{"name":"石榴庄东街第二社区","next":0}}