{"110109006001":{"name":"南区社区","next":0},"110109006002":{"name":"北区社区","next":0},"110109006003":{"name":"永兴社区","next":0},"110109006004":{"name":"永安社区","next":0},"110109006005":{"name":"信园社区","next":0},"110109006006":{"name":"嘉园社区","next":0},"110109006007":{"name":"永兴嘉园社区","next":0},"110109006008":{"name":"小园一区社区","next":0},"110109006009":{"name":"小园二区社区","next":0},"110109006010":{"name":"小园三区社区","next":0},"110109006011":{"name":"曹各庄一区社区","next":0},"110109006012":{"name":"曹各庄二区社区","next":0},"110109006013":{"name":"曹各庄三区社区","next":0},"110109006014":{"name":"润西山社区","next":0},"110109006015":{"name":"梧桐苑社区","next":0},"110109006016":{"name":"丽景长安社区","next":0},"110109006017":{"name":"西悦嘉园社区","next":0},"110109006018":{"name":"京西嘉苑社区","next":0},"110109006019":{"name":"四季怡园社区","next":0},"110109006201":{"name":"上岸村","next":0},"110109006202":{"name":"桥户营村","next":0},"110109006203":{"name":"曹各庄村","next":0},"110109006204":{"name":"冯村","next":0},"110109006205":{"name":"艾洼村","next":0},"110109006206":{"name":"万佛堂村","next":0},"110109006207":{"name":"何各庄村","next":0},"110109006208":{"name":"石厂村","next":0},"110109006209":{"name":"岢罗坨村","next":0},"110109006210":{"name":"王村","next":0},"110109006211":{"name":"石门营村","next":0},"110109006212":{"name":"小园村","next":0},"110109006213":{"name":"栗元庄村","next":0},"110109006214":{"name":"卧龙岗村","next":0},"110109006215":{"name":"西辛称村","next":0},"110109006216":{"name":"东辛称村","next":0},"110109006217":{"name":"白庄子村","next":0},"110109006218":{"name":"四道桥村","next":0},"110109006219":{"name":"坝房子村","next":0},"110109006220":{"name":"侯庄子村","next":0},"110109006221":{"name":"贵石村","next":0},"110109006222":{"name":"卫星队村","next":0},"110109006223":{"name":"秋坡村","next":0},"110109006224":{"name":"石佛村","next":0}}