{"110115005001":{"name":"长丰园一区社区","next":0},"110115005002":{"name":"明春西园社区","next":0},"110115005003":{"name":"新凤社区","next":0},"110115005004":{"name":"长丰园三区社区","next":0},"110115005013":{"name":"金色漫香郡社区","next":0},"110115005015":{"name":"新兴家园社区","next":0},"110115005016":{"name":"浣溪谷社区","next":0},"110115005017":{"name":"格林雅苑社区","next":0},"110115005018":{"name":"华远和煦里社区","next":0},"110115005019":{"name":"悦景苑社区","next":0},"110115005020":{"name":"长丰园二区社区","next":0},"110115005200":{"name":"李营村","next":0},"110115005201":{"name":"前高米店村","next":0},"110115005202":{"name":"后高米店村","next":0},"110115005203":{"name":"小营村","next":0},"110115005204":{"name":"李庄子村","next":0},"110115005205":{"name":"南成庄村","next":0},"110115005206":{"name":"西黄村","next":0},"110115005207":{"name":"海户新村","next":0},"110115005208":{"name":"三合庄村","next":0},"110115005209":{"name":"饮马井村","next":0},"110115005210":{"name":"海子角村","next":0},"110115005211":{"name":"义和庄村","next":0},"110115005212":{"name":"大庄村","next":0},"110115005213":{"name":"埝坛村","next":0},"110115005214":{"name":"韩园子村","next":0},"110115005215":{"name":"前大营村","next":0},"110115005216":{"name":"狼各庄西村","next":0},"110115005217":{"name":"狼各庄东村","next":0},"110115005218":{"name":"西庄村","next":0},"110115005219":{"name":"高家铺村","next":0},"110115005220":{"name":"狼垡一村","next":0},"110115005221":{"name":"狼垡二村","next":0},"110115005222":{"name":"狼垡三村","next":0},"110115005223":{"name":"狼垡四村","next":0},"110115005224":{"name":"立垡村","next":0},"110115005225":{"name":"北程庄村","next":0},"110115005226":{"name":"西芦城村","next":0},"110115005227":{"name":"东芦城村","next":0},"110115005228":{"name":"康庄村","next":0},"110115005229":{"name":"鹅房村","next":0},"110115005230":{"name":"佟场村","next":0},"110115005231":{"name":"大洼村","next":0},"110115005232":{"name":"宋庄村","next":0},"110115005233":{"name":"后辛庄村","next":0},"110115005234":{"name":"前辛庄村","next":0},"110115005235":{"name":"太福庄村","next":0},"110115005236":{"name":"周村","next":0},"110115005237":{"name":"刘一村","next":0},"110115005238":{"name":"刘二村","next":0},"110115005239":{"name":"三间房村","next":0},"110115005240":{"name":"辛店村","next":0},"110115005241":{"name":"霍村","next":0},"110115005242":{"name":"邢各庄村","next":0},"110115005243":{"name":"西磁各庄村","next":0},"110115005244":{"name":"东磁各庄村","next":0},"110115005245":{"name":"王立庄村","next":0},"110115005246":{"name":"桂村","next":0},"110115005247":{"name":"李村","next":0},"110115005248":{"name":"孙村","next":0},"110115005249":{"name":"薄村","next":0},"110115005250":{"name":"侯村","next":0},"110115005251":{"name":"郭上坡村","next":0},"110115005401":{"name":"孙村工业区","next":0},"110115005402":{"name":"芦城工业区","next":0}}