{"110118001000":{"name":"鼓楼街道","next":1},"110118002000":{"name":"果园街道","next":1},"110118003000":{"name":"檀营地区","next":1},"110118100000":{"name":"密云镇","next":1},"110118101000":{"name":"溪翁庄镇","next":1},"110118102000":{"name":"西田各庄镇","next":1},"110118103000":{"name":"十里堡镇","next":1},"110118104000":{"name":"河南寨镇","next":1},"110118105000":{"name":"巨各庄镇","next":1},"110118106000":{"name":"穆家峪镇","next":1},"110118107000":{"name":"太师屯镇","next":1},"110118108000":{"name":"高岭镇","next":1},"110118109000":{"name":"不老屯镇","next":1},"110118110000":{"name":"冯家峪镇","next":1},"110118111000":{"name":"古北口镇","next":1},"110118112000":{"name":"大城子镇","next":1},"110118113000":{"name":"东邵渠镇","next":1},"110118114000":{"name":"北庄镇","next":1},"110118115000":{"name":"新城子镇","next":1},"110118116000":{"name":"石城镇","next":1},"110118400000":{"name":"北京密云经济开发区","next":1}}