{"110106011001":{"name":"南墙缝社区","next":0},"110106011002":{"name":"合成公社区","next":0},"110106011003":{"name":"东山坡社区","next":0},"110106011004":{"name":"北关社区","next":0},"110106011005":{"name":"西峰寺社区","next":0},"110106011006":{"name":"朱家坟南区社区","next":0},"110106011007":{"name":"朱家坟西山坡社区","next":0},"110106011008":{"name":"朱家坟北区社区","next":0},"110106011009":{"name":"张家坟社区","next":0},"110106011010":{"name":"赵辛店社区","next":0},"110106011011":{"name":"北岗洼社区","next":0},"110106011012":{"name":"崔村二里社区","next":0},"110106011013":{"name":"装甲兵工程学院社区","next":0},"110106011014":{"name":"建设里社区","next":0},"110106011015":{"name":"东南街社区","next":0},"110106011016":{"name":"陈庄社区","next":0},"110106011017":{"name":"光明里社区","next":0},"110106011018":{"name":"杜家坎社区","next":0},"110106011019":{"name":"玉皇庄社区","next":0},"110106011020":{"name":"二七车辆厂社区","next":0},"110106011021":{"name":"张郭庄社区","next":0},"110106011022":{"name":"槐树岭社区","next":0},"110106011023":{"name":"芦井社区","next":0},"110106011024":{"name":"装技所社区","next":0},"110106011025":{"name":"珠光嘉园社区","next":0},"110106011026":{"name":"珠光逸景社区","next":0},"110106011027":{"name":"红山郡社区","next":0},"110106011028":{"name":"长馨园社区","next":0},"110106011029":{"name":"中奥嘉园社区","next":0}}