{"110105029012":{"name":"平房社区","next":0},"110105029016":{"name":"富华家园社区","next":0},"110105029017":{"name":"姚家园西社区","next":0},"110105029018":{"name":"星河湾社区","next":0},"110105029019":{"name":"华纺易城社区","next":0},"110105029020":{"name":"国美家园社区","next":0},"110105029021":{"name":"雅成里社区","next":0},"110105029022":{"name":"定福家园南社区","next":0},"110105029024":{"name":"天鹅湾社区","next":0},"110105029026":{"name":"青年路社区","next":0},"110105029027":{"name":"姚家园东社区","next":0},"110105029028":{"name":"逸翠园社区","next":0},"110105029030":{"name":"泓鑫家园社区","next":0},"110105029200":{"name":"平房村","next":0},"110105029202":{"name":"姚家园村","next":0},"110105029203":{"name":"黄渠村","next":0},"110105029204":{"name":"石各庄村","next":0}}