{"110118002001":{"name":"康居社区","next":0},"110118002002":{"name":"新北路社区","next":0},"110118002003":{"name":"兴云社区","next":0},"110118002004":{"name":"果园西里社区","next":0},"110118002005":{"name":"果园新里社区","next":0},"110118002006":{"name":"果园新里北区社区","next":0},"110118002007":{"name":"密西花园社区","next":0},"110118002008":{"name":"季庄社区","next":0},"110118002009":{"name":"康馨雅苑社区","next":0},"110118002010":{"name":"瑞和园社区","next":0},"110118002011":{"name":"学府花园社区","next":0},"110118002012":{"name":"绿地社区","next":0},"110118002013":{"name":"福荣社区","next":0},"110118002014":{"name":"嘉益社区","next":0},"110118002015":{"name":"上河湾社区","next":0},"110118002016":{"name":"澜悦社区","next":0}}