{"110105028009":{"name":"前祁庄","next":0},"110105028010":{"name":"后祁庄","next":0},"110105028011":{"name":"白墙子","next":0},"110105028012":{"name":"六道口","next":0},"110105028013":{"name":"老君堂社区","next":0},"110105028014":{"name":"弘善寺","next":0},"110105028015":{"name":"弘善家园第二社区","next":0},"110105028016":{"name":"弘善家园第一社区","next":0},"110105028017":{"name":"弘善家园第三社区","next":0},"110105028018":{"name":"周庄嘉园第一社区","next":0},"110105028019":{"name":"十八里店第一社区","next":0},"110105028200":{"name":"十八里店村","next":0},"110105028201":{"name":"吕家营村","next":0},"110105028202":{"name":"十里河村","next":0},"110105028203":{"name":"周家庄村","next":0},"110105028204":{"name":"小武基村","next":0},"110105028205":{"name":"老君堂村","next":0},"110105028206":{"name":"横街子村","next":0},"110105028207":{"name":"西直河村","next":0}}