{"110116108201":{"name":"渤海所村","next":0},"110116108202":{"name":"景峪村","next":0},"110116108203":{"name":"龙泉庄村","next":0},"110116108204":{"name":"白木村","next":0},"110116108205":{"name":"沙峪村","next":0},"110116108206":{"name":"南冶村","next":0},"110116108207":{"name":"洞台村","next":0},"110116108208":{"name":"铁矿峪村","next":0},"110116108209":{"name":"大榛峪村","next":0},"110116108210":{"name":"庄户村","next":0},"110116108211":{"name":"三岔村","next":0},"110116108212":{"name":"兴隆城村","next":0},"110116108213":{"name":"六渡河村","next":0},"110116108214":{"name":"四渡河村","next":0},"110116108215":{"name":"三渡河村","next":0},"110116108216":{"name":"马道峪村","next":0},"110116108217":{"name":"苇店村","next":0},"110116108218":{"name":"辛营村","next":0},"110116108219":{"name":"北沟村","next":0},"110116108220":{"name":"田仙峪村","next":0},"110116108221":{"name":"慕田峪村","next":0}}