{"110119001000":{"name":"百泉街道","next":1},"110119002000":{"name":"香水园街道","next":1},"110119003000":{"name":"儒林街道","next":1},"110119100000":{"name":"延庆镇","next":1},"110119101000":{"name":"康庄镇","next":1},"110119102000":{"name":"八达岭镇","next":1},"110119103000":{"name":"永宁镇","next":1},"110119104000":{"name":"旧县镇","next":1},"110119105000":{"name":"张山营镇","next":1},"110119106000":{"name":"四海镇","next":1},"110119107000":{"name":"千家店镇","next":1},"110119108000":{"name":"沈家营镇","next":1},"110119109000":{"name":"大榆树镇","next":1},"110119110000":{"name":"井庄镇","next":1},"110119200000":{"name":"大庄科乡","next":1},"110119201000":{"name":"刘斌堡乡","next":1},"110119202000":{"name":"香营乡","next":1},"110119203000":{"name":"珍珠泉乡","next":1}}