{"110114115001":{"name":"燕城苑社区","next":0},"110114115002":{"name":"王府公寓社区","next":0},"110114115003":{"name":"望都家园社区","next":0},"110114115008":{"name":"温泉花园A区社区","next":0},"110114115009":{"name":"温泉花园B区社区","next":0},"110114115010":{"name":"西湖新村社区","next":0},"110114115011":{"name":"名佳花园社区","next":0},"110114115012":{"name":"名流花园社区","next":0},"110114115013":{"name":"蓬莱公寓社区","next":0},"110114115014":{"name":"北亚花园社区","next":0},"110114115015":{"name":"王府花园社区","next":0},"110114115016":{"name":"八仙别墅社区","next":0},"110114115017":{"name":"桃园公寓社区","next":0},"110114115018":{"name":"冠雅苑社区","next":0},"110114115019":{"name":"宏福苑社区","next":0},"110114115020":{"name":"美树假日嘉园社区","next":0},"110114115021":{"name":"望都新地社区","next":0},"110114115022":{"name":"宏福苑东区社区","next":0},"110114115023":{"name":"金色漫香苑社区","next":0},"110114115024":{"name":"枫树家园社区","next":0},"110114115201":{"name":"沟自头村","next":0},"110114115202":{"name":"北七家村","next":0},"110114115203":{"name":"岭上村","next":0},"110114115204":{"name":"鲁疃村","next":0},"110114115205":{"name":"东二旗村","next":0},"110114115206":{"name":"羊各庄村","next":0},"110114115207":{"name":"八仙庄村","next":0},"110114115208":{"name":"曹碾村","next":0},"110114115209":{"name":"白庙村","next":0},"110114115210":{"name":"东三旗村","next":0},"110114115211":{"name":"平西府村","next":0},"110114115212":{"name":"平坊村","next":0},"110114115213":{"name":"西沙各庄村","next":0},"110114115214":{"name":"郑各庄村","next":0},"110114115215":{"name":"东沙各庄村","next":0},"110114115216":{"name":"燕丹村","next":0},"110114115218":{"name":"歇甲庄村","next":0},"110114115220":{"name":"南七家庄村","next":0},"110114115221":{"name":"海鶄落村","next":0}}