{"110108025001":{"name":"曙光花园社区","next":0},"110108025002":{"name":"世纪城东区社区","next":0},"110108025003":{"name":"世纪城西区社区","next":0},"110108025004":{"name":"农科院社区","next":0},"110108025005":{"name":"武警总部蓝靛厂小区社区","next":0},"110108025008":{"name":"火器营第三社区","next":0},"110108025014":{"name":"上河村社区","next":0},"110108025015":{"name":"空军指挥学院社区","next":0},"110108025016":{"name":"怡丽北园社区","next":0},"110108025017":{"name":"诚品建筑社区","next":0},"110108025020":{"name":"世纪城晴雪园社区","next":0},"110108025021":{"name":"世纪城时雨园社区","next":0},"110108025022":{"name":"烟树园社区","next":0},"110108025023":{"name":"望塔园社区","next":0},"110108025024":{"name":"远大园社区","next":0},"110108025025":{"name":"晨月园社区","next":0},"110108025026":{"name":"金雅园社区","next":0}}