{"110108018001":{"name":"北航社区","next":0},"110108018002":{"name":"北医社区","next":0},"110108018004":{"name":"塔院干休所社区","next":0},"110108018005":{"name":"邮科社区","next":0},"110108018008":{"name":"塔院社区","next":0},"110108018011":{"name":"志新村二号院社区","next":0},"110108018012":{"name":"防化社区","next":0},"110108018014":{"name":"北极寺大院社区","next":0},"110108018015":{"name":"龙翔路社区","next":0},"110108018016":{"name":"花园路社区","next":0},"110108018017":{"name":"花园北路乙28号院社区","next":0},"110108018018":{"name":"小关社区","next":0},"110108018021":{"name":"北太平庄路社区","next":0},"110108018022":{"name":"冠城园社区","next":0},"110108018024":{"name":"玉兰园社区","next":0},"110108018026":{"name":"月季园第二社区","next":0},"110108018028":{"name":"北三环中路43号院社区","next":0},"110108018029":{"name":"牤牛桥社区","next":0},"110108018032":{"name":"1201社区","next":0},"110108018033":{"name":"北三环中路69号院社区","next":0},"110108018034":{"name":"北影社区","next":0},"110108018035":{"name":"知春路17号院社区","next":0},"110108018037":{"name":"西单商场社区","next":0},"110108018038":{"name":"金尚嘉园社区","next":0},"110108018039":{"name":"塔院四园社区","next":0},"110108018040":{"name":"牡丹园社区","next":0}}