{"110112104201":{"name":"宋庄村","next":0},"110112104202":{"name":"高各庄村","next":0},"110112104203":{"name":"翟里村","next":0},"110112104204":{"name":"北寺庄村","next":0},"110112104205":{"name":"小杨各庄村","next":0},"110112104206":{"name":"白庙村","next":0},"110112104207":{"name":"任庄村","next":0},"110112104208":{"name":"辛店村","next":0},"110112104209":{"name":"喇嘛庄村","next":0},"110112104210":{"name":"大兴庄村","next":0},"110112104211":{"name":"小堡村","next":0},"110112104212":{"name":"疃里村","next":0},"110112104213":{"name":"六合村","next":0},"110112104214":{"name":"后夏公庄村","next":0},"110112104215":{"name":"前夏公庄村","next":0},"110112104216":{"name":"邢各庄村","next":0},"110112104217":{"name":"丁各庄村","next":0},"110112104218":{"name":"高辛庄村","next":0},"110112104219":{"name":"菜园村","next":0},"110112104220":{"name":"小邓各庄村","next":0},"110112104221":{"name":"大邓各庄村","next":0},"110112104222":{"name":"师姑庄村","next":0},"110112104223":{"name":"北刘各庄村","next":0},"110112104224":{"name":"摇不动村","next":0},"110112104225":{"name":"关辛庄村","next":0},"110112104226":{"name":"西赵村","next":0},"110112104227":{"name":"港北村","next":0},"110112104228":{"name":"南马庄村","next":0},"110112104229":{"name":"郝各庄村","next":0},"110112104230":{"name":"徐辛庄村","next":0},"110112104231":{"name":"管头村","next":0},"110112104232":{"name":"吴各庄村","next":0},"110112104233":{"name":"葛渠村","next":0},"110112104234":{"name":"寨辛庄村","next":0},"110112104235":{"name":"寨里村","next":0},"110112104236":{"name":"北窑上村","next":0},"110112104237":{"name":"王辛庄村","next":0},"110112104238":{"name":"岗子村","next":0},"110112104239":{"name":"内军庄村","next":0},"110112104240":{"name":"平家疃村","next":0},"110112104241":{"name":"小营村","next":0},"110112104242":{"name":"草寺村","next":0},"110112104243":{"name":"尹各庄村","next":0},"110112104244":{"name":"富豪村","next":0},"110112104245":{"name":"大庞村","next":0},"110112104246":{"name":"双埠头村","next":0},"110112104247":{"name":"沟渠庄村","next":0}}