{"110106002001":{"name":"莲花池社区","next":0},"110106002002":{"name":"太平桥西里社区","next":0},"110106002003":{"name":"太平桥中里社区","next":0},"110106002004":{"name":"太平桥东里社区","next":0},"110106002005":{"name":"太平桥南里社区","next":0},"110106002006":{"name":"东管头社区","next":0},"110106002007":{"name":"三路居社区","next":0},"110106002008":{"name":"天伦北里社区","next":0},"110106002009":{"name":"菜户营社区","next":0},"110106002010":{"name":"万泉寺社区","next":0},"110106002011":{"name":"精图社区","next":0},"110106002012":{"name":"万润社区","next":0},"110106002013":{"name":"首威社区","next":0},"110106002014":{"name":"丽湾社区","next":0},"110106002015":{"name":"蓝调社区","next":0},"110106002016":{"name":"万泉寺东社区","next":0}}