{"110108028003":{"name":"六里屯社区","next":0},"110108028004":{"name":"亮甲店社区","next":0},"110108028005":{"name":"屯佃社区","next":0},"110108028006":{"name":"大牛坊社区","next":0},"110108028007":{"name":"小辛店社区","next":0},"110108028008":{"name":"友谊嘉园社区","next":0},"110108028009":{"name":"西六里屯社区","next":0},"110108028010":{"name":"航天城社区","next":0},"110108028011":{"name":"西山林语社区","next":0},"110108028012":{"name":"冷泉社区","next":0},"110108028013":{"name":"韩家川社区","next":0},"110108028014":{"name":"唐家岭社区","next":0},"110108028015":{"name":"土井社区","next":0},"110108028016":{"name":"航天城五院社区","next":0},"110108028201":{"name":"唐家岭村","next":0},"110108028202":{"name":"土井村","next":0},"110108028203":{"name":"西北旺村","next":0},"110108028204":{"name":"韩家川村","next":0},"110108028205":{"name":"冷泉村","next":0},"110108028206":{"name":"东北旺村","next":0},"110108028207":{"name":"马连洼村","next":0},"110108028208":{"name":"亮甲店村","next":0},"110108028209":{"name":"六里屯村","next":0},"110108028210":{"name":"屯佃村","next":0},"110108028211":{"name":"永丰屯村","next":0},"110108028212":{"name":"大牛坊村","next":0},"110108028213":{"name":"皇后店村","next":0},"110108028214":{"name":"西玉河村","next":0},"110108028215":{"name":"东玉河村","next":0},"110108028216":{"name":"小牛坊村","next":0}}