{"110111109200":{"name":"王家磨村","next":0},"110111109201":{"name":"蔡庄村","next":0},"110111109202":{"name":"下滩村","next":0},"110111109203":{"name":"郑家磨村","next":0},"110111109204":{"name":"土堤村","next":0},"110111109205":{"name":"镇江营村","next":0},"110111109206":{"name":"塔照村","next":0},"110111109207":{"name":"南尚乐村","next":0},"110111109208":{"name":"北尚乐村","next":0},"110111109209":{"name":"南河村","next":0},"110111109210":{"name":"惠南庄村","next":0},"110111109211":{"name":"广润庄村","next":0},"110111109212":{"name":"辛庄村","next":0},"110111109213":{"name":"石窝村","next":0},"110111109214":{"name":"半壁店村","next":0},"110111109215":{"name":"独树村","next":0},"110111109216":{"name":"岩上村","next":0},"110111109217":{"name":"下营村","next":0},"110111109218":{"name":"高庄村","next":0},"110111109219":{"name":"前石门村","next":0},"110111109220":{"name":"后石门村","next":0},"110111109221":{"name":"下庄村","next":0},"110111109222":{"name":"三岔村","next":0},"110111109223":{"name":"水头村","next":0}}