{"110108012003":{"name":"海淀路社区","next":0},"110108012004":{"name":"芙蓉里社区","next":0},"110108012005":{"name":"稻香园北社区","next":0},"110108012006":{"name":"稻香园南社区","next":0},"110108012007":{"name":"苏州街路社区","next":0},"110108012008":{"name":"倒座庙社区","next":0},"110108012009":{"name":"合建楼社区","next":0},"110108012010":{"name":"海淀南路北社区","next":0},"110108012011":{"name":"海淀南路南社区","next":0},"110108012012":{"name":"三环社区","next":0},"110108012013":{"name":"友谊社区","next":0},"110108012014":{"name":"三义庙社区","next":0},"110108012015":{"name":"立新社区","next":0},"110108012016":{"name":"小南庄社区","next":0},"110108012017":{"name":"万泉庄南社区","next":0},"110108012018":{"name":"新区社区","next":0},"110108012019":{"name":"稻香园西里社区","next":0},"110108012020":{"name":"万泉庄北社区","next":0},"110108012021":{"name":"紫金庄园社区","next":0},"110108012024":{"name":"人大附中社区","next":0},"110108012025":{"name":"人民大学社区","next":0},"110108012026":{"name":"人大南社区","next":0},"110108012027":{"name":"飞达社区","next":0},"110108012028":{"name":"苏州桥西社区","next":0},"110108012029":{"name":"航空港社区","next":0},"110108012030":{"name":"光大锋尚园社区","next":0},"110108012031":{"name":"汇新家园社区","next":0},"110108012032":{"name":"新起点怡秀园社区","next":0},"110108012033":{"name":"阳春新纪元社区","next":0},"110108012034":{"name":"万泉新新家园社区","next":0},"110108012035":{"name":"碧水云天社区","next":0},"110108012036":{"name":"康桥蜂鸟园社区","next":0}}