{"110117114200":{"name":"上镇村","next":0},"110117114201":{"name":"大庙峪村","next":0},"110117114202":{"name":"季家沟村","next":0},"110117114203":{"name":"北四道岭村","next":0},"110117114204":{"name":"东四道岭村","next":0},"110117114205":{"name":"下营村","next":0},"110117114206":{"name":"上营村","next":0},"110117114207":{"name":"桃园村","next":0},"110117114208":{"name":"见子庄村","next":0},"110117114209":{"name":"东牛角峪村","next":0},"110117114210":{"name":"五里庙村","next":0},"110117114211":{"name":"西寺峪村","next":0},"110117114212":{"name":"东寺峪村","next":0},"110117114213":{"name":"核桃洼村","next":0},"110117114214":{"name":"关上村","next":0},"110117114215":{"name":"北水峪村","next":0},"110117114216":{"name":"清水湖村","next":0},"110117114217":{"name":"杨家台村","next":0},"110117114218":{"name":"张家台村","next":0},"110117114219":{"name":"玻璃台村","next":0}}