{"110111008226":{"name":"南刘庄村","next":0},"110111008227":{"name":"西石羊村","next":0},"110111008228":{"name":"后石羊村","next":0},"110111008229":{"name":"东石羊村","next":0},"110111008230":{"name":"张谢村","next":0},"110111008231":{"name":"江村","next":0},"110111008232":{"name":"侯庄村","next":0},"110111008233":{"name":"下禅坊村","next":0},"110111008234":{"name":"刘丈村","next":0},"110111008235":{"name":"南庄子村","next":0},"110111008236":{"name":"邢家坞村","next":0},"110111008237":{"name":"官道村","next":0},"110111008238":{"name":"小营村","next":0},"110111008239":{"name":"鲁村","next":0},"110111008240":{"name":"黑古台村","next":0},"110111008241":{"name":"富庄村","next":0}}