{"110118001001":{"name":"白檀社区","next":0},"110118001002":{"name":"鼓楼社区","next":0},"110118001003":{"name":"鼓楼南区社区","next":0},"110118001004":{"name":"宾阳里社区","next":0},"110118001005":{"name":"宾阳北里社区","next":0},"110118001006":{"name":"宾阳西里社区","next":0},"110118001007":{"name":"北源里社区","next":0},"110118001008":{"name":"东菜园社区","next":0},"110118001009":{"name":"行宫社区","next":0},"110118001010":{"name":"石桥社区","next":0},"110118001011":{"name":"沿湖社区","next":0},"110118001012":{"name":"车站路社区","next":0},"110118001013":{"name":"车站路南区社区","next":0},"110118001014":{"name":"檀州家园社区","next":0},"110118001015":{"name":"云秀花园社区","next":0},"110118001016":{"name":"宾阳社区","next":0},"110118001017":{"name":"太扬家园社区","next":0},"110118001018":{"name":"行宫南区社区","next":0},"110118001019":{"name":"亚澜湾社区","next":0},"110118001020":{"name":"向阳东区社区","next":0},"110118001021":{"name":"长安东区社区","next":0},"110118001022":{"name":"长安西区社区","next":0},"110118001023":{"name":"檀城东区社区","next":0},"110118001024":{"name":"檀城西区社区","next":0},"110118001025":{"name":"花园东区社区","next":0},"110118001026":{"name":"花园西区社区","next":0},"110118001027":{"name":"向阳西区社区","next":0},"110118001028":{"name":"阳光社区","next":0},"110118001029":{"name":"御东园社区","next":0},"110118001030":{"name":"云北社区","next":0}}