{"110101014001":{"name":"安化楼社区","next":0},"110101014002":{"name":"夕照寺社区","next":0},"110101014006":{"name":"板厂南里社区","next":0},"110101014009":{"name":"绿景苑社区","next":0},"110101014010":{"name":"华城社区","next":0},"110101014012":{"name":"左安漪园社区","next":0},"110101014013":{"name":"左安浦园社区","next":0},"110101014016":{"name":"幸福社区","next":0},"110101014017":{"name":"新家园社区","next":0},"110101014018":{"name":"龙潭北里社区","next":0},"110101014019":{"name":"光明社区","next":0}}