{"110106005001":{"name":"三营门社区","next":0},"110106005002":{"name":"东新华社区","next":0},"110106005003":{"name":"西新华社区","next":0},"110106005004":{"name":"西长街社区","next":0},"110106005005":{"name":"红房子社区","next":0},"110106005006":{"name":"西宏苑社区","next":0},"110106005007":{"name":"诚苑社区","next":0},"110106005008":{"name":"槐房社区","next":0},"110106005009":{"name":"机场社区","next":0},"110106005010":{"name":"翠海明苑社区","next":0},"110106005011":{"name":"南庭新苑南区社区","next":0},"110106005012":{"name":"南庭新苑北区社区","next":0},"110106005013":{"name":"阳光星苑社区","next":0}}