{"110115111200":{"name":"牛坊村","next":0},"110115111201":{"name":"朱脑村","next":0},"110115111202":{"name":"李家务村","next":0},"110115111203":{"name":"北辛庄村","next":0},"110115111204":{"name":"留民营村","next":0},"110115111205":{"name":"赵县营村","next":0},"110115111206":{"name":"窦营村","next":0},"110115111207":{"name":"靳七营村","next":0},"110115111208":{"name":"北泗上村","next":0},"110115111209":{"name":"郑二营村","next":0},"110115111210":{"name":"沁水营村","next":0},"110115111211":{"name":"上长子营村","next":0},"110115111212":{"name":"下长子营村","next":0},"110115111213":{"name":"河津营村","next":0},"110115111214":{"name":"安场村","next":0},"110115111215":{"name":"小黑垡村","next":0},"110115111216":{"name":"白庙村","next":0},"110115111217":{"name":"上黎城村","next":0},"110115111218":{"name":"孙庄村","next":0},"110115111219":{"name":"北蒲州营村","next":0},"110115111220":{"name":"潞城营一村","next":0},"110115111221":{"name":"潞城营二村","next":0},"110115111222":{"name":"潞城营三村","next":0},"110115111223":{"name":"潞城营四村","next":0},"110115111224":{"name":"佟庄村","next":0},"110115111225":{"name":"永和庄村","next":0},"110115111226":{"name":"南蒲州营村","next":0},"110115111227":{"name":"车固营一村","next":0},"110115111228":{"name":"车固营二村","next":0},"110115111229":{"name":"周营村","next":0},"110115111230":{"name":"公和庄村","next":0},"110115111231":{"name":"罗庄一村","next":0},"110115111232":{"name":"罗庄二村","next":0},"110115111233":{"name":"罗庄三村","next":0},"110115111234":{"name":"朱庄村","next":0},"110115111235":{"name":"和顺场村","next":0},"110115111236":{"name":"西北台村","next":0},"110115111237":{"name":"东北台村","next":0},"110115111238":{"name":"再城营一村","next":0},"110115111239":{"name":"再城营二村","next":0},"110115111240":{"name":"赤鲁村","next":0},"110115111241":{"name":"李堡村","next":0},"110115111401":{"name":"军民结合产业园","next":0}}