{"110111103001":{"name":"亚新特种建材公司社区","next":0},"110111103002":{"name":"金鑫苑社区","next":0},"110111103003":{"name":"沁园春景社区","next":0},"110111103004":{"name":"田家园社区","next":0},"110111103005":{"name":"窦店社区","next":0},"110111103006":{"name":"京南嘉园社区","next":0},"110111103007":{"name":"山水汇豪苑社区","next":0},"110111103008":{"name":"于庄社区","next":0},"110111103009":{"name":"乐汇家园社区","next":0},"110111103010":{"name":"汇景嘉园社区","next":0},"110111103011":{"name":"腾龙家园社区","next":0},"110111103200":{"name":"窦店村","next":0},"110111103201":{"name":"白草洼村","next":0},"110111103202":{"name":"芦村","next":0},"110111103203":{"name":"板桥村","next":0},"110111103204":{"name":"西安庄村","next":0},"110111103205":{"name":"田家园村","next":0},"110111103206":{"name":"瓦窑头村","next":0},"110111103207":{"name":"苏村","next":0},"110111103208":{"name":"于庄村","next":0},"110111103209":{"name":"下坡店村","next":0},"110111103210":{"name":"七里店村","next":0},"110111103211":{"name":"望楚村","next":0},"110111103212":{"name":"一街村","next":0},"110111103213":{"name":"二街村","next":0},"110111103214":{"name":"三街村","next":0},"110111103215":{"name":"后街村","next":0},"110111103216":{"name":"小高舍村","next":0},"110111103217":{"name":"大高舍村","next":0},"110111103218":{"name":"丁各庄村","next":0},"110111103219":{"name":"刘平庄村","next":0},"110111103220":{"name":"袁庄村","next":0},"110111103221":{"name":"六股道村","next":0},"110111103222":{"name":"普安屯村","next":0},"110111103223":{"name":"兴隆庄村","next":0},"110111103224":{"name":"辛庄户村","next":0},"110111103225":{"name":"两间房村","next":0},"110111103226":{"name":"前柳村","next":0},"110111103227":{"name":"陈家房村","next":0},"110111103228":{"name":"北柳村","next":0},"110111103229":{"name":"河口村","next":0}}