{"110101009003":{"name":"胡家园社区","next":0},"110101009004":{"name":"新中街社区","next":0},"110101009005":{"name":"清水苑社区","next":0},"110101009006":{"name":"新中西里社区","next":0},"110101009008":{"name":"十字坡社区","next":0},"110101009010":{"name":"东外大街社区","next":0},"110101009012":{"name":"东环社区","next":0},"110101009013":{"name":"香河园北里社区","next":0},"110101009015":{"name":"工人体育馆社区","next":0},"110101009016":{"name":"东外大街北社区","next":0}}