{"110118109001":{"name":"不老屯社区","next":0},"110118109002":{"name":"燕落社区","next":0},"110118109200":{"name":"杨各庄村","next":0},"110118109201":{"name":"董各庄村","next":0},"110118109202":{"name":"沙峪里村","next":0},"110118109203":{"name":"学艺厂村","next":0},"110118109204":{"name":"转山子村","next":0},"110118109205":{"name":"黄土坎村","next":0},"110118109206":{"name":"燕落村","next":0},"110118109207":{"name":"不老屯村","next":0},"110118109208":{"name":"白土沟村","next":0},"110118109209":{"name":"丑山子村","next":0},"110118109210":{"name":"边庄子村","next":0},"110118109211":{"name":"车道岭村","next":0},"110118109212":{"name":"兵马营村","next":0},"110118109213":{"name":"柳树沟村","next":0},"110118109214":{"name":"大窝铺村","next":0},"110118109215":{"name":"永乐村","next":0},"110118109216":{"name":"学各庄村","next":0},"110118109217":{"name":"香水峪村","next":0},"110118109218":{"name":"北香峪村","next":0},"110118109219":{"name":"南香峪村","next":0},"110118109220":{"name":"半城子村","next":0},"110118109221":{"name":"史庄子村","next":0},"110118109222":{"name":"古石峪村","next":0},"110118109223":{"name":"陈家峪村","next":0},"110118109224":{"name":"阳坡地村","next":0},"110118109225":{"name":"西坨古村","next":0}}