{"110105039001":{"name":"高杨树社区","next":0},"110105039006":{"name":"红松园社区","next":0},"110105039007":{"name":"红松园北里社区","next":0},"110105039008":{"name":"大街社区","next":0},"110105039011":{"name":"康静里社区","next":0},"110105039020":{"name":"东坝家园社区","next":0},"110105039021":{"name":"奥林匹克花园社区","next":0},"110105039024":{"name":"朝阳新城社区","next":0},"110105039025":{"name":"丽富嘉园社区","next":0},"110105039026":{"name":"常青藤社区","next":0},"110105039027":{"name":"景和园社区","next":0},"110105039028":{"name":"东泽园社区","next":0},"110105039029":{"name":"悦和园社区","next":0},"110105039030":{"name":"金驹家园第一社区","next":0},"110105039031":{"name":"金驹家园第二社区","next":0},"110105039032":{"name":"福润四季社区","next":0},"110105039033":{"name":"坝鑫家园社区","next":0},"110105039034":{"name":"朝阳新城第二社区","next":0},"110105039035":{"name":"汇景苑社区","next":0},"110105039036":{"name":"郑村社区","next":0},"110105039037":{"name":"福园第一社区","next":0},"110105039200":{"name":"七棵树村","next":0},"110105039201":{"name":"单店村","next":0},"110105039202":{"name":"西北门村","next":0},"110105039203":{"name":"后街村","next":0},"110105039204":{"name":"东风村","next":0},"110105039205":{"name":"驹子房村","next":0},"110105039206":{"name":"三岔河村","next":0},"110105039207":{"name":"焦庄村","next":0},"110105039208":{"name":"东晓景村","next":0}}