{"110107003007":{"name":"八角北里社区","next":0},"110107003009":{"name":"八角中里社区","next":0},"110107003016":{"name":"建钢南里社区","next":0},"110107003018":{"name":"古城南里社区","next":0},"110107003024":{"name":"八角南路社区","next":0},"110107003025":{"name":"古城南路社区","next":0},"110107003026":{"name":"八角路社区","next":0},"110107003028":{"name":"公园北社区","next":0},"110107003029":{"name":"八角北路社区","next":0},"110107003030":{"name":"八角北路特钢社区","next":0},"110107003032":{"name":"杨庄南区社区","next":0},"110107003034":{"name":"杨庄中区社区","next":0},"110107003037":{"name":"八角南里社区","next":0},"110107003038":{"name":"地铁古城家园社区","next":0},"110107003039":{"name":"杨庄北区社区","next":0},"110107003041":{"name":"黄南苑社区","next":0},"110107003042":{"name":"时代花园社区","next":0},"110107003043":{"name":"景阳东街第一社区","next":0},"110107003044":{"name":"景阳东街第二社区","next":0},"110107003045":{"name":"景阳东街第三社区","next":0},"110107003046":{"name":"体育场南路社区","next":0},"110107003047":{"name":"杨庄北区第二社区","next":0},"110107003048":{"name":"体育场西街社区","next":0}}