{"110119203001":{"name":"珍珠泉乡社区","next":0},"110119203200":{"name":"珍珠泉村","next":0},"110119203201":{"name":"称沟湾村","next":0},"110119203202":{"name":"庙梁村","next":0},"110119203203":{"name":"下水沟村","next":0},"110119203204":{"name":"上水沟村","next":0},"110119203205":{"name":"下花楼村","next":0},"110119203206":{"name":"八亩地村","next":0},"110119203207":{"name":"转山子村","next":0},"110119203208":{"name":"水泉子村","next":0},"110119203209":{"name":"双金草村","next":0},"110119203210":{"name":"小川村","next":0},"110119203211":{"name":"小铺村","next":0},"110119203212":{"name":"仓米道村","next":0},"110119203213":{"name":"南天门村","next":0},"110119203214":{"name":"桃条沟村","next":0}}