{"110105022001":{"name":"甘露园南里二区社区","next":0},"110105022004":{"name":"大黄庄社区","next":0},"110105022016":{"name":"通惠家园社区","next":0},"110105022019":{"name":"兴隆家园社区","next":0},"110105022020":{"name":"丽景馨居社区","next":0},"110105022021":{"name":"八里庄社区","next":0},"110105022022":{"name":"甘露园南里一区社区","next":0},"110105022023":{"name":"康家园西社区","next":0},"110105022024":{"name":"康家园东社区","next":0},"110105022025":{"name":"高井社区","next":0},"110105022026":{"name":"太平庄南社区","next":0},"110105022027":{"name":"太平庄北社区","next":0},"110105022028":{"name":"花北西社区","next":0},"110105022029":{"name":"花北东社区","next":0},"110105022030":{"name":"北花园社区","next":0},"110105022034":{"name":"高碑店东社区","next":0},"110105022035":{"name":"高碑店西社区","next":0},"110105022036":{"name":"方家园社区","next":0},"110105022037":{"name":"西店社区","next":0},"110105022038":{"name":"半壁店社区","next":0},"110105022039":{"name":"小郊亭社区","next":0},"110105022040":{"name":"高碑店文化园社区","next":0},"110105022041":{"name":"花园闸社区","next":0},"110105022042":{"name":"力源里社区","next":0},"110105022043":{"name":"水南庄社区","next":0},"110105022044":{"name":"太平庄社区","next":0},"110105022045":{"name":"高碑店古街社区","next":0},"110105022046":{"name":"汇星苑社区","next":0},"110105022201":{"name":"高井村","next":0},"110105022202":{"name":"北花园村","next":0},"110105022203":{"name":"高碑店村","next":0},"110105022204":{"name":"半壁店村","next":0}}