{"110114111001":{"name":"北郡嘉源社区","next":0},"110114111002":{"name":"长滩庭苑社区","next":0},"110114111003":{"name":"廊桥水岸社区","next":0},"110114111004":{"name":"国惠村社区","next":0},"110114111005":{"name":"路劲家园社区","next":0},"110114111006":{"name":"风景丽苑社区","next":0},"110114111007":{"name":"麓鸣花园社区","next":0},"110114111008":{"name":"青秀尚城一区社区","next":0},"110114111009":{"name":"桥东社区","next":0},"110114111201":{"name":"南邵村","next":0},"110114111202":{"name":"姜屯村","next":0},"110114111203":{"name":"张各庄村","next":0},"110114111204":{"name":"景文屯村","next":0},"110114111205":{"name":"纪窑村","next":0},"110114111206":{"name":"金家坟村","next":0},"110114111207":{"name":"辛庄村","next":0},"110114111208":{"name":"四合庄村","next":0},"110114111209":{"name":"东营村","next":0},"110114111210":{"name":"张营村","next":0},"110114111211":{"name":"何营村","next":0},"110114111212":{"name":"小北哨村","next":0},"110114111213":{"name":"北邵洼村","next":0},"110114111214":{"name":"官高村","next":0},"110114111215":{"name":"三合庄村","next":0},"110114111216":{"name":"营坊村","next":0}}