{"110115011001":{"name":"康盛园社区","next":0},"110115011002":{"name":"康和园社区","next":0},"110115011003":{"name":"康隆园社区","next":0},"110115011004":{"name":"兴涛社区","next":0},"110115011005":{"name":"兴盛园社区","next":0},"110115011006":{"name":"香海园社区","next":0},"110115011007":{"name":"香留园社区","next":0},"110115011008":{"name":"金惠园二区社区","next":0},"110115011009":{"name":"金惠园三区社区","next":0},"110115011010":{"name":"郁花园社区","next":0},"110115011011":{"name":"郁花园二里社区","next":0},"110115011012":{"name":"茉莉社区","next":0},"110115011013":{"name":"绿地社区","next":0},"110115011014":{"name":"香旺园社区","next":0},"110115011015":{"name":"康邑园社区","next":0},"110115011016":{"name":"康泰园社区","next":0},"110115011017":{"name":"双高花园社区","next":0},"110115011018":{"name":"郁花园三里社区","next":0},"110115011019":{"name":"香乐园社区","next":0}}