{"110106001001":{"name":"翠林一里社区","next":0},"110106001002":{"name":"翠林二里社区","next":0},"110106001003":{"name":"翠林三里社区","next":0},"110106001004":{"name":"玉林里社区","next":0},"110106001005":{"name":"玉林西里社区","next":0},"110106001006":{"name":"西铁营社区","next":0},"110106001007":{"name":"东滨河路社区","next":0},"110106001008":{"name":"东庄社区","next":0},"110106001009":{"name":"玉林东里一区社区","next":0},"110106001010":{"name":"玉林东里二区社区","next":0},"110106001011":{"name":"玉林东里三区社区","next":0},"110106001012":{"name":"永乐社区","next":0},"110106001013":{"name":"开阳里第一社区","next":0},"110106001014":{"name":"开阳里第二社区","next":0},"110106001015":{"name":"开阳里第三社区","next":0},"110106001016":{"name":"开阳里第四社区","next":0}}