{"110113109201":{"name":"大孙各庄村","next":0},"110113109202":{"name":"客家庄村","next":0},"110113109203":{"name":"西辛庄村","next":0},"110113109204":{"name":"户耳山村","next":0},"110113109205":{"name":"宗家店村","next":0},"110113109206":{"name":"柴家林村","next":0},"110113109207":{"name":"顾家庄村","next":0},"110113109208":{"name":"小故现村","next":0},"110113109209":{"name":"田各庄村","next":0},"110113109210":{"name":"吴雄寺村","next":0},"110113109211":{"name":"小宋各庄村","next":0},"110113109212":{"name":"小塘村","next":0},"110113109213":{"name":"南聂庄村","next":0},"110113109214":{"name":"王户庄村","next":0},"110113109215":{"name":"龙庭侯村","next":0},"110113109216":{"name":"老公庄村","next":0},"110113109217":{"name":"大坝洼庄村","next":0},"110113109218":{"name":"小坝洼庄村","next":0},"110113109219":{"name":"大塘村","next":0},"110113109220":{"name":"佟辛庄村","next":0},"110113109221":{"name":"薛庄村","next":0},"110113109222":{"name":"前岭上村","next":0},"110113109223":{"name":"后岭上村","next":0},"110113109224":{"name":"东华山村","next":0},"110113109225":{"name":"西华山村","next":0},"110113109226":{"name":"大段村","next":0},"110113109227":{"name":"小段村","next":0},"110113109228":{"name":"谢辛庄村","next":0},"110113109229":{"name":"赵家峪村","next":0},"110113109230":{"name":"湘王庄村","next":0},"110113109231":{"name":"四福庄村","next":0},"110113109232":{"name":"后陆马庄村","next":0},"110113109233":{"name":"前陆马庄村","next":0},"110113109234":{"name":"西尹家府村","next":0},"110113109235":{"name":"东尹家府村","next":0},"110113109236":{"name":"大崔各庄村","next":0},"110113109237":{"name":"大石各庄村","next":0},"110113109238":{"name":"大田庄村","next":0},"110113109239":{"name":"大洛泡村","next":0}}