{"110113112201":{"name":"木林村","next":0},"110113112202":{"name":"陈各庄村","next":0},"110113112203":{"name":"蒋各庄村","next":0},"110113112204":{"name":"魏家店村","next":0},"110113112205":{"name":"东沿头村","next":0},"110113112206":{"name":"西沿头村","next":0},"110113112207":{"name":"长林庄村","next":0},"110113112208":{"name":"孝德村","next":0},"110113112209":{"name":"唐指山村","next":0},"110113112210":{"name":"贾山村","next":0},"110113112211":{"name":"茶棚村","next":0},"110113112212":{"name":"安辛庄村","next":0},"110113112213":{"name":"王泮庄村","next":0},"110113112214":{"name":"大韩庄村","next":0},"110113112215":{"name":"小韩庄村","next":0},"110113112216":{"name":"马坊村","next":0},"110113112217":{"name":"上园子村","next":0},"110113112218":{"name":"大林村","next":0},"110113112219":{"name":"陈家坨村","next":0},"110113112220":{"name":"李各庄村","next":0},"110113112221":{"name":"业兴庄村","next":0},"110113112222":{"name":"陀头庙村","next":0},"110113112223":{"name":"荣各庄村","next":0},"110113112224":{"name":"前王各庄村","next":0},"110113112225":{"name":"后王各庄村","next":0},"110113112226":{"name":"潘家坟村","next":0}}