{"110117108200":{"name":"圪塔头村","next":0},"110117108201":{"name":"王官屯村","next":0},"110117108202":{"name":"毛官营村","next":0},"110117108203":{"name":"王各庄村","next":0},"110117108204":{"name":"马昌营村","next":0},"110117108205":{"name":"魏辛庄村","next":0},"110117108206":{"name":"东陈各庄村","next":0},"110117108207":{"name":"西陈各庄村","next":0},"110117108208":{"name":"东双营村","next":0},"110117108209":{"name":"西双营村","next":0},"110117108210":{"name":"南定福庄村","next":0},"110117108211":{"name":"北定福庄村","next":0},"110117108212":{"name":"薄各庄村","next":0},"110117108213":{"name":"天井村","next":0},"110117108214":{"name":"前芮营村","next":0},"110117108215":{"name":"后芮营村","next":0},"110117108216":{"name":"西海子村","next":0}}