{"110108030001":{"name":"上庄家园社区","next":0},"110108030002":{"name":"馨瑞家园社区","next":0},"110108030003":{"name":"三嘉信苑社区","next":0},"110108030004":{"name":"翠北嘉园社区","next":0},"110108030005":{"name":"馨悦家园社区","next":0},"110108030006":{"name":"馨怡嘉园社区","next":0},"110108030201":{"name":"东马坊村","next":0},"110108030202":{"name":"上庄村","next":0},"110108030203":{"name":"前章村","next":0},"110108030204":{"name":"白水洼村","next":0},"110108030205":{"name":"西马坊村","next":0},"110108030206":{"name":"常乐村","next":0},"110108030207":{"name":"东小营村","next":0},"110108030208":{"name":"罗家坟村","next":0},"110108030209":{"name":"皂甲屯村","next":0},"110108030210":{"name":"李家坟村","next":0},"110108030211":{"name":"南玉河村","next":0},"110108030212":{"name":"北玉河村","next":0},"110108030213":{"name":"永泰庄村","next":0},"110108030214":{"name":"梅所屯村","next":0},"110108030215":{"name":"双塔村","next":0},"110108030216":{"name":"西闸村","next":0},"110108030217":{"name":"河北村","next":0},"110108030218":{"name":"八家村","next":0},"110108030219":{"name":"后章村","next":0},"110108030220":{"name":"西辛力屯村","next":0}}