{"110112006001":{"name":"新华联家园南区社区","next":0},"110112006002":{"name":"格瑞雅居社区","next":0},"110112006003":{"name":"靓景明居社区","next":0},"110112006004":{"name":"万盛北里社区","next":0},"110112006005":{"name":"龙鼎园社区","next":0},"110112006006":{"name":"金侨时代家园社区","next":0},"110112006007":{"name":"梨园东里社区","next":0},"110112006008":{"name":"京洲园社区","next":0},"110112006009":{"name":"翠景北里社区","next":0},"110112006010":{"name":"葛布店东里社区","next":0},"110112006011":{"name":"云景东里社区","next":0},"110112006012":{"name":"云景里社区","next":0},"110112006013":{"name":"群芳园社区","next":0},"110112006014":{"name":"颐瑞西里社区","next":0},"110112006015":{"name":"颐瑞东里社区","next":0},"110112006016":{"name":"欣达园社区","next":0},"110112006017":{"name":"曼城家园社区","next":0},"110112006018":{"name":"云景北里社区","next":0},"110112006019":{"name":"翠屏北里社区","next":0},"110112006020":{"name":"大方居社区","next":0},"110112006021":{"name":"翠屏南里社区","next":0},"110112006022":{"name":"新城乐居社区","next":0},"110112006023":{"name":"铭悦园社区","next":0},"110112006024":{"name":"砖厂南里社区","next":0},"110112006025":{"name":"临河里社区","next":0},"110112006026":{"name":"玫瑰园社区","next":0},"110112006201":{"name":"车里坟村","next":0},"110112006202":{"name":"三间房村","next":0},"110112006203":{"name":"北杨洼村","next":0},"110112006204":{"name":"九棵树村","next":0},"110112006205":{"name":"东总屯村","next":0},"110112006206":{"name":"西总屯村","next":0},"110112006207":{"name":"李老公庄村","next":0},"110112006208":{"name":"梨园村","next":0},"110112006209":{"name":"刘老公庄村","next":0},"110112006210":{"name":"小街一队村","next":0},"110112006211":{"name":"小街二队村","next":0},"110112006212":{"name":"小街三队村","next":0},"110112006213":{"name":"西小马庄村","next":0},"110112006214":{"name":"半壁店村","next":0},"110112006215":{"name":"孙王场村","next":0},"110112006216":{"name":"孙庄村","next":0},"110112006217":{"name":"砖厂村","next":0},"110112006218":{"name":"公庄村","next":0},"110112006219":{"name":"大稿村","next":0},"110112006220":{"name":"小稿村","next":0},"110112006221":{"name":"魏家坟村","next":0},"110112006222":{"name":"东小马庄村","next":0},"110112006223":{"name":"大马庄村","next":0},"110112006224":{"name":"高楼金村","next":0},"110112006225":{"name":"曹园村","next":0},"110112006226":{"name":"将军坟村","next":0}}