{"110117102200":{"name":"桥头营村","next":0},"110117102201":{"name":"西沥津村","next":0},"110117102202":{"name":"大坎村","next":0},"110117102203":{"name":"东洼村","next":0},"110117102204":{"name":"北寺村","next":0},"110117102205":{"name":"李辛庄村","next":0},"110117102206":{"name":"北屯村","next":0},"110117102207":{"name":"大北关村","next":0},"110117102208":{"name":"小北关村","next":0},"110117102209":{"name":"山东庄村","next":0},"110117102210":{"name":"鱼子山村","next":0},"110117102211":{"name":"桃棚村","next":0}}