{"110106101001":{"name":"南宫雅苑社区","next":0},"110106101002":{"name":"山语城社区","next":0},"110106101003":{"name":"翡翠山社区","next":0},"110106101200":{"name":"西庄店村","next":0},"110106101201":{"name":"沙锅村","next":0},"110106101202":{"name":"怪村","next":0},"110106101203":{"name":"魏各庄村","next":0},"110106101204":{"name":"西王佐村","next":0},"110106101205":{"name":"南宫村","next":0},"110106101206":{"name":"庄户村","next":0},"110106101207":{"name":"佃起村","next":0}}