{"110111208200":{"name":"堂上村","next":0},"110111208201":{"name":"大地港村","next":0},"110111208202":{"name":"四马台村","next":0},"110111208203":{"name":"龙门台村","next":0},"110111208204":{"name":"庄户台村","next":0},"110111208205":{"name":"王家台村","next":0},"110111208206":{"name":"石板台村","next":0},"110111208207":{"name":"四合村","next":0},"110111208208":{"name":"霞云岭村","next":0},"110111208209":{"name":"三流水村","next":0},"110111208210":{"name":"大草岭村","next":0},"110111208211":{"name":"上石堡村","next":0},"110111208212":{"name":"北直河村","next":0},"110111208213":{"name":"下石堡村","next":0},"110111208214":{"name":"银水村","next":0}}