{"110101012001":{"name":"兴隆都市馨园社区","next":0},"110101012002":{"name":"新世界家园社区","next":0},"110101012003":{"name":"崇文门东大街社区","next":0},"110101012004":{"name":"崇文门西大街社区","next":0},"110101012005":{"name":"西花市南里东区社区","next":0},"110101012006":{"name":"西花市南里西区社区","next":0},"110101012007":{"name":"大桥社区","next":0},"110101012008":{"name":"新怡家园社区","next":0},"110101012009":{"name":"西花市南里南区社区","next":0},"110101012010":{"name":"国瑞城西区社区","next":0},"110101012011":{"name":"国瑞城中区社区","next":0},"110101012012":{"name":"国瑞城东区社区","next":0}}