{"110109106002":{"name":"斋堂小城镇社区","next":0},"110109106201":{"name":"西斋堂村","next":0},"110109106202":{"name":"东斋堂村","next":0},"110109106203":{"name":"马栏村","next":0},"110109106204":{"name":"火村","next":0},"110109106205":{"name":"高铺村","next":0},"110109106206":{"name":"青龙涧村","next":0},"110109106207":{"name":"黄岭西村","next":0},"110109106208":{"name":"双石头村","next":0},"110109106209":{"name":"川底下村","next":0},"110109106210":{"name":"柏峪村","next":0},"110109106211":{"name":"牛站村","next":0},"110109106212":{"name":"白虎头村","next":0},"110109106213":{"name":"新兴村","next":0},"110109106214":{"name":"向阳口村","next":0},"110109106215":{"name":"沿河城村","next":0},"110109106216":{"name":"王龙口村","next":0},"110109106217":{"name":"沿河口村","next":0},"110109106218":{"name":"龙门口村","next":0},"110109106219":{"name":"林字台村","next":0},"110109106220":{"name":"西胡林村","next":0},"110109106221":{"name":"东胡林村","next":0},"110109106222":{"name":"军响村","next":0},"110109106223":{"name":"桑峪村","next":0},"110109106224":{"name":"灵水村","next":0},"110109106225":{"name":"法城村","next":0},"110109106226":{"name":"杨家村","next":0},"110109106227":{"name":"张家村","next":0},"110109106228":{"name":"吕家村","next":0},"110109106229":{"name":"杨家峪村","next":0}}