{"110119110001":{"name":"井庄镇社区","next":0},"110119110200":{"name":"南老君堂村","next":0},"110119110201":{"name":"艾官营村","next":0},"110119110202":{"name":"宝林寺村","next":0},"110119110203":{"name":"东小营村","next":0},"110119110204":{"name":"王木营村","next":0},"110119110205":{"name":"房老营村","next":0},"110119110206":{"name":"井家庄村","next":0},"110119110207":{"name":"小胡家营村","next":0},"110119110208":{"name":"东石河村","next":0},"110119110209":{"name":"三司村","next":0},"110119110210":{"name":"二司村","next":0},"110119110211":{"name":"柳沟村","next":0},"110119110212":{"name":"果树园村","next":0},"110119110213":{"name":"王仲营村","next":0},"110119110214":{"name":"东红山村","next":0},"110119110215":{"name":"张伍堡村","next":0},"110119110216":{"name":"西红山村","next":0},"110119110217":{"name":"八家村","next":0},"110119110218":{"name":"东沟村","next":0},"110119110219":{"name":"西二道河村","next":0},"110119110220":{"name":"窑湾村","next":0},"110119110221":{"name":"老银庄村","next":0},"110119110222":{"name":"冯家庙村","next":0},"110119110223":{"name":"孟家窑村","next":0},"110119110224":{"name":"曹碾村","next":0},"110119110225":{"name":"箭杆岭村","next":0},"110119110226":{"name":"莲花滩村","next":0},"110119110227":{"name":"门泉石村","next":0},"110119110228":{"name":"碓臼石村","next":0},"110119110229":{"name":"北地村","next":0},"110119110230":{"name":"西三岔村","next":0}}