{"110109001001":{"name":"德露苑社区","next":0},"110109001002":{"name":"月季园东里社区","next":0},"110109001003":{"name":"月季园一区社区","next":0},"110109001004":{"name":"月季园二区社区","next":0},"110109001005":{"name":"新桥南大街社区","next":0},"110109001007":{"name":"双峪社区","next":0},"110109001008":{"name":"向阳社区","next":0},"110109001010":{"name":"向阳东里社区","next":0},"110109001011":{"name":"龙泉花园社区","next":0},"110109001012":{"name":"剧场东街社区","next":0},"110109001014":{"name":"增产路社区","next":0},"110109001024":{"name":"新自建社区","next":0},"110109001027":{"name":"南路一社区","next":0},"110109001028":{"name":"南路二社区","next":0},"110109001030":{"name":"峪园社区","next":0},"110109001032":{"name":"永新社区","next":0},"110109001033":{"name":"桃园社区","next":0},"110109001034":{"name":"增产路东区社区","next":0},"110109001037":{"name":"新桥社区","next":0},"110109001038":{"name":"新桥西区社区","next":0},"110109001051":{"name":"承泽苑社区","next":0},"110109001052":{"name":"中门花园社区","next":0},"110109001053":{"name":"绿岛家园社区","next":0},"110109001054":{"name":"绮霞苑社区","next":0},"110109001055":{"name":"滨河西区社区","next":0},"110109001056":{"name":"葡东社区","next":0},"110109001057":{"name":"临镜苑社区","next":0},"110109001058":{"name":"惠民家园社区","next":0},"110109001059":{"name":"龙山三区社区","next":0},"110109001060":{"name":"龙山一区社区","next":0},"110109001061":{"name":"龙山二区社区","next":0},"110109001062":{"name":"丽湾西园社区","next":0},"110109001063":{"name":"龙坡社区","next":0}}