{"110111105001":{"name":"长阳社区","next":0},"110111105002":{"name":"长龙苑社区","next":0},"110111105003":{"name":"碧桂园社区","next":0},"110111105004":{"name":"碧波园社区","next":0},"110111105005":{"name":"加州水郡东区社区","next":0},"110111105006":{"name":"大宁山庄社区","next":0},"110111105007":{"name":"徜徉集社区","next":0},"110111105008":{"name":"嘉州水郡北区社区","next":0},"110111105009":{"name":"嘉州水郡南区社区","next":0},"110111105010":{"name":"天泰新景社区","next":0},"110111105011":{"name":"馨然嘉园社区","next":0},"110111105012":{"name":"建邦嘉园社区","next":0},"110111105013":{"name":"悦都苑社区","next":0},"110111105014":{"name":"半岛家园社区","next":0},"110111105015":{"name":"熙景嘉园社区","next":0},"110111105016":{"name":"朗悦嘉园社区","next":0},"110111105017":{"name":"云湾家园社区","next":0},"110111105018":{"name":"熙兆嘉园社区","next":0},"110111105019":{"name":"悦都新苑社区","next":0},"110111105020":{"name":"悦然馨苑社区","next":0},"110111105021":{"name":"领峰四季园社区","next":0},"110111105022":{"name":"溪雅苑社区","next":0},"110111105023":{"name":"广悦居社区","next":0},"110111105024":{"name":"禾香雅园社区","next":0},"110111105200":{"name":"长阳一村","next":0},"110111105201":{"name":"长阳二村","next":0},"110111105204":{"name":"黄管屯村","next":0},"110111105205":{"name":"哑叭河村","next":0},"110111105209":{"name":"北广阳城村","next":0},"110111105210":{"name":"水碾屯一村","next":0},"110111105211":{"name":"水碾屯二村","next":0},"110111105212":{"name":"军留庄村","next":0},"110111105213":{"name":"张家场村","next":0},"110111105214":{"name":"牛家场村","next":0},"110111105215":{"name":"保合庄村","next":0},"110111105216":{"name":"杨庄子村","next":0},"110111105217":{"name":"长营村","next":0},"110111105218":{"name":"马厂村","next":0},"110111105219":{"name":"高岭村","next":0},"110111105220":{"name":"稻田一村","next":0},"110111105221":{"name":"稻田二村","next":0},"110111105222":{"name":"稻田三村","next":0},"110111105223":{"name":"稻田四村","next":0},"110111105224":{"name":"稻田五村","next":0},"110111105225":{"name":"高佃一村","next":0},"110111105226":{"name":"高佃二村","next":0},"110111105227":{"name":"高佃三村","next":0},"110111105228":{"name":"高佃四村","next":0},"110111105229":{"name":"大宁村","next":0},"110111105230":{"name":"温庄子村","next":0},"110111105231":{"name":"独义村","next":0},"110111105232":{"name":"朱岗子村","next":0},"110111105233":{"name":"阎仙垡村","next":0},"110111105234":{"name":"葫芦垡村","next":0},"110111105235":{"name":"夏场村","next":0},"110111105236":{"name":"佛满村","next":0},"110111105237":{"name":"赵庄村","next":0},"110111105238":{"name":"公议庄村","next":0},"110111105239":{"name":"西场村","next":0},"110111105240":{"name":"篱笆房村","next":0}}