{"110116105001":{"name":"茶坞铁路社区","next":0},"110116105201":{"name":"前桥梓村","next":0},"110116105202":{"name":"后桥梓村","next":0},"110116105203":{"name":"山立庄村","next":0},"110116105204":{"name":"东茶坞村","next":0},"110116105205":{"name":"西茶坞村","next":0},"110116105206":{"name":"前茶坞村","next":0},"110116105207":{"name":"平义分村","next":0},"110116105208":{"name":"沙峪口村","next":0},"110116105209":{"name":"新王峪村","next":0},"110116105210":{"name":"上王峪村","next":0},"110116105211":{"name":"苏峪口村","next":0},"110116105212":{"name":"岐庄村","next":0},"110116105213":{"name":"东凤山村","next":0},"110116105214":{"name":"红林村","next":0},"110116105215":{"name":"口头村","next":0},"110116105216":{"name":"凯甲庄村","next":0},"110116105217":{"name":"北宅村","next":0},"110116105218":{"name":"峪口村","next":0},"110116105219":{"name":"峪沟村","next":0},"110116105220":{"name":"一渡河村","next":0},"110116105221":{"name":"后辛庄村","next":0},"110116105222":{"name":"前辛庄村","next":0},"110116105223":{"name":"秦家东庄村","next":0},"110116105224":{"name":"杨家东庄村","next":0}}