{"110108004001":{"name":"阜南社区","next":0},"110108004004":{"name":"白中社区","next":0},"110108004005":{"name":"白堆子社区","next":0},"110108004006":{"name":"新街社区","next":0},"110108004007":{"name":"花园村社区","next":0},"110108004010":{"name":"四道口社区","next":0},"110108004012":{"name":"水科院社区","next":0},"110108004013":{"name":"机械院社区","next":0},"110108004014":{"name":"航天社区","next":0},"110108004015":{"name":"建设部社区","next":0},"110108004016":{"name":"工商大学社区","next":0},"110108004017":{"name":"工运社区","next":0},"110108004018":{"name":"空军总医院社区","next":0},"110108004019":{"name":"中纺社区","next":0},"110108004022":{"name":"西钓社区","next":0},"110108004025":{"name":"进口社区","next":0},"110108004026":{"name":"潘庄社区","next":0},"110108004027":{"name":"甘东社区","next":0},"110108004028":{"name":"阜北社区","next":0},"110108004033":{"name":"海军总医院社区","next":0},"110108004035":{"name":"西三环社区","next":0},"110108004036":{"name":"公安部一所社区","next":0},"110108004037":{"name":"西钓嘉园社区","next":0},"110108004038":{"name":"增光社区","next":0}}