{"110108002001":{"name":"一街坊社区","next":0},"110108002002":{"name":"二街坊东社区","next":0},"110108002003":{"name":"二街坊西社区","next":0},"110108002004":{"name":"三街坊东社区","next":0},"110108002005":{"name":"三街坊中社区","next":0},"110108002006":{"name":"三街坊北社区","next":0},"110108002007":{"name":"三街坊西社区","next":0},"110108002008":{"name":"四街坊东社区","next":0},"110108002009":{"name":"四街坊西社区","next":0},"110108002010":{"name":"五街坊社区","next":0},"110108002011":{"name":"六街坊东社区","next":0},"110108002012":{"name":"六街坊西社区","next":0},"110108002013":{"name":"七街坊社区","next":0},"110108002014":{"name":"八街坊东社区","next":0},"110108002015":{"name":"八街坊西社区","next":0},"110108002016":{"name":"九街坊社区","next":0}}