{"110119100200":{"name":"解放街村","next":0},"110119100201":{"name":"自由街村","next":0},"110119100202":{"name":"民主街村","next":0},"110119100203":{"name":"胜利街村","next":0},"110119100204":{"name":"东关村","next":0},"110119100205":{"name":"西关村","next":0},"110119100206":{"name":"北关村","next":0},"110119100207":{"name":"蒋家堡村","next":0},"110119100208":{"name":"双营村","next":0},"110119100209":{"name":"广积屯村","next":0},"110119100210":{"name":"王泉营村","next":0},"110119100211":{"name":"司家营村","next":0},"110119100212":{"name":"百眼泉村","next":0},"110119100213":{"name":"民主村","next":0},"110119100214":{"name":"南辛堡村","next":0},"110119100215":{"name":"李四官庄村","next":0},"110119100216":{"name":"谷家营村","next":0},"110119100217":{"name":"小营村","next":0},"110119100218":{"name":"石河营村","next":0},"110119100219":{"name":"莲花池村","next":0},"110119100220":{"name":"上水磨村","next":0},"110119100221":{"name":"下水磨村","next":0},"110119100222":{"name":"王庄村","next":0},"110119100223":{"name":"三里河村","next":0},"110119100224":{"name":"赵庄村","next":0},"110119100225":{"name":"八里庄村","next":0},"110119100226":{"name":"孟庄村","next":0},"110119100227":{"name":"老仁庄村","next":0},"110119100228":{"name":"祁家堡村","next":0},"110119100229":{"name":"米家堡村","next":0},"110119100230":{"name":"唐家堡村","next":0},"110119100231":{"name":"卓家营村","next":0},"110119100232":{"name":"陶庄村","next":0},"110119100233":{"name":"鲁庄村","next":0},"110119100234":{"name":"郎庄村","next":0},"110119100235":{"name":"张庄村","next":0},"110119100236":{"name":"西辛庄村","next":0},"110119100237":{"name":"小河屯村","next":0},"110119100238":{"name":"付于屯村","next":0},"110119100239":{"name":"东五里营村","next":0},"110119100240":{"name":"新白庙村","next":0},"110119100241":{"name":"东屯村","next":0},"110119100242":{"name":"中屯村","next":0},"110119100243":{"name":"西屯村","next":0},"110119100244":{"name":"西白庙村","next":0}}