{"110113101001":{"name":"丽喜花园社区","next":0},"110113101201":{"name":"一村","next":0},"110113101202":{"name":"二村","next":0},"110113101203":{"name":"三村","next":0},"110113101204":{"name":"四村","next":0},"110113101205":{"name":"五村","next":0},"110113101206":{"name":"六村","next":0},"110113101207":{"name":"七村","next":0},"110113101208":{"name":"八村","next":0},"110113101209":{"name":"南王路村","next":0},"110113101210":{"name":"北王路村","next":0},"110113101211":{"name":"西王路村","next":0},"110113101212":{"name":"唐自头村","next":0},"110113101213":{"name":"于庄村","next":0},"110113101214":{"name":"张喜庄村","next":0},"110113101215":{"name":"东马各庄村","next":0},"110113101216":{"name":"西马各庄村","next":0},"110113101217":{"name":"夏县营村","next":0},"110113101218":{"name":"河津营村","next":0},"110113101219":{"name":"南郎中村","next":0},"110113101220":{"name":"后渠河村","next":0},"110113101221":{"name":"前渠河村","next":0},"110113101222":{"name":"闫家营村","next":0},"110113101223":{"name":"水坡村","next":0},"110113101224":{"name":"羊房村","next":0},"110113101225":{"name":"文化营村","next":0}}