{"110102018001":{"name":"牛街东里社区","next":0},"110102018002":{"name":"春风社区","next":0},"110102018003":{"name":"钢院社区","next":0},"110102018004":{"name":"南线阁社区","next":0},"110102018005":{"name":"菜园北里社区","next":0},"110102018006":{"name":"枫桦社区","next":0},"110102018007":{"name":"法源寺社区","next":0},"110102018008":{"name":"白广路社区","next":0},"110102018009":{"name":"牛街西里一区社区","next":0},"110102018010":{"name":"牛街西里二区社区","next":0}}