{"110109104001":{"name":"杨坨社区","next":0},"110109104002":{"name":"北四社区","next":0},"110109104003":{"name":"惠通新苑社区","next":0},"110109104201":{"name":"军庄村","next":0},"110109104202":{"name":"灰峪村","next":0},"110109104203":{"name":"西杨坨村","next":0},"110109104204":{"name":"东杨坨村","next":0},"110109104205":{"name":"孟悟村","next":0},"110109104206":{"name":"新村","next":0},"110109104207":{"name":"东山村","next":0},"110109104208":{"name":"香峪村","next":0}}