{"110115007002":{"name":"星光社区","next":0},"110115007003":{"name":"九龙社区","next":0},"110115007004":{"name":"福盛社区","next":0},"110115007005":{"name":"福星花园社区","next":0},"110115007006":{"name":"同兴园社区","next":0},"110115007007":{"name":"金华园社区","next":0},"110115007008":{"name":"瑞海北区社区","next":0},"110115007009":{"name":"瑞海南区社区","next":0},"110115007010":{"name":"宏大园社区","next":0},"110115007011":{"name":"兴月苑社区","next":0},"110115007012":{"name":"兴日苑社区","next":0},"110115007013":{"name":"博苑社区","next":0},"110115007014":{"name":"礼域北区社区","next":0},"110115007015":{"name":"礼域南区社区","next":0},"110115007016":{"name":"都市公寓社区","next":0},"110115007017":{"name":"欣荣社区","next":0},"110115007018":{"name":"欣清社区","next":0},"110115007019":{"name":"宏业东区社区","next":0},"110115007020":{"name":"宏业西区社区","next":0},"110115007200":{"name":"西红门一村","next":0},"110115007201":{"name":"西红门二村","next":0},"110115007202":{"name":"西红门三村","next":0},"110115007203":{"name":"西红门四村","next":0},"110115007204":{"name":"西红门六村","next":0},"110115007205":{"name":"西红门七村","next":0},"110115007206":{"name":"西红门八村","next":0},"110115007207":{"name":"西红门十村","next":0},"110115007208":{"name":"西红门十一村","next":0},"110115007209":{"name":"西红门十二村","next":0},"110115007210":{"name":"新三余庄村","next":0},"110115007211":{"name":"老三余庄村","next":0},"110115007212":{"name":"寿宝庄村","next":0},"110115007213":{"name":"大白楼村","next":0},"110115007214":{"name":"大生庄村","next":0},"110115007215":{"name":"金星庄村","next":0},"110115007216":{"name":"志远庄村","next":0},"110115007217":{"name":"建新庄村","next":0},"110115007218":{"name":"团河北村","next":0},"110115007219":{"name":"团河南村","next":0},"110115007220":{"name":"振亚庄村","next":0},"110115007221":{"name":"新建庄一村","next":0},"110115007222":{"name":"新建庄二村","next":0},"110115007223":{"name":"新建庄三村","next":0},"110115007224":{"name":"新建庄四村","next":0},"110115007225":{"name":"小白楼村","next":0},"110115007401":{"name":"西红门镇新建工业区","next":0}}