{"110117101200":{"name":"东高村","next":0},"110117101201":{"name":"西高村","next":0},"110117101202":{"name":"南埝头村","next":0},"110117101203":{"name":"大旺务村","next":0},"110117101204":{"name":"大庄户村","next":0},"110117101205":{"name":"赵家务村","next":0},"110117101206":{"name":"赵庄户村","next":0},"110117101207":{"name":"克头村","next":0},"110117101208":{"name":"前台头村","next":0},"110117101209":{"name":"南张岱村","next":0},"110117101210":{"name":"北张岱村","next":0},"110117101211":{"name":"张岱辛撞村","next":0},"110117101212":{"name":"青杨屯村","next":0},"110117101213":{"name":"崔家庄村","next":0},"110117101214":{"name":"侯家庄村","next":0},"110117101215":{"name":"门楼庄村","next":0},"110117101216":{"name":"鲍家庄村","next":0},"110117101217":{"name":"高家庄村","next":0},"110117101218":{"name":"曹家庄村","next":0},"110117101219":{"name":"普贤屯村","next":0},"110117101220":{"name":"南宅村","next":0},"110117101221":{"name":"南宅庄户村","next":0}}