{"110117004001":{"name":"峪口社区","next":0},"110117004201":{"name":"西营村","next":0},"110117004202":{"name":"东樊各庄村","next":0},"110117004203":{"name":"西樊各庄村","next":0},"110117004204":{"name":"三白山村","next":0},"110117004205":{"name":"胡家营村","next":0},"110117004206":{"name":"兴隆庄村","next":0},"110117004207":{"name":"中桥村","next":0},"110117004208":{"name":"蔡坨村","next":0},"110117004209":{"name":"南营村","next":0},"110117004210":{"name":"坨头寺村","next":0},"110117004211":{"name":"胡辛庄村","next":0},"110117004212":{"name":"梨各庄村","next":0},"110117004213":{"name":"北杨家桥村","next":0},"110117004214":{"name":"南杨家桥村","next":0},"110117004215":{"name":"桥头村","next":0},"110117004216":{"name":"厂门口村","next":0},"110117004217":{"name":"云峰寺村","next":0},"110117004218":{"name":"大官庄村","next":0},"110117004219":{"name":"小官庄村","next":0}}