{"110108019003":{"name":"永泰园第一社区","next":0},"110108019004":{"name":"清缘里社区","next":0},"110108019005":{"name":"建材西里社区","next":0},"110108019006":{"name":"机械学院联合社区","next":0},"110108019009":{"name":"永泰西里社区","next":0},"110108019010":{"name":"宝盛里社区","next":0},"110108019012":{"name":"建材东里社区","next":0},"110108019013":{"name":"清缘东里社区","next":0},"110108019014":{"name":"悦秀园社区","next":0},"110108019015":{"name":"电科院社区","next":0},"110108019016":{"name":"沁春家园社区","next":0},"110108019018":{"name":"育新花园社区","next":0},"110108019021":{"name":"冶金研究院社区","next":0},"110108019022":{"name":"北新集团社区","next":0},"110108019023":{"name":"9511工厂联合社区","next":0},"110108019024":{"name":"永泰庄社区","next":0},"110108019025":{"name":"清润家园社区","next":0},"110108019026":{"name":"永泰园第二社区","next":0},"110108019027":{"name":"建材城联合社区","next":0},"110108019028":{"name":"小营联合社区","next":0},"110108019029":{"name":"怡清园社区","next":0},"110108019030":{"name":"枫丹丽舍社区","next":0},"110108019032":{"name":"知本时代社区","next":0},"110108019033":{"name":"清景园社区","next":0},"110108019034":{"name":"清缘西里社区","next":0},"110108019035":{"name":"富力桃园社区","next":0},"110108019036":{"name":"永泰东里社区","next":0}}