{"110119108001":{"name":"沈家营镇社区","next":0},"110119108002":{"name":"天成家园社区","next":0},"110119108200":{"name":"沈家营村","next":0},"110119108201":{"name":"东王化营村","next":0},"110119108202":{"name":"冯庄村","next":0},"110119108203":{"name":"新合营村","next":0},"110119108204":{"name":"曹官营村","next":0},"110119108205":{"name":"临河村","next":0},"110119108206":{"name":"香村营村","next":0},"110119108207":{"name":"北老君堂村","next":0},"110119108208":{"name":"兴安堡村","next":0},"110119108209":{"name":"魏家营村","next":0},"110119108210":{"name":"连家营村","next":0},"110119108211":{"name":"前吕庄村","next":0},"110119108212":{"name":"后吕庄村","next":0},"110119108213":{"name":"马匹营村","next":0},"110119108214":{"name":"孙庄村","next":0},"110119108215":{"name":"下郝庄村","next":0},"110119108216":{"name":"北梁村","next":0},"110119108217":{"name":"八里店村","next":0},"110119108218":{"name":"西王化营村","next":0},"110119108219":{"name":"河东村","next":0},"110119108220":{"name":"下花园村","next":0},"110119108221":{"name":"上花园村","next":0}}