{"110106018001":{"name":"纪家庙社区","next":0},"110106018002":{"name":"天伦锦城社区","next":0},"110106018003":{"name":"草桥欣园第一社区","next":0},"110106018004":{"name":"草桥欣园第二社区","next":0},"110106018005":{"name":"白盆窑天兴家园社区","next":0},"110106018006":{"name":"郭公庄幸福家园社区","next":0},"110106018007":{"name":"四合欣园社区","next":0},"110106018008":{"name":"刘孟家园社区","next":0},"110106018009":{"name":"三乐花园社区","next":0},"110106018200":{"name":"草桥村","next":0},"110106018201":{"name":"黄土岗村","next":0},"110106018202":{"name":"新发地村","next":0},"110106018203":{"name":"白盆窑村","next":0},"110106018204":{"name":"郭公庄村","next":0},"110106018205":{"name":"高立庄村","next":0},"110106018206":{"name":"六圈村","next":0},"110106018207":{"name":"看丹村","next":0},"110106018208":{"name":"榆树庄村","next":0},"110106018209":{"name":"羊坊村","next":0},"110106018210":{"name":"葆台村","next":0},"110106018211":{"name":"樊家村","next":0},"110106018212":{"name":"纪家庙村","next":0},"110106018213":{"name":"造甲村","next":0}}