{"110119200001":{"name":"大庄科乡社区","next":0},"110119200200":{"name":"东二道河村","next":0},"110119200201":{"name":"台自沟村","next":0},"110119200202":{"name":"榆木沟村","next":0},"110119200203":{"name":"东太平庄村","next":0},"110119200204":{"name":"黄土梁村","next":0},"110119200205":{"name":"小庄科村","next":0},"110119200206":{"name":"里长沟村","next":0},"110119200207":{"name":"大庄科村","next":0},"110119200208":{"name":"汉家川河北村","next":0},"110119200209":{"name":"汉家川河南村","next":0},"110119200210":{"name":"董家沟村","next":0},"110119200211":{"name":"慈母川村","next":0},"110119200212":{"name":"沙门村","next":0},"110119200213":{"name":"景而沟村","next":0},"110119200214":{"name":"沙塘沟村","next":0},"110119200215":{"name":"霹破石村","next":0},"110119200216":{"name":"铁炉村","next":0},"110119200217":{"name":"西沙梁村","next":0},"110119200218":{"name":"瓦庙村","next":0},"110119200219":{"name":"车岭村","next":0},"110119200220":{"name":"松树沟村","next":0},"110119200221":{"name":"暖水面村","next":0},"110119200222":{"name":"水泉沟村","next":0},"110119200223":{"name":"旺泉沟村","next":0},"110119200224":{"name":"龙泉峪村","next":0},"110119200225":{"name":"香屯村","next":0},"110119200226":{"name":"东三岔村","next":0},"110119200227":{"name":"解字石村","next":0},"110119200228":{"name":"东王庄村","next":0}}