{"110117105200":{"name":"前北宫村","next":0},"110117105201":{"name":"后北宫村","next":0},"110117105202":{"name":"胜利村","next":0},"110117105203":{"name":"陈庄子村","next":0},"110117105204":{"name":"苏子峪村","next":0},"110117105205":{"name":"山门沟村","next":0},"110117105206":{"name":"麻子峪村","next":0},"110117105207":{"name":"挂甲峪村","next":0},"110117105208":{"name":"大华山村","next":0},"110117105209":{"name":"砖瓦窑村","next":0},"110117105210":{"name":"泉水峪村","next":0},"110117105211":{"name":"西峪村","next":0},"110117105212":{"name":"西长峪村","next":0},"110117105213":{"name":"西牛峪村","next":0},"110117105214":{"name":"瓦官头村","next":0},"110117105215":{"name":"梯子峪村","next":0},"110117105216":{"name":"李家峪村","next":0},"110117105217":{"name":"东辛撞村","next":0},"110117105218":{"name":"大峪子村","next":0},"110117105219":{"name":"小峪子村","next":0}}