{"110114119001":{"name":"北新村社区","next":0},"110114119002":{"name":"十三陵胡庄社区","next":0},"110114119201":{"name":"胡庄村","next":0},"110114119202":{"name":"石牌坊村","next":0},"110114119203":{"name":"涧头村","next":0},"110114119204":{"name":"大宫门村","next":0},"110114119205":{"name":"仙人洞村","next":0},"110114119206":{"name":"南新村","next":0},"110114119207":{"name":"西山口村","next":0},"110114119208":{"name":"长陵园村","next":0},"110114119209":{"name":"康陵园村","next":0},"110114119210":{"name":"小宫门村","next":0},"110114119211":{"name":"王庄村","next":0},"110114119212":{"name":"泰陵园村","next":0},"110114119213":{"name":"悼陵监村","next":0},"110114119214":{"name":"万娘坟村","next":0},"110114119215":{"name":"德胜口村","next":0},"110114119216":{"name":"果庄村","next":0},"110114119217":{"name":"景陵村","next":0},"110114119218":{"name":"德陵村","next":0},"110114119219":{"name":"永陵村","next":0},"110114119220":{"name":"昭陵村","next":0},"110114119221":{"name":"献陵村","next":0},"110114119222":{"name":"长陵村","next":0},"110114119223":{"name":"东水峪村","next":0},"110114119224":{"name":"庆陵村","next":0},"110114119225":{"name":"裕陵村","next":0},"110114119226":{"name":"老君堂村","next":0},"110114119227":{"name":"黄泉寺村","next":0},"110114119228":{"name":"茂陵村","next":0},"110114119229":{"name":"燕子口村","next":0},"110114119230":{"name":"康陵村","next":0},"110114119231":{"name":"泰陵村","next":0},"110114119232":{"name":"石头园村","next":0},"110114119233":{"name":"锥石口村","next":0},"110114119234":{"name":"麻峪房村","next":0},"110114119235":{"name":"下口村","next":0},"110114119236":{"name":"上口村","next":0},"110114119237":{"name":"碓臼峪村","next":0},"110114119238":{"name":"大岭沟村","next":0}}