{"110106017001":{"name":"金鹏天润社区","next":0},"110106017002":{"name":"丽泽景园社区","next":0},"110106017003":{"name":"西局欣园社区","next":0},"110106017004":{"name":"西局玉园社区","next":0},"110106017200":{"name":"太平桥村","next":0},"110106017201":{"name":"马连道村","next":0},"110106017202":{"name":"菜户营村","next":0},"110106017204":{"name":"万泉寺村","next":0},"110106017205":{"name":"东管头村","next":0},"110106017206":{"name":"小井村","next":0},"110106017207":{"name":"六里桥村","next":0},"110106017208":{"name":"西局村","next":0},"110106017209":{"name":"周庄子村","next":0},"110106017210":{"name":"岳各庄村","next":0},"110106017211":{"name":"靛厂村","next":0},"110106017212":{"name":"郑常庄村","next":0},"110106017213":{"name":"大井村","next":0},"110106017214":{"name":"小屯村","next":0},"110106017215":{"name":"小瓦窑村","next":0},"110106017216":{"name":"张仪村","next":0},"110106017217":{"name":"郭庄子村","next":0},"110106017218":{"name":"卢沟桥村","next":0},"110106017219":{"name":"大瓦窑村","next":0}}