{"110114001000":{"name":"城北街道","next":1},"110114002000":{"name":"南口地区","next":1},"110114003000":{"name":"马池口地区","next":1},"110114004000":{"name":"沙河地区","next":1},"110114005000":{"name":"城南街道","next":1},"110114007000":{"name":"东小口地区","next":1},"110114008000":{"name":"天通苑北街道","next":1},"110114009000":{"name":"天通苑南街道","next":1},"110114010000":{"name":"霍营街道","next":1},"110114011000":{"name":"回龙观街道","next":1},"110114012000":{"name":"龙泽园街道","next":1},"110114013000":{"name":"史各庄街道","next":1},"110114104000":{"name":"阳坊镇","next":1},"110114110000":{"name":"小汤山镇","next":1},"110114111000":{"name":"南邵镇","next":1},"110114112000":{"name":"崔村镇","next":1},"110114113000":{"name":"百善镇","next":1},"110114115000":{"name":"北七家镇","next":1},"110114116000":{"name":"兴寿镇","next":1},"110114118000":{"name":"流村镇","next":1},"110114119000":{"name":"十三陵镇","next":1},"110114120000":{"name":"延寿镇","next":1}}