{"110117002001":{"name":"乐园东社区","next":0},"110117002002":{"name":"兴谷园社区","next":0},"110117002004":{"name":"光明社区","next":0},"110117002005":{"name":"新星社区","next":0},"110117002006":{"name":"金乡东社区","next":0},"110117002007":{"name":"金乡西社区","next":0},"110117002008":{"name":"园丁社区","next":0},"110117002009":{"name":"乐园西社区","next":0},"110117002010":{"name":"阳光社区","next":0},"110117002011":{"name":"兴谷家园社区","next":0},"110117002012":{"name":"邑上原著社区","next":0},"110117002200":{"name":"杜辛庄村","next":0},"110117002201":{"name":"中罗庄村","next":0},"110117002202":{"name":"上纸寨村","next":0}}