{"110113009001":{"name":"佳和宜园第一社区","next":0},"110113009002":{"name":"佳和宜园第二社区","next":0},"110113009003":{"name":"中晟馨苑北区社区","next":0},"110113009214":{"name":"良正卷村","next":0},"110113009215":{"name":"庙卷村","next":0},"110113009216":{"name":"衙门村","next":0},"110113009218":{"name":"石家营村","next":0},"110113009219":{"name":"毛家营村","next":0},"110113009220":{"name":"姚店村","next":0},"110113009221":{"name":"马卷村","next":0}}