{"110105037001":{"name":"康营家园一社区","next":0},"110105037002":{"name":"康营家园二社区","next":0},"110105037003":{"name":"康营家园三社区","next":0},"110105037004":{"name":"康营家园四社区","next":0},"110105037005":{"name":"下辛堡社区","next":0},"110105037200":{"name":"孙河村","next":0},"110105037203":{"name":"康营村","next":0},"110105037204":{"name":"北甸东村","next":0},"110105037205":{"name":"北甸西村","next":0},"110105037206":{"name":"西甸村","next":0},"110105037207":{"name":"下辛堡村","next":0},"110105037208":{"name":"上辛堡村","next":0},"110105037209":{"name":"黄港村","next":0},"110105037210":{"name":"李县坟村","next":0},"110105037211":{"name":"雷桥村","next":0},"110105037212":{"name":"沈家坟村","next":0},"110105037213":{"name":"沙子营村","next":0},"110105037214":{"name":"苇沟村","next":0}}