{"110117006001":{"name":"罗汉石","next":0},"110117006002":{"name":"东马各庄","next":0},"110117006200":{"name":"韩庄村","next":0},"110117006201":{"name":"胡庄村","next":0},"110117006202":{"name":"东土门村","next":0},"110117006203":{"name":"马屯村","next":0},"110117006204":{"name":"祖务村","next":0},"110117006205":{"name":"耿井村","next":0},"110117006206":{"name":"晏庄村","next":0},"110117006207":{"name":"上宅村","next":0},"110117006208":{"name":"滑子村","next":0},"110117006209":{"name":"洙水村","next":0},"110117006210":{"name":"水峪村","next":0},"110117006211":{"name":"向阳村","next":0},"110117006212":{"name":"海子村","next":0},"110117006213":{"name":"靠山集村","next":0},"110117006214":{"name":"郭家屯村","next":0},"110117006215":{"name":"东上营村","next":0},"110117006216":{"name":"茅山后村","next":0},"110117006217":{"name":"小东沟村","next":0},"110117006218":{"name":"彰作村","next":0},"110117006219":{"name":"红石门村","next":0},"110117006220":{"name":"中心村","next":0},"110117006221":{"name":"将军关村","next":0},"110117006222":{"name":"黑水湾村","next":0},"110117006223":{"name":"黄草洼村","next":0},"110117006224":{"name":"红石坎村","next":0},"110117006225":{"name":"上堡子村","next":0}}