{"110107006003":{"name":"金顶街四区社区","next":0},"110107006004":{"name":"金顶街一区社区","next":0},"110107006005":{"name":"赵山社区","next":0},"110107006006":{"name":"西福村社区","next":0},"110107006008":{"name":"铸造村社区","next":0},"110107006010":{"name":"模式口东里社区","next":0},"110107006013":{"name":"模式口中里社区","next":0},"110107006014":{"name":"模式口南里社区","next":0},"110107006023":{"name":"模式口北里社区","next":0},"110107006024":{"name":"模式口村社区","next":0},"110107006026":{"name":"金顶街三区社区","next":0},"110107006027":{"name":"金顶街五区社区","next":0},"110107006028":{"name":"模式口西里南区社区","next":0},"110107006029":{"name":"模式口西里北区社区","next":0},"110107006030":{"name":"模式口西里中区社区","next":0},"110107006031":{"name":"金顶街二区社区","next":0}}