{"110118106001":{"name":"穆家峪社区","next":0},"110118106002":{"name":"新农村社区","next":0},"110118106003":{"name":"前栗园社区","next":0},"110118106200":{"name":"刘林池村","next":0},"110118106201":{"name":"新农村","next":0},"110118106202":{"name":"前栗园村","next":0},"110118106203":{"name":"后栗园村","next":0},"110118106204":{"name":"沙峪沟村","next":0},"110118106205":{"name":"大石岭村","next":0},"110118106206":{"name":"水漳村","next":0},"110118106207":{"name":"达峪沟村","next":0},"110118106208":{"name":"荆稍坟村","next":0},"110118106209":{"name":"羊山村","next":0},"110118106210":{"name":"南穆家峪村","next":0},"110118106211":{"name":"北穆家峪村","next":0},"110118106212":{"name":"九松山村","next":0},"110118106213":{"name":"西穆家峪村","next":0},"110118106214":{"name":"阁老峪村","next":0},"110118106215":{"name":"娄子峪村","next":0},"110118106216":{"name":"达岩村","next":0},"110118106217":{"name":"辛安庄村","next":0},"110118106218":{"name":"荆子峪村","next":0},"110118106219":{"name":"上峪村","next":0},"110118106220":{"name":"庄头峪村","next":0},"110118106221":{"name":"碱厂村","next":0}}