{"110116102001":{"name":"幸福东园社区","next":0},"110116102002":{"name":"裕华园社区","next":0},"110116102201":{"name":"宰相庄村","next":0},"110116102202":{"name":"安各庄村","next":0},"110116102203":{"name":"北房村","next":0},"110116102204":{"name":"南房村","next":0},"110116102205":{"name":"黄吉营村","next":0},"110116102206":{"name":"驸马庄村","next":0},"110116102207":{"name":"梨园庄村","next":0},"110116102208":{"name":"郑家庄村","next":0},"110116102209":{"name":"韦里村","next":0},"110116102210":{"name":"小罗山村","next":0},"110116102211":{"name":"大罗山村","next":0},"110116102212":{"name":"小辛庄村","next":0},"110116102213":{"name":"大周各庄村","next":0},"110116102214":{"name":"小周各庄村","next":0},"110116102215":{"name":"新房子村","next":0},"110116102216":{"name":"胜利村","next":0}}