{"110101016001":{"name":"东晓市社区","next":0},"110101016002":{"name":"西园子社区","next":0},"110101016003":{"name":"东半壁街社区","next":0},"110101016004":{"name":"西草市社区","next":0},"110101016005":{"name":"红庙街社区","next":0},"110101016006":{"name":"东市场社区","next":0},"110101016007":{"name":"西里北区社区","next":0},"110101016008":{"name":"永内大街社区","next":0},"110101016009":{"name":"东里南区社区","next":0},"110101016010":{"name":"东里北区社区","next":0},"110101016011":{"name":"永内东街西里社区","next":0},"110101016012":{"name":"永内东街中里社区","next":0},"110101016013":{"name":"永内东街东里社区","next":0},"110101016014":{"name":"金鱼池西区社区","next":0},"110101016015":{"name":"金鱼池中区社区","next":0},"110101016016":{"name":"金鱼池东区社区","next":0}}