{"110109105001":{"name":"雁翅社区","next":0},"110109105201":{"name":"河南台村","next":0},"110109105202":{"name":"雁翅村","next":0},"110109105203":{"name":"芹峪村","next":0},"110109105204":{"name":"下马岭村","next":0},"110109105205":{"name":"饮马鞍村","next":0},"110109105206":{"name":"太子墓村","next":0},"110109105207":{"name":"付家台村","next":0},"110109105208":{"name":"青白口村","next":0},"110109105209":{"name":"珠窝村","next":0},"110109105210":{"name":"碣石村","next":0},"110109105211":{"name":"黄土贵村","next":0},"110109105212":{"name":"泗家水村","next":0},"110109105213":{"name":"淤白村","next":0},"110109105214":{"name":"高台村","next":0},"110109105215":{"name":"松树村","next":0},"110109105216":{"name":"田庄村","next":0},"110109105217":{"name":"苇子水村","next":0},"110109105218":{"name":"大村","next":0},"110109105219":{"name":"房良村","next":0},"110109105220":{"name":"杨村","next":0},"110109105221":{"name":"马套村","next":0},"110109105222":{"name":"山神庙村","next":0},"110109105223":{"name":"跃进村","next":0}}