{"110119201001":{"name":"刘斌堡乡社区","next":0},"110119201200":{"name":"刘斌堡村","next":0},"110119201201":{"name":"大观头村","next":0},"110119201202":{"name":"周四沟村","next":0},"110119201203":{"name":"红果寺村","next":0},"110119201204":{"name":"上虎叫村","next":0},"110119201205":{"name":"下虎叫村","next":0},"110119201206":{"name":"营盘村","next":0},"110119201207":{"name":"营东沟村","next":0},"110119201208":{"name":"马道梁村","next":0},"110119201209":{"name":"山西沟村","next":0},"110119201210":{"name":"山东沟村","next":0},"110119201211":{"name":"山南沟村","next":0},"110119201212":{"name":"小观头村","next":0},"110119201213":{"name":"观西沟村","next":0},"110119201214":{"name":"姚官岭村","next":0},"110119201215":{"name":"小吉祥村","next":0}}