{"110102007003":{"name":"月坛社区","next":0},"110102007004":{"name":"社会路社区","next":0},"110102007005":{"name":"铁道部住宅区第三社区","next":0},"110102007006":{"name":"三里河一区社区","next":0},"110102007010":{"name":"南沙沟社区","next":0},"110102007011":{"name":"复兴门北大街社区","next":0},"110102007013":{"name":"铁道部住宅区第二、二社区","next":0},"110102007016":{"name":"复兴门外大街甲7号院社区","next":0},"110102007018":{"name":"三里河二区社区","next":0},"110102007020":{"name":"三里河三区第一社区","next":0},"110102007022":{"name":"三里河三区第三社区","next":0},"110102007024":{"name":"南礼士路社区","next":0},"110102007025":{"name":"木樨地社区","next":0},"110102007028":{"name":"复兴门外社区","next":0},"110102007029":{"name":"全国总工会住宅区社区","next":0},"110102007030":{"name":"白云观社区","next":0},"110102007032":{"name":"真武庙社区","next":0},"110102007033":{"name":"广电总局住宅区第二社区","next":0},"110102007034":{"name":"西便门社区","next":0},"110102007035":{"name":"铁道部住宅区第二、一社区","next":0},"110102007037":{"name":"广电总局住宅区第一社区","next":0},"110102007038":{"name":"汽车局河南社区","next":0},"110102007039":{"name":"汽车局河北社区","next":0},"110102007043":{"name":"公安住宅区社区","next":0},"110102007045":{"name":"铁道部住宅区第四社区","next":0},"110102007048":{"name":"三里河社区","next":0}}