{"110115105200":{"name":"堡林庄村","next":0},"110115105201":{"name":"后安定村","next":0},"110115105202":{"name":"前安定村","next":0},"110115105203":{"name":"沙河村","next":0},"110115105204":{"name":"站上村","next":0},"110115105205":{"name":"高店村","next":0},"110115105206":{"name":"后野厂村","next":0},"110115105207":{"name":"前野厂村","next":0},"110115105208":{"name":"杜庄屯村","next":0},"110115105209":{"name":"洪士庄村","next":0},"110115105210":{"name":"潘家马房村","next":0},"110115105211":{"name":"郑福庄村","next":0},"110115105212":{"name":"驴房村","next":0},"110115105213":{"name":"兴安营村","next":0},"110115105214":{"name":"善台子村","next":0},"110115105215":{"name":"西芦各庄村","next":0},"110115105216":{"name":"东芦各庄村","next":0},"110115105217":{"name":"车站村","next":0},"110115105218":{"name":"汤营村","next":0},"110115105219":{"name":"伙达营村","next":0},"110115105220":{"name":"通州马坊村","next":0},"110115105221":{"name":"于家务村","next":0},"110115105222":{"name":"后辛房村","next":0},"110115105223":{"name":"前辛房村","next":0},"110115105224":{"name":"西白塔村","next":0},"110115105225":{"name":"东白塔村","next":0},"110115105226":{"name":"周园子村","next":0},"110115105227":{"name":"徐柏村","next":0},"110115105228":{"name":"皋营村","next":0},"110115105229":{"name":"马各庄村","next":0},"110115105230":{"name":"佟家务村","next":0},"110115105231":{"name":"大渠村","next":0},"110115105232":{"name":"佟营村","next":0}}