{"110117005001":{"name":"汇景社区","next":0},"110117005002":{"name":"慧谷社区","next":0},"110117005003":{"name":"新农社区","next":0},"110117005004":{"name":"腾飞社区","next":0},"110117005200":{"name":"东店村","next":0},"110117005201":{"name":"三条街村","next":0},"110117005202":{"name":"二条街村","next":0},"110117005203":{"name":"西大街村","next":0},"110117005204":{"name":"蒋里庄村","next":0},"110117005205":{"name":"塔寺村","next":0},"110117005206":{"name":"石佛寺村","next":0},"110117005207":{"name":"李蔡街村","next":0},"110117005208":{"name":"早立庄村","next":0},"110117005209":{"name":"河北村","next":0},"110117005210":{"name":"小屯村","next":0},"110117005211":{"name":"英城村","next":0},"110117005212":{"name":"果各庄村","next":0},"110117005213":{"name":"洼里村","next":0},"110117005214":{"name":"梨羊村","next":0},"110117005215":{"name":"打铁庄村","next":0},"110117005216":{"name":"西太平庄村","next":0},"110117005217":{"name":"新建队村","next":0},"110117005218":{"name":"东撞村","next":0},"110117005219":{"name":"杈子庄村","next":0},"110117005220":{"name":"北石渠村","next":0},"110117005221":{"name":"河奎村","next":0}}