{"110114009001":{"name":"东辰社区","next":0},"110114009002":{"name":"佳运园社区","next":0},"110114009003":{"name":"天通苑第二社区","next":0},"110114009004":{"name":"天通西苑第一社区","next":0},"110114009005":{"name":"天通东苑第一社区","next":0},"110114009006":{"name":"天通东苑第二社区","next":0},"110114009007":{"name":"天通苑第一社区","next":0},"110114009008":{"name":"嘉诚花园社区","next":0},"110114009009":{"name":"清水园社区","next":0},"110114009010":{"name":"北方明珠社区","next":0},"110114009011":{"name":"天通东苑第四社区","next":0},"110114009012":{"name":"顶秀清溪社区","next":0},"110114009013":{"name":"奥北中心社区","next":0},"110114009014":{"name":"溪城珑原社区","next":0},"110114009015":{"name":"正辰中心社区","next":0},"110114009201":{"name":"陈营村","next":0}}