{"110114004001":{"name":"南一社区","next":0},"110114004003":{"name":"东一社区","next":0},"110114004004":{"name":"西二社区","next":0},"110114004005":{"name":"北二社区","next":0},"110114004006":{"name":"站前路社区","next":0},"110114004007":{"name":"沙阳路社区","next":0},"110114004008":{"name":"保利罗兰香谷社区","next":0},"110114004009":{"name":"兆丰家园社区","next":0},"110114004010":{"name":"北街家园第一社区","next":0},"110114004011":{"name":"北街家园第二社区","next":0},"110114004012":{"name":"北街家园第三社区","next":0},"110114004013":{"name":"碧水庄园社区","next":0},"110114004014":{"name":"于善街南社区","next":0},"110114004015":{"name":"冠芳园社区","next":0},"110114004016":{"name":"五福家园社区","next":0},"110114004017":{"name":"巩华新村社区","next":0},"110114004018":{"name":"滟澜新宸社区","next":0},"110114004019":{"name":"恒大幸福家园第一社区","next":0},"110114004020":{"name":"恒大幸福家园第二社区","next":0},"110114004021":{"name":"路松街社区","next":0},"110114004022":{"name":"紫荆香谷社区","next":0},"110114004201":{"name":"西沙屯村","next":0},"110114004202":{"name":"老牛湾村","next":0},"110114004203":{"name":"南一村","next":0},"110114004204":{"name":"东一村","next":0},"110114004205":{"name":"西二村","next":0},"110114004206":{"name":"北二村","next":0},"110114004207":{"name":"辛力屯村","next":0},"110114004208":{"name":"路庄村","next":0},"110114004209":{"name":"踩河村","next":0},"110114004210":{"name":"丰善村","next":0},"110114004211":{"name":"于辛庄村","next":0},"110114004212":{"name":"满井东队村","next":0},"110114004213":{"name":"满井西队村","next":0},"110114004214":{"name":"松兰堡村","next":0},"110114004215":{"name":"王庄村","next":0},"110114004216":{"name":"小寨村","next":0},"110114004217":{"name":"大洼村","next":0},"110114004218":{"name":"七里渠南村","next":0},"110114004219":{"name":"七里渠北村","next":0},"110114004220":{"name":"白各庄村","next":0},"110114004221":{"name":"豆各庄村","next":0},"110114004222":{"name":"小沙河村","next":0}}