{"110108027001":{"name":"门头村社区","next":0},"110108027002":{"name":"巨山家园社区","next":0},"110108027003":{"name":"常青园社区","next":0},"110108027004":{"name":"天香颐北里社区","next":0},"110108027005":{"name":"西郊机场社区","next":0},"110108027006":{"name":"郦城社区","next":0},"110108027007":{"name":"闵航南里社区","next":0},"110108027008":{"name":"宝山社区","next":0},"110108027009":{"name":"玉泉社区","next":0},"110108027010":{"name":"西山社区","next":0},"110108027011":{"name":"西冉社区","next":0},"110108027012":{"name":"振兴社区","next":0},"110108027201":{"name":"田村","next":0},"110108027202":{"name":"宝山村","next":0},"110108027203":{"name":"振兴村","next":0},"110108027204":{"name":"高庄村","next":0},"110108027205":{"name":"常青村","next":0},"110108027206":{"name":"西冉村","next":0},"110108027207":{"name":"西山村","next":0},"110108027208":{"name":"双新村","next":0},"110108027209":{"name":"玉泉村","next":0},"110108027210":{"name":"门头村","next":0},"110108027211":{"name":"巨山村","next":0},"110108027212":{"name":"香山村","next":0},"110108027213":{"name":"兰靛厂村","next":0}}