{"110105041003":{"name":"青青家园社区","next":0},"110105041004":{"name":"绿丰家园社区","next":0},"110105041005":{"name":"阳光家园社区","next":0},"110105041006":{"name":"京城雅居社区","next":0},"110105041007":{"name":"文化传播社区","next":0},"110105041008":{"name":"朝丰家园社区","next":0},"110105041010":{"name":"富力又一城第一社区","next":0},"110105041011":{"name":"富力又一城第二社区","next":0},"110105041012":{"name":"明德园社区","next":0},"110105041013":{"name":"青荷里社区","next":0},"110105041014":{"name":"御景湾社区","next":0},"110105041200":{"name":"豆各庄村","next":0},"110105041201":{"name":"马家湾村","next":0},"110105041202":{"name":"水牛坊村","next":0},"110105041203":{"name":"孙家坡村","next":0},"110105041204":{"name":"孟家屯村","next":0},"110105041205":{"name":"东马各庄村","next":0},"110105041206":{"name":"西马各庄村","next":0},"110105041207":{"name":"于家围南队村","next":0},"110105041208":{"name":"于家围北队村","next":0},"110105041209":{"name":"南何家村","next":0},"110105041210":{"name":"石槽村","next":0},"110105041211":{"name":"黄厂村","next":0}}