{"110105027001":{"name":"四道口","next":0},"110105027002":{"name":"三台山","next":0},"110105027003":{"name":"玉器厂","next":0},"110105027004":{"name":"恋日绿岛社区","next":0},"110105027009":{"name":"中海城社区","next":0},"110105027010":{"name":"鸿博家园第一社区","next":0},"110105027011":{"name":"鸿博家园第二社区委员会","next":0},"110105027012":{"name":"鸿博家园第三社区委员会","next":0},"110105027013":{"name":"鸿博家园第四社区","next":0},"110105027014":{"name":"鸿博家园第五社区","next":0},"110105027200":{"name":"小红门村","next":0},"110105027201":{"name":"牌坊村","next":0},"110105027202":{"name":"龙爪树村","next":0},"110105027203":{"name":"肖村","next":0}}