{"110106010001":{"name":"万柳园社区","next":0},"110106010002":{"name":"万柳西园社区","next":0},"110106010003":{"name":"育芳园社区","next":0},"110106010004":{"name":"草桥社区","next":0},"110106010005":{"name":"银地社区","next":0},"110106010006":{"name":"育仁里社区","next":0},"110106010007":{"name":"明春苑社区","next":0},"110106010008":{"name":"桥梁厂第一社区","next":0},"110106010009":{"name":"桥梁厂第二社区","next":0},"110106010010":{"name":"造甲南里社区","next":0},"110106010011":{"name":"造甲村社区","next":0},"110106010012":{"name":"韩庄子第一社区","next":0},"110106010013":{"name":"韩庄子第二社区","next":0},"110106010014":{"name":"科学城第二社区","next":0},"110106010015":{"name":"怡海花园社区","next":0},"110106010016":{"name":"科学城第一社区","next":0},"110106010017":{"name":"富丰园社区","next":0},"110106010018":{"name":"看丹社区","next":0},"110106010019":{"name":"富锦嘉园社区","next":0},"110106010020":{"name":"丰西社区","next":0},"110106010021":{"name":"电力机社区","next":0},"110106010025":{"name":"三环新城第一社区","next":0},"110106010026":{"name":"万年花城第一社区","next":0},"110106010027":{"name":"三环新城第二社区","next":0},"110106010028":{"name":"三环新城第三社区","next":0},"110106010029":{"name":"万年花城第二社区","next":0},"110106010030":{"name":"芳菲路社区","next":0},"110106010031":{"name":"首经贸中街社区","next":0},"110106010032":{"name":"优筑社区","next":0},"110106010033":{"name":"风格与林社区","next":0},"110106010034":{"name":"鸿业兴园社区","next":0},"110106010035":{"name":"青秀城社区","next":0},"110106010036":{"name":"中海九浩苑社区","next":0},"110106010037":{"name":"银地第二社区","next":0}}