{"110106014001":{"name":"城北社区","next":0},"110106014002":{"name":"宛平城社区","next":0},"110106014003":{"name":"城南社区","next":0},"110106014004":{"name":"晓月苑社区","next":0},"110106014005":{"name":"老庄子社区","next":0},"110106014006":{"name":"晓月苑第二社区","next":0},"110106014007":{"name":"沸城社区","next":0},"110106014008":{"name":"城南第二社区","next":0},"110106014009":{"name":"景园社区","next":0},"110106014201":{"name":"永合庄村","next":0},"110106014202":{"name":"北天堂村","next":0}}