{"110114010001":{"name":"华龙苑南里社区","next":0},"110114010002":{"name":"华龙苑北里社区","next":0},"110114010003":{"name":"蓝天园社区","next":0},"110114010004":{"name":"天鑫家园社区","next":0},"110114010005":{"name":"霍营小区社区","next":0},"110114010006":{"name":"上坡佳园社区","next":0},"110114010007":{"name":"华龙苑中里社区","next":0},"110114010008":{"name":"流星花园社区","next":0},"110114010009":{"name":"龙回苑社区","next":0},"110114010010":{"name":"和谐家园社区","next":0},"110114010011":{"name":"田园风光雅苑社区","next":0},"110114010012":{"name":"龙锦苑一区社区","next":0},"110114010013":{"name":"龙锦苑东一区社区","next":0},"110114010014":{"name":"龙锦苑东二区社区","next":0},"110114010015":{"name":"龙锦苑东五区社区","next":0},"110114010016":{"name":"龙锦苑东三区社区","next":0},"110114010017":{"name":"龙锦苑东四区社区","next":0},"110114010018":{"name":"紫金新干线社区","next":0},"110114010019":{"name":"霍家营社区","next":0}}