{"110113110001":{"name":"永强花园社区","next":0},"110113110002":{"name":"浅山香邑社区","next":0},"110113110201":{"name":"良山村","next":0},"110113110202":{"name":"小三渠村","next":0},"110113110203":{"name":"麻林山村","next":0},"110113110204":{"name":"贾家洼子村","next":0},"110113110205":{"name":"李家洼子村","next":0},"110113110206":{"name":"吕布屯村","next":0},"110113110207":{"name":"雁户庄村","next":0},"110113110208":{"name":"港西村","next":0},"110113110209":{"name":"大故现村","next":0},"110113110210":{"name":"刘辛庄村","next":0},"110113110211":{"name":"张各庄村","next":0},"110113110212":{"name":"厂门口村","next":0},"110113110213":{"name":"虫王庙村","next":0},"110113110214":{"name":"北营村","next":0},"110113110215":{"name":"西营村","next":0},"110113110216":{"name":"小曹庄村","next":0},"110113110217":{"name":"驻马庄村","next":0},"110113110218":{"name":"柏树庄村","next":0},"110113110219":{"name":"白辛庄村","next":0},"110113110220":{"name":"赵各庄村","next":0},"110113110221":{"name":"后王会村","next":0},"110113110222":{"name":"前王会村","next":0},"110113110223":{"name":"后苏桥村","next":0},"110113110224":{"name":"前苏桥村","next":0},"110113110225":{"name":"王庄村","next":0},"110113110226":{"name":"聂庄村","next":0},"110113110227":{"name":"朱庄村","next":0},"110113110228":{"name":"侯庄村","next":0},"110113110229":{"name":"行宫村","next":0}}