{"110109001000":{"name":"大峪街道","next":1},"110109002000":{"name":"城子街道","next":1},"110109003000":{"name":"东辛房街道","next":1},"110109004000":{"name":"大台街道","next":1},"110109005000":{"name":"王平地区","next":1},"110109006000":{"name":"永定地区","next":1},"110109007000":{"name":"龙泉地区","next":1},"110109101000":{"name":"潭柘寺镇","next":1},"110109104000":{"name":"军庄镇","next":1},"110109105000":{"name":"雁翅镇","next":1},"110109106000":{"name":"斋堂镇","next":1},"110109107000":{"name":"清水镇","next":1},"110109108000":{"name":"妙峰山镇","next":1}}