{"110118111001":{"name":"南菜园社区","next":0},"110118111002":{"name":"古北口社区","next":0},"110118111003":{"name":"北头社区","next":0},"110118111004":{"name":"东山社区","next":0},"110118111200":{"name":"古北口村","next":0},"110118111201":{"name":"河西村","next":0},"110118111202":{"name":"潮关村","next":0},"110118111203":{"name":"杨庄子村","next":0},"110118111204":{"name":"龙洋村","next":0},"110118111205":{"name":"北甸子村","next":0},"110118111206":{"name":"北台村","next":0},"110118111207":{"name":"汤河村","next":0},"110118111208":{"name":"司马台村","next":0}}