{"110118110001":{"name":"冯家峪社区","next":0},"110118110200":{"name":"保峪岭村","next":0},"110118110201":{"name":"西庄子村","next":0},"110118110202":{"name":"石洞子村","next":0},"110118110203":{"name":"冯家峪村","next":0},"110118110204":{"name":"西口外村","next":0},"110118110205":{"name":"西白莲峪村","next":0},"110118110206":{"name":"三岔口村","next":0},"110118110207":{"name":"朱家峪村","next":0},"110118110208":{"name":"下营村","next":0},"110118110209":{"name":"白马关村","next":0},"110118110210":{"name":"番字牌村","next":0},"110118110211":{"name":"黄梁根村","next":0},"110118110212":{"name":"西苍峪村","next":0},"110118110213":{"name":"司营子村","next":0},"110118110214":{"name":"前火岭村","next":0},"110118110215":{"name":"石湖根村","next":0},"110118110216":{"name":"北栅子村","next":0},"110118110217":{"name":"南台子村","next":0}}