{"110118101001":{"name":"第一社区","next":0},"110118101002":{"name":"第二社区","next":0},"110118101003":{"name":"第三社区","next":0},"110118101004":{"name":"第四社区","next":0},"110118101005":{"name":"第五社区","next":0},"110118101006":{"name":"润溪社区","next":0},"110118101007":{"name":"云溪社区","next":0},"110118101008":{"name":"澜茵山社区","next":0},"110118101200":{"name":"北白岩村","next":0},"110118101201":{"name":"溪翁庄村","next":0},"110118101202":{"name":"金叵罗村","next":0},"110118101203":{"name":"石马峪村","next":0},"110118101204":{"name":"走马庄村","next":0},"110118101205":{"name":"尖岩村","next":0},"110118101206":{"name":"东智东村","next":0},"110118101207":{"name":"东智西村","next":0},"110118101208":{"name":"东智北村","next":0},"110118101209":{"name":"石墙沟村","next":0},"110118101210":{"name":"黑山寺村","next":0},"110118101211":{"name":"立新庄村","next":0},"110118101212":{"name":"白草洼村","next":0},"110118101213":{"name":"东营子村","next":0}}