{"110115107200":{"name":"石垡村","next":0},"110115107201":{"name":"西黄垡村","next":0},"110115107202":{"name":"留士庄村","next":0},"110115107203":{"name":"小黄垡村","next":0},"110115107204":{"name":"履磕村","next":0},"110115107205":{"name":"刘家铺村","next":0},"110115107206":{"name":"闫家场村","next":0},"110115107207":{"name":"西麻各庄村","next":0},"110115107208":{"name":"东麻各庄村","next":0},"110115107209":{"name":"邓家屯村","next":0},"110115107210":{"name":"魏各庄村","next":0},"110115107211":{"name":"西瓮各庄村","next":0},"110115107212":{"name":"东瓮各庄村","next":0},"110115107213":{"name":"新桥村","next":0},"110115107214":{"name":"孙各庄村","next":0},"110115107215":{"name":"景家场村","next":0},"110115107216":{"name":"辛庄村","next":0},"110115107217":{"name":"大练庄村","next":0},"110115107218":{"name":"黄各庄村","next":0},"110115107219":{"name":"榆垡村","next":0},"110115107220":{"name":"求贤村","next":0},"110115107221":{"name":"太子务村","next":0},"110115107222":{"name":"东庄营村","next":0},"110115107223":{"name":"訚家铺村","next":0},"110115107224":{"name":"西胡林村","next":0},"110115107225":{"name":"东胡林村","next":0},"110115107226":{"name":"张家务村","next":0},"110115107227":{"name":"十里铺村","next":0},"110115107228":{"name":"南各庄村","next":0},"110115107229":{"name":"西宋各庄村","next":0},"110115107230":{"name":"东宋各庄村","next":0},"110115107231":{"name":"朱家务村","next":0},"110115107232":{"name":"南庄村","next":0},"110115107233":{"name":"公各庄村","next":0},"110115107234":{"name":"西张华村","next":0},"110115107235":{"name":"东张华村","next":0},"110115107236":{"name":"南张华村","next":0},"110115107237":{"name":"康张华村","next":0},"110115107238":{"name":"崔庄屯村","next":0},"110115107239":{"name":"南黑垡村","next":0},"110115107240":{"name":"小店村","next":0},"110115107241":{"name":"郭家务村","next":0},"110115107242":{"name":"刘各庄村","next":0},"110115107243":{"name":"小押堤村","next":0},"110115107244":{"name":"北化各庄村","next":0},"110115107245":{"name":"南化各庄村","next":0},"110115107246":{"name":"辛安庄村","next":0},"110115107247":{"name":"王家屯村","next":0},"110115107248":{"name":"曹辛庄村","next":0},"110115107249":{"name":"香营村","next":0},"110115107250":{"name":"曹各庄村","next":0},"110115107251":{"name":"辛村","next":0},"110115107252":{"name":"马家屯村","next":0},"110115107253":{"name":"西押堤村","next":0},"110115107254":{"name":"东押堤村","next":0},"110115107255":{"name":"石佛寺村","next":0},"110115107256":{"name":"贾屯村","next":0},"110115107257":{"name":"崔指挥营村","next":0},"110115107401":{"name":"榆垡镇工业区","next":0}}