{"110105018065":{"name":"磨房南里社区","next":0},"110105018066":{"name":"武圣东里社区","next":0},"110105018067":{"name":"松榆东里社区","next":0},"110105018068":{"name":"松榆里社区","next":0},"110105018069":{"name":"松榆西里社区","next":0},"110105018070":{"name":"武圣农光社区","next":0},"110105018071":{"name":"华威北里社区","next":0},"110105018072":{"name":"潘家园东里社区","next":0},"110105018073":{"name":"华威西里社区","next":0},"110105018074":{"name":"潘家园社区","next":0},"110105018075":{"name":"潘家园南里社区","next":0},"110105018076":{"name":"华威里社区","next":0}}