{"110119102001":{"name":"八达岭镇社区","next":0},"110119102200":{"name":"石峡村","next":0},"110119102201":{"name":"帮水峪村","next":0},"110119102202":{"name":"里炮村","next":0},"110119102203":{"name":"外炮村","next":0},"110119102204":{"name":"营城子村","next":0},"110119102205":{"name":"东曹营村","next":0},"110119102206":{"name":"大浮坨村","next":0},"110119102207":{"name":"小浮坨村","next":0},"110119102208":{"name":"程家窑村","next":0},"110119102209":{"name":"岔道村","next":0},"110119102210":{"name":"西拨子村","next":0},"110119102211":{"name":"南园村","next":0},"110119102212":{"name":"东沟村","next":0},"110119102213":{"name":"石佛寺村","next":0},"110119102214":{"name":"三堡村","next":0}}