{"110114104001":{"name":"阳坊社区","next":0},"110114104201":{"name":"阳坊村","next":0},"110114104202":{"name":"前白虎涧村","next":0},"110114104203":{"name":"后白虎涧村","next":0},"110114104204":{"name":"东贯市村","next":0},"110114104205":{"name":"西贯市村","next":0},"110114104206":{"name":"八口村","next":0},"110114104207":{"name":"辛庄村","next":0},"110114104208":{"name":"史家桥村","next":0},"110114104209":{"name":"西马坊村","next":0},"110114104210":{"name":"四家庄村","next":0}}