{"110102011001":{"name":"京畿道社区","next":0},"110102011003":{"name":"西太平街社区","next":0},"110102011004":{"name":"二龙路社区","next":0},"110102011005":{"name":"东太平街社区","next":0},"110102011007":{"name":"温家街社区","next":0},"110102011008":{"name":"受水河社区","next":0},"110102011009":{"name":"文昌社区","next":0},"110102011010":{"name":"手帕社区","next":0},"110102011011":{"name":"新文化街社区","next":0},"110102011012":{"name":"新华社社区","next":0},"110102011013":{"name":"中央音乐学院社区","next":0},"110102011014":{"name":"教育部社区","next":0},"110102011015":{"name":"民康社区","next":0},"110102011018":{"name":"丰汇园社区","next":0},"110102011019":{"name":"宏汇园社区","next":0},"110102011020":{"name":"丰融园社区","next":0},"110102011021":{"name":"丰盛社区","next":0},"110102011022":{"name":"大院社区","next":0},"110102011023":{"name":"砖塔社区","next":0}}