{"110119002001":{"name":"东外社区","next":0},"110119002002":{"name":"川北东社区","next":0},"110119002003":{"name":"川北西社区","next":0},"110119002004":{"name":"高塔社区","next":0},"110119002005":{"name":"恒安社区","next":0},"110119002006":{"name":"石河营东社区","next":0},"110119002007":{"name":"石河营西社区","next":0},"110119002008":{"name":"双路社区","next":0},"110119002009":{"name":"泰安社区","next":0},"110119002010":{"name":"新兴东社区","next":0},"110119002011":{"name":"新兴西社区","next":0},"110119002012":{"name":"兴运嘉园社区","next":0}}