{"110116001001":{"name":"富乐社区","next":0},"110116001002":{"name":"富乐北里社区","next":0},"110116001004":{"name":"滨湖社区","next":0},"110116001006":{"name":"湖光社区","next":0},"110116001008":{"name":"北园社区","next":0},"110116001010":{"name":"杨家园社区","next":0},"110116001011":{"name":"金台园社区","next":0},"110116001012":{"name":"航天工程大学社区","next":0},"110116001013":{"name":"馥郁苑社区","next":0},"110116001015":{"name":"于家园二区社区","next":0},"110116001016":{"name":"开放路社区","next":0},"110116001017":{"name":"新贤家园社区","next":0},"110116001200":{"name":"南大街村","next":0},"110116001201":{"name":"新贤街村","next":0},"110116001202":{"name":"后城街村","next":0},"110116001203":{"name":"钓鱼台村","next":0},"110116001204":{"name":"潘家园村","next":0},"110116001205":{"name":"杨家园村","next":0},"110116001206":{"name":"于家园村","next":0},"110116001207":{"name":"小中富乐村","next":0}}