{"110106019001":{"name":"双石一社区","next":0},"110106019002":{"name":"双石二社区","next":0},"110106019003":{"name":"福海棠华苑社区","next":0},"110106019004":{"name":"大红门锦苑一社区","next":0},"110106019005":{"name":"大红门锦苑二社区","next":0},"110106019006":{"name":"新宫社区","next":0},"110106019007":{"name":"德鑫嘉园社区","next":0},"110106019200":{"name":"西铁营村","next":0},"110106019201":{"name":"右安门村","next":0},"110106019204":{"name":"东罗园村","next":0},"110106019205":{"name":"果园村","next":0},"110106019206":{"name":"时村","next":0},"110106019207":{"name":"石榴庄村","next":0},"110106019208":{"name":"大红门村","next":0},"110106019209":{"name":"东铁营村","next":0},"110106019210":{"name":"新宫村","next":0},"110106019211":{"name":"分中寺村","next":0},"110106019212":{"name":"南苑村","next":0},"110106019213":{"name":"槐房村","next":0}}