{"110111011001":{"name":"一街社区","next":0},"110111011002":{"name":"三街社区","next":0},"110111011003":{"name":"拱辰大街社区","next":0},"110111011004":{"name":"宜春里社区","next":0},"110111011005":{"name":"梅花庄社区","next":0},"110111011006":{"name":"北关东路社区","next":0},"110111011007":{"name":"行宫园社区","next":0},"110111011008":{"name":"长虹北里社区","next":0},"110111011009":{"name":"昊天小区社区","next":0},"110111011010":{"name":"北京电力设备总厂社区","next":0},"110111011011":{"name":"北京送变电公司社区","next":0},"110111011012":{"name":"北京电力建设公司社区","next":0},"110111011013":{"name":"飞机场社区","next":0},"110111011014":{"name":"一街第二社区","next":0},"110111011015":{"name":"文化路社区","next":0},"110111011016":{"name":"罗府街社区","next":0},"110111011017":{"name":"三街第二社区","next":0},"110111011018":{"name":"拱辰北大街社区","next":0},"110111011019":{"name":"西北关社区","next":0},"110111011020":{"name":"鸿顺园社区","next":0},"110111011021":{"name":"玉竹园社区","next":0},"110111011022":{"name":"伟业嘉园社区","next":0},"110111011023":{"name":"瑞雪春堂社区","next":0},"110111011024":{"name":"绿地花都苑社区","next":0},"110111011025":{"name":"翠林湾嘉园社区","next":0},"110111011026":{"name":"邑尚佳苑社区","next":0},"110111011027":{"name":"紫汇家园社区","next":0},"110111011028":{"name":"伟创嘉园社区","next":0},"110111011029":{"name":"胜茂嘉苑社区","next":0},"110111011200":{"name":"二街村","next":0},"110111011201":{"name":"四街村","next":0},"110111011202":{"name":"五街村","next":0},"110111011203":{"name":"南关村","next":0},"110111011204":{"name":"东关村","next":0},"110111011205":{"name":"后店村","next":0},"110111011206":{"name":"吴店村","next":0},"110111011207":{"name":"黄辛庄村","next":0},"110111011208":{"name":"渔儿沟村","next":0},"110111011209":{"name":"大南关村","next":0},"110111011210":{"name":"纸房村","next":0},"110111011211":{"name":"常庄村","next":0},"110111011212":{"name":"徐庄村","next":0},"110111011213":{"name":"梨村","next":0},"110111011214":{"name":"于管营村","next":0},"110111011215":{"name":"东羊庄村","next":0},"110111011216":{"name":"梅花庄村","next":0},"110111011217":{"name":"小西庄村","next":0},"110111011218":{"name":"辛瓜地村","next":0},"110111011219":{"name":"南广阳城村","next":0}}