{"110111115001":{"name":"大自然新城社区","next":0},"110111115200":{"name":"东营村","next":0},"110111115201":{"name":"赵各庄村","next":0},"110111115202":{"name":"西营村","next":0},"110111115203":{"name":"小次洛村","next":0},"110111115204":{"name":"韩村河村","next":0},"110111115205":{"name":"西东村","next":0},"110111115206":{"name":"曹章村","next":0},"110111115207":{"name":"七贤村","next":0},"110111115208":{"name":"潘家庄村","next":0},"110111115209":{"name":"郑庄村","next":0},"110111115210":{"name":"崇义村","next":0},"110111115211":{"name":"五侯村","next":0},"110111115212":{"name":"岳各庄村","next":0},"110111115213":{"name":"尤家坟村","next":0},"110111115214":{"name":"东南章村","next":0},"110111115215":{"name":"西南章村","next":0},"110111115216":{"name":"龙门口村","next":0},"110111115217":{"name":"二龙岗村","next":0},"110111115218":{"name":"皇后台村","next":0},"110111115219":{"name":"天开村","next":0},"110111115220":{"name":"东周各庄村","next":0},"110111115221":{"name":"西周各庄村","next":0},"110111115222":{"name":"上中院村","next":0},"110111115223":{"name":"下中院村","next":0},"110111115224":{"name":"孤山口村","next":0},"110111115225":{"name":"圣水峪村","next":0},"110111115226":{"name":"罗家峪村","next":0}}