{"110112119001":{"name":"紫荆雅园社区","next":0},"110112119002":{"name":"水仙园社区","next":0},"110112119003":{"name":"荔景园社区","next":0},"110112119201":{"name":"胡各庄村","next":0},"110112119202":{"name":"魏庄村","next":0},"110112119203":{"name":"东杨庄村","next":0},"110112119204":{"name":"霍屯村","next":0},"110112119205":{"name":"古城村","next":0},"110112119206":{"name":"杨坨村","next":0},"110112119207":{"name":"郝家府村","next":0},"110112119208":{"name":"辛安屯村","next":0},"110112119209":{"name":"孙各庄村","next":0},"110112119210":{"name":"后屯村","next":0},"110112119211":{"name":"常屯村","next":0},"110112119212":{"name":"召里村","next":0},"110112119213":{"name":"堡辛村","next":0},"110112119214":{"name":"大台村","next":0},"110112119215":{"name":"前北营村","next":0},"110112119216":{"name":"后北营村","next":0},"110112119217":{"name":"大营村","next":0},"110112119218":{"name":"留庄村","next":0},"110112119219":{"name":"东夏园村","next":0},"110112119220":{"name":"庙上村","next":0},"110112119221":{"name":"东小营村","next":0},"110112119222":{"name":"西堡村","next":0},"110112119223":{"name":"东堡村","next":0},"110112119224":{"name":"七级村","next":0},"110112119225":{"name":"黎辛庄村","next":0},"110112119226":{"name":"南刘各庄村","next":0},"110112119227":{"name":"八各庄村","next":0},"110112119228":{"name":"侉店村","next":0},"110112119229":{"name":"后榆村","next":0},"110112119230":{"name":"前榆林庄村","next":0},"110112119231":{"name":"贾后疃村","next":0},"110112119232":{"name":"东前营村","next":0},"110112119233":{"name":"前疃村","next":0},"110112119234":{"name":"卜落垡村","next":0},"110112119235":{"name":"东刘庄村","next":0},"110112119236":{"name":"大甘棠村","next":0},"110112119237":{"name":"小甘棠村","next":0},"110112119238":{"name":"岔道村","next":0},"110112119239":{"name":"凌家庙村","next":0},"110112119240":{"name":"武疃村","next":0},"110112119241":{"name":"李疃村","next":0},"110112119242":{"name":"燕山营村","next":0},"110112119243":{"name":"兴各庄村","next":0},"110112119244":{"name":"肖庄村","next":0},"110112119245":{"name":"大豆各庄村","next":0},"110112119246":{"name":"小豆各庄村","next":0},"110112119247":{"name":"武窑村","next":0},"110112119248":{"name":"夏店村","next":0},"110112119249":{"name":"崔家楼村","next":0},"110112119250":{"name":"大东各庄村","next":0},"110112119251":{"name":"小东各庄村","next":0},"110112119252":{"name":"谢楼村","next":0},"110112119253":{"name":"康各庄村","next":0},"110112119254":{"name":"太子府村","next":0}}