{"110111001000":{"name":"城关街道","next":1},"110111002000":{"name":"新镇街道","next":1},"110111004000":{"name":"向阳街道","next":1},"110111005000":{"name":"东风街道","next":1},"110111006000":{"name":"迎风街道","next":1},"110111007000":{"name":"星城街道","next":1},"110111008000":{"name":"良乡地区","next":1},"110111009000":{"name":"周口店地区","next":1},"110111010000":{"name":"琉璃河地区","next":1},"110111011000":{"name":"拱辰街道","next":1},"110111012000":{"name":"西潞街道","next":1},"110111101000":{"name":"阎村镇","next":1},"110111103000":{"name":"窦店镇","next":1},"110111104000":{"name":"石楼镇","next":1},"110111105000":{"name":"长阳镇","next":1},"110111107000":{"name":"河北镇","next":1},"110111108000":{"name":"长沟镇","next":1},"110111109000":{"name":"大石窝镇","next":1},"110111110000":{"name":"张坊镇","next":1},"110111111000":{"name":"十渡镇","next":1},"110111112000":{"name":"青龙湖镇","next":1},"110111115000":{"name":"韩村河镇","next":1},"110111208000":{"name":"霞云岭乡","next":1},"110111209000":{"name":"南窖乡","next":1},"110111210000":{"name":"佛子庄乡","next":1},"110111211000":{"name":"大安山乡","next":1},"110111212000":{"name":"史家营乡","next":1},"110111213000":{"name":"蒲洼乡","next":1}}