{"110108003001":{"name":"海军机关大院社区","next":0},"110108003002":{"name":"会城门社区","next":0},"110108003003":{"name":"电信局社区","next":0},"110108003004":{"name":"有色设计院社区","next":0},"110108003006":{"name":"新华社皇亭子社区","next":0},"110108003007":{"name":"铁东社区","next":0},"110108003008":{"name":"铁西社区","next":0},"110108003010":{"name":"水科院南院社区","next":0},"110108003012":{"name":"翠微路第二社区","next":0},"110108003013":{"name":"普惠南里社区","next":0},"110108003014":{"name":"永红社区","next":0},"110108003015":{"name":"普惠寺社区","next":0},"110108003017":{"name":"羊坊店社区","next":0},"110108003018":{"name":"吴家场铁路5号院社区","next":0},"110108003019":{"name":"中联部社区","next":0},"110108003020":{"name":"乔建社区","next":0},"110108003021":{"name":"颐源居社区","next":0},"110108003022":{"name":"科技部社区","next":0},"110108003023":{"name":"东风社区","next":0},"110108003028":{"name":"小马厂社区","next":0},"110108003029":{"name":"西木楼社区","next":0},"110108003031":{"name":"茂林居社区","next":0},"110108003032":{"name":"三住宅社区","next":0},"110108003033":{"name":"京西宾馆社区","next":0},"110108003037":{"name":"军事博物馆社区","next":0},"110108003038":{"name":"复兴路23号社区","next":0},"110108003042":{"name":"莲花小区社区","next":0},"110108003043":{"name":"吴家村路十号院社区","next":0},"110108003044":{"name":"玉南路9号社区","next":0},"110108003045":{"name":"沄沄国际社区","next":0},"110108003046":{"name":"空军机关大院社区","next":0}}