{"110113002006":{"name":"滨河小区第一社区","next":0},"110113002012":{"name":"裕龙花园社区","next":0},"110113002016":{"name":"双拥社区","next":0},"110113002027":{"name":"裕龙六区社区","next":0},"110113002028":{"name":"裕龙五区社区","next":0},"110113002029":{"name":"裕龙四区社区","next":0},"110113002030":{"name":"东兴第一社区","next":0},"110113002031":{"name":"东兴第二社区","next":0},"110113002032":{"name":"东兴第三社区","next":0},"110113002033":{"name":"双兴东区社区","next":0},"110113002034":{"name":"幸福东区社区","next":0},"110113002035":{"name":"裕龙三区社区","next":0},"110113002036":{"name":"滨河小区第二社区","next":0},"110113002037":{"name":"金汉绿港社区","next":0},"110113002038":{"name":"绿港家园社区","next":0},"110113002039":{"name":"裕龙北区社区","next":0},"110113002040":{"name":"东兴第四社区","next":0},"110113002041":{"name":"金港家园社区","next":0}}