{"110113113001":{"name":"永利社区","next":0},"110113113002":{"name":"水色时光花园社区","next":0},"110113113201":{"name":"北小营村","next":0},"110113113202":{"name":"上辇村","next":0},"110113113203":{"name":"北府村","next":0},"110113113204":{"name":"东乌鸡村","next":0},"110113113205":{"name":"西乌鸡村","next":0},"110113113206":{"name":"榆林村","next":0},"110113113207":{"name":"后礼务村","next":0},"110113113208":{"name":"前礼务村","next":0},"110113113209":{"name":"马辛庄村","next":0},"110113113210":{"name":"前鲁各庄村","next":0},"110113113211":{"name":"后鲁各庄村","next":0},"110113113212":{"name":"仇家店村","next":0},"110113113213":{"name":"西府村","next":0},"110113113214":{"name":"东府村","next":0},"110113113215":{"name":"小胡营村","next":0},"110113113216":{"name":"大胡营村","next":0},"110113113217":{"name":"牛富屯村","next":0}}