{"110108006001":{"name":"魏公村北区社区","next":0},"110108006002":{"name":"魏公村南区社区","next":0},"110108006003":{"name":"韦伯豪社区","next":0},"110108006005":{"name":"法华寺社区","next":0},"110108006006":{"name":"万寿寺社区","next":0},"110108006007":{"name":"紫竹社区","next":0},"110108006008":{"name":"三虎桥社区","next":0},"110108006009":{"name":"北洼路社区","next":0},"110108006010":{"name":"厂洼第一社区","next":0},"110108006011":{"name":"厂洼第二社区","next":0},"110108006012":{"name":"车道沟社区","next":0},"110108006013":{"name":"车道沟南里社区","next":0},"110108006017":{"name":"北京理工大学社区","next":0},"110108006018":{"name":"中央民族大学社区","next":0},"110108006019":{"name":"北京外国语大学社区","next":0},"110108006020":{"name":"中国青年政治学院社区","next":0},"110108006021":{"name":"航天部五院社区","next":0},"110108006025":{"name":"万寿山庄社区","next":0},"110108006026":{"name":"兵器工业机关社区","next":0},"110108006028":{"name":"军乐团社区","next":0},"110108006035":{"name":"西苑饭店西区社区","next":0},"110108006046":{"name":"厂洼社区","next":0}}