{"110105033002":{"name":"荟万鸿社区","next":0},"110105033003":{"name":"鑫兆佳园社区","next":0},"110105033004":{"name":"万象新天社区","next":0},"110105033005":{"name":"常营民族家园社区","next":0},"110105033006":{"name":"连心园社区","next":0},"110105033007":{"name":"苹果派社区","next":0},"110105033008":{"name":"常营福第社区","next":0},"110105033009":{"name":"畅心阳光社区","next":0},"110105033010":{"name":"常营保利社区","next":0},"110105033011":{"name":"丽景园社区","next":0},"110105033012":{"name":"住欣家园社区","next":0},"110105033013":{"name":"东方华庭社区","next":0}}