{"110108020001":{"name":"梅园社区","next":0},"110108020002":{"name":"菊园社区","next":0},"110108020003":{"name":"竹园社区","next":0},"110108020005":{"name":"天秀花园社区","next":0},"110108020006":{"name":"兰园社区","next":0},"110108020007":{"name":"水利总队社区","next":0},"110108020009":{"name":"百草园社区","next":0},"110108020011":{"name":"农业大学社区","next":0},"110108020012":{"name":"农科社区","next":0},"110108020013":{"name":"63919部队社区","next":0},"110108020014":{"name":"肖家河社区","next":0},"110108020015":{"name":"百旺家苑社区","next":0},"110108020016":{"name":"天秀古月园社区","next":0},"110108020017":{"name":"农大南路社区","next":0},"110108020018":{"name":"西北旺社区","next":0},"110108020019":{"name":"百旺茉莉园社区","next":0},"110108020020":{"name":"倚山庭苑社区","next":0}}