{"110111212200":{"name":"元阳水村","next":0},"110111212201":{"name":"柳林水村","next":0},"110111212202":{"name":"杨林水村","next":0},"110111212203":{"name":"青林台村","next":0},"110111212204":{"name":"秋林铺村","next":0},"110111212205":{"name":"莲花庵村","next":0},"110111212206":{"name":"曹家房村","next":0},"110111212207":{"name":"史家营村","next":0},"110111212208":{"name":"大村涧村","next":0},"110111212209":{"name":"西岳台村","next":0},"110111212210":{"name":"青土涧村","next":0},"110111212211":{"name":"金鸡台村","next":0}}