{"110119103001":{"name":"永宁镇社区","next":0},"110119103200":{"name":"河湾村","next":0},"110119103201":{"name":"北沟村","next":0},"110119103202":{"name":"清泉铺村","next":0},"110119103203":{"name":"罗家台村","next":0},"110119103204":{"name":"王家堡村","next":0},"110119103205":{"name":"水口子村","next":0},"110119103206":{"name":"偏坡峪村","next":0},"110119103207":{"name":"二铺村","next":0},"110119103208":{"name":"营城村","next":0},"110119103209":{"name":"马蹄湾村","next":0},"110119103210":{"name":"西山沟村","next":0},"110119103211":{"name":"永新堡村","next":0},"110119103212":{"name":"狮子营村","next":0},"110119103213":{"name":"上磨村","next":0},"110119103214":{"name":"吴坊营村","next":0},"110119103215":{"name":"小庄科村","next":0},"110119103216":{"name":"前平坊村","next":0},"110119103217":{"name":"孔化营村","next":0},"110119103218":{"name":"新华营村","next":0},"110119103219":{"name":"左所屯村","next":0},"110119103220":{"name":"北关村","next":0},"110119103221":{"name":"西关村","next":0},"110119103222":{"name":"小南园村","next":0},"110119103223":{"name":"盛世营村","next":0},"110119103224":{"name":"南关村","next":0},"110119103225":{"name":"太平街村","next":0},"110119103226":{"name":"利民街村","next":0},"110119103227":{"name":"和平街村","next":0},"110119103228":{"name":"阜民街村","next":0},"110119103229":{"name":"王家山村","next":0},"110119103230":{"name":"南张庄村","next":0},"110119103231":{"name":"东灰岭村","next":0},"110119103232":{"name":"彭家窑村","next":0},"110119103233":{"name":"西灰岭村","next":0},"110119103234":{"name":"头司村","next":0},"110119103235":{"name":"四司村","next":0}}