{"110108005001":{"name":"核二院社区","next":0},"110108005002":{"name":"核情报所社区","next":0},"110108005003":{"name":"三0四医院社区","next":0},"110108005004":{"name":"水文社区","next":0},"110108005005":{"name":"东八里社区","next":0},"110108005006":{"name":"首师大社区","next":0},"110108005007":{"name":"北洼路第三社区","next":0},"110108005008":{"name":"首师大北校园社区","next":0},"110108005010":{"name":"北玲珑巷社区","next":0},"110108005012":{"name":"中海雅园社区","next":0},"110108005013":{"name":"鼎力社区","next":0},"110108005014":{"name":"双紫园社区","next":0},"110108005015":{"name":"八宝庄社区","next":0},"110108005016":{"name":"肿瘤医院社区","next":0},"110108005018":{"name":"中化社区","next":0},"110108005019":{"name":"定慧东里社区","next":0},"110108005022":{"name":"西八里社区","next":0},"110108005023":{"name":"八里庄北里社区","next":0},"110108005025":{"name":"恩济里社区","next":0},"110108005027":{"name":"定慧北里第一社区","next":0},"110108005028":{"name":"定慧北里第二社区","next":0},"110108005029":{"name":"恩济庄社区","next":0},"110108005031":{"name":"永安东里社区","next":0},"110108005033":{"name":"徐庄社区","next":0},"110108005034":{"name":"五路社区","next":0},"110108005035":{"name":"美丽园社区","next":0},"110108005036":{"name":"北京印象社区","next":0},"110108005037":{"name":"世纪新景园社区","next":0},"110108005038":{"name":"裕泽园社区","next":0},"110108005039":{"name":"颐慧佳园社区","next":0},"110108005040":{"name":"定慧西里社区","next":0},"110108005041":{"name":"五福玲珑居社区","next":0}}