{"110106016001":{"name":"和义东里第一社区","next":0},"110106016002":{"name":"和义东里第二社区","next":0},"110106016003":{"name":"和义东里第三社区","next":0},"110106016004":{"name":"南苑北里第一社区","next":0},"110106016005":{"name":"南苑北里第二社区","next":0},"110106016006":{"name":"和义西里第一社区","next":0},"110106016007":{"name":"和义西里第二社区","next":0},"110106016008":{"name":"和义西里第三社区","next":0},"110106016009":{"name":"久敬庄社区","next":0}}