{"110101001001":{"name":"多福巷社区","next":0},"110101001002":{"name":"银闸社区","next":0},"110101001005":{"name":"东厂社区","next":0},"110101001006":{"name":"智德社区","next":0},"110101001007":{"name":"南池子社区","next":0},"110101001008":{"name":"黄图岗社区","next":0},"110101001009":{"name":"灯市口社区","next":0},"110101001010":{"name":"正义路社区","next":0},"110101001011":{"name":"甘雨社区","next":0},"110101001013":{"name":"台基厂社区","next":0},"110101001014":{"name":"韶九社区","next":0},"110101001015":{"name":"王府井社区","next":0}}