{"110101005001":{"name":"海运仓社区","next":0},"110101005002":{"name":"北新仓社区","next":0},"110101005004":{"name":"门楼社区","next":0},"110101005005":{"name":"十三条社区","next":0},"110101005006":{"name":"民安社区","next":0},"110101005008":{"name":"九道湾社区","next":0},"110101005009":{"name":"北官厅社区","next":0},"110101005010":{"name":"青龙社区","next":0},"110101005011":{"name":"小菊社区","next":0},"110101005012":{"name":"藏经馆社区","next":0},"110101005014":{"name":"草园社区","next":0},"110101005016":{"name":"前永康社区","next":0}}