{"110119101001":{"name":"康庄镇社区","next":0},"110119101002":{"name":"望都家园社区","next":0},"110119101200":{"name":"榆林堡村","next":0},"110119101201":{"name":"一街村","next":0},"110119101202":{"name":"二街村","next":0},"110119101203":{"name":"三街村","next":0},"110119101204":{"name":"四街村","next":0},"110119101205":{"name":"刁千营村","next":0},"110119101206":{"name":"马坊村","next":0},"110119101207":{"name":"西桑园村","next":0},"110119101208":{"name":"西红寺村","next":0},"110119101209":{"name":"郭家堡村","next":0},"110119101210":{"name":"小北堡村","next":0},"110119101211":{"name":"大丰营村","next":0},"110119101212":{"name":"大营村","next":0},"110119101213":{"name":"火烧营村","next":0},"110119101214":{"name":"太平庄村","next":0},"110119101215":{"name":"张老营村","next":0},"110119101216":{"name":"许家营村","next":0},"110119101217":{"name":"马营村","next":0},"110119101218":{"name":"苗家堡村","next":0},"110119101219":{"name":"刘浩营村","next":0},"110119101220":{"name":"屯军营村","next":0},"110119101221":{"name":"小曹营村","next":0},"110119101222":{"name":"大王庄村","next":0},"110119101223":{"name":"北曹营村","next":0},"110119101224":{"name":"南曹营村","next":0},"110119101225":{"name":"小王庄村","next":0},"110119101226":{"name":"小丰营村","next":0},"110119101227":{"name":"东红寺村","next":0},"110119101228":{"name":"王家堡村","next":0},"110119101229":{"name":"东官坊村","next":0},"110119101230":{"name":"大路村","next":0}}