{"110105031005":{"name":"大羊坊社区","next":0},"110105031006":{"name":"双泉社区","next":0},"110105031012":{"name":"总装社区","next":0},"110105031013":{"name":"科学园社区","next":0},"110105031015":{"name":"风林绿洲社区","next":0},"110105031016":{"name":"北沙滩社区","next":0},"110105031017":{"name":"林萃社区","next":0},"110105031018":{"name":"绿色家园社区","next":0},"110105031019":{"name":"南沙滩社区","next":0},"110105031020":{"name":"万科星园社区","next":0},"110105031021":{"name":"龙祥社区","next":0},"110105031023":{"name":"国奥村社区","next":0},"110105031024":{"name":"拂林园社区","next":0}}