{"110106003001":{"name":"西罗园第一社区","next":0},"110106003002":{"name":"西罗园第二社区","next":0},"110106003003":{"name":"西罗园第三社区","next":0},"110106003004":{"name":"西罗园第四社区","next":0},"110106003005":{"name":"洋桥北里社区","next":0},"110106003006":{"name":"洋桥西里社区","next":0},"110106003007":{"name":"海户西里北社区","next":0},"110106003008":{"name":"角门东里一社区","next":0},"110106003009":{"name":"花椒树社区","next":0},"110106003010":{"name":"马家堡东里社区","next":0},"110106003011":{"name":"鑫福里社区","next":0},"110106003012":{"name":"洋桥村社区","next":0},"110106003013":{"name":"洋桥东里社区","next":0},"110106003014":{"name":"海户西里南社区","next":0},"110106003015":{"name":"角门东里二社区","next":0},"110106003016":{"name":"四路通社区","next":0},"110106003017":{"name":"角门东里三社区","next":0}}