{"110106009002":{"name":"东安街头条十九号院社区","next":0},"110106009003":{"name":"六十三号院社区","next":0},"110106009004":{"name":"北大地十六号院社区","next":0},"110106009005":{"name":"北大地西区社区","next":0},"110106009006":{"name":"东安街头条社区","next":0},"110106009007":{"name":"东安街社区","next":0},"110106009008":{"name":"北大街北里社区","next":0},"110106009009":{"name":"东大街西里社区","next":0},"110106009010":{"name":"北大街社区","next":0},"110106009011":{"name":"东幸福街社区","next":0},"110106009012":{"name":"永善社区","next":0},"110106009013":{"name":"正阳北里社区","next":0},"110106009014":{"name":"东大街东里社区","next":0},"110106009015":{"name":"东大街社区","next":0},"110106009016":{"name":"前泥洼社区","next":0},"110106009017":{"name":"南开西里社区","next":0},"110106009018":{"name":"向阳社区","next":0},"110106009019":{"name":"建国街社区","next":0},"110106009020":{"name":"新华街北社区","next":0},"110106009021":{"name":"新华街南社区","next":0},"110106009022":{"name":"程庄路16号院社区","next":0},"110106009023":{"name":"丰益花园社区","next":0},"110106009024":{"name":"丰管路社区","next":0},"110106009025":{"name":"彩虹南社区","next":0},"110106009026":{"name":"彩虹北社区","next":0}}