{"110113001000":{"name":"胜利街道","next":1},"110113002000":{"name":"光明街道","next":1},"110113003000":{"name":"仁和地区","next":1},"110113004000":{"name":"后沙峪地区","next":1},"110113005000":{"name":"天竺地区","next":1},"110113006000":{"name":"杨镇地区","next":1},"110113007000":{"name":"牛栏山地区","next":1},"110113008000":{"name":"南法信地区","next":1},"110113009000":{"name":"马坡地区","next":1},"110113010000":{"name":"石园街道","next":1},"110113011000":{"name":"空港街道","next":1},"110113012000":{"name":"双丰街道","next":1},"110113013000":{"name":"旺泉街道","next":1},"110113101000":{"name":"高丽营镇","next":1},"110113104000":{"name":"李桥镇","next":1},"110113105000":{"name":"李遂镇","next":1},"110113106000":{"name":"南彩镇","next":1},"110113108000":{"name":"北务镇","next":1},"110113109000":{"name":"大孙各庄镇","next":1},"110113110000":{"name":"张镇","next":1},"110113111000":{"name":"龙湾屯镇","next":1},"110113112000":{"name":"木林镇","next":1},"110113113000":{"name":"北小营镇","next":1},"110113115000":{"name":"北石槽镇","next":1},"110113116000":{"name":"赵全营镇","next":1}}