{"110113006001":{"name":"杨镇第一社区","next":0},"110113006002":{"name":"杨镇第二社区","next":0},"110113006003":{"name":"杨镇第三社区","next":0},"110113006004":{"name":"杨镇鑫园社区","next":0},"110113006201":{"name":"一街村","next":0},"110113006202":{"name":"二街村","next":0},"110113006203":{"name":"三街村","next":0},"110113006204":{"name":"张家务村","next":0},"110113006205":{"name":"齐家务村","next":0},"110113006206":{"name":"杜庄村","next":0},"110113006207":{"name":"东庄户村","next":0},"110113006208":{"name":"老庄户村","next":0},"110113006209":{"name":"二郎庙村","next":0},"110113006210":{"name":"沟东村","next":0},"110113006211":{"name":"东疃村","next":0},"110113006212":{"name":"红寺村","next":0},"110113006213":{"name":"下坡村","next":0},"110113006214":{"name":"下营村","next":0},"110113006215":{"name":"安乐庄村","next":0},"110113006216":{"name":"汉石桥村","next":0},"110113006217":{"name":"沙子营村","next":0},"110113006218":{"name":"小店村","next":0},"110113006219":{"name":"辛庄子村","next":0},"110113006220":{"name":"田家营村","next":0},"110113006221":{"name":"高各庄村","next":0},"110113006222":{"name":"王辛庄村","next":0},"110113006223":{"name":"井上村","next":0},"110113006224":{"name":"荆坨村","next":0},"110113006225":{"name":"侉子营村","next":0},"110113006226":{"name":"李辛庄村","next":0},"110113006227":{"name":"松各庄村","next":0},"110113006228":{"name":"破罗口村","next":0},"110113006229":{"name":"别庄村","next":0},"110113006230":{"name":"徐庄村","next":0},"110113006231":{"name":"良庄村","next":0},"110113006232":{"name":"大曹庄村","next":0},"110113006233":{"name":"周庄村","next":0},"110113006234":{"name":"沙岭村","next":0},"110113006235":{"name":"曾庄村","next":0},"110113006236":{"name":"白塔村","next":0},"110113006237":{"name":"焦各庄村","next":0},"110113006238":{"name":"于庄村","next":0},"110113006239":{"name":"东庞里村","next":0},"110113006240":{"name":"西庞里村","next":0},"110113006241":{"name":"辛庄户村","next":0},"110113006242":{"name":"大三渠村","next":0}}