{"110102012001":{"name":"西四北社区","next":0},"110102012004":{"name":"西什库社区","next":0},"110102012005":{"name":"爱民街社区","next":0},"110102012006":{"name":"大红罗社区","next":0},"110102012007":{"name":"西巷社区","next":0},"110102012008":{"name":"护国寺社区","next":0},"110102012011":{"name":"前铁社区","next":0},"110102012012":{"name":"柳荫街社区","next":0},"110102012014":{"name":"兴华社区","next":0},"110102012015":{"name":"松树街社区","next":0},"110102012018":{"name":"白米社区","next":0},"110102012019":{"name":"景山社区","next":0},"110102012020":{"name":"米粮库社区","next":0},"110102012022":{"name":"旧鼓楼社区","next":0},"110102012023":{"name":"双寺社区","next":0},"110102012024":{"name":"鼓西社区","next":0},"110102012026":{"name":"后海社区","next":0},"110102012029":{"name":"苇坑社区","next":0},"110102012031":{"name":"后海西沿社区","next":0},"110102012032":{"name":"西海社区","next":0},"110102012033":{"name":"四环社区","next":0},"110102012035":{"name":"前海社区","next":0}}