{"110116211201":{"name":"东南沟村","next":0},"110116211202":{"name":"老西沟村","next":0},"110116211203":{"name":"长哨营村","next":0},"110116211204":{"name":"遥岭村","next":0},"110116211205":{"name":"杨树湾村","next":0},"110116211206":{"name":"二道河村","next":0},"110116211207":{"name":"三岔口村","next":0},"110116211208":{"name":"大地村","next":0},"110116211209":{"name":"榆树湾村","next":0},"110116211210":{"name":"古洞沟村","next":0},"110116211211":{"name":"七道梁村","next":0},"110116211212":{"name":"北湾村","next":0},"110116211213":{"name":"东辛店村","next":0},"110116211214":{"name":"北干沟村","next":0},"110116211215":{"name":"四道河村","next":0},"110116211216":{"name":"大沟村","next":0},"110116211218":{"name":"项栅子村","next":0},"110116211219":{"name":"七道河村","next":0},"110116211220":{"name":"八道河村","next":0},"110116211221":{"name":"西沟村","next":0},"110116211222":{"name":"后沟村","next":0},"110116211223":{"name":"上孟营村","next":0},"110116211224":{"name":"老沟门村","next":0},"110116211225":{"name":"三道窝铺村","next":0}}