{"110111210200":{"name":"陈家台村","next":0},"110111210201":{"name":"东班各庄村","next":0},"110111210202":{"name":"西班各庄村","next":0},"110111210203":{"name":"陈家坟村","next":0},"110111210204":{"name":"北峪村","next":0},"110111210205":{"name":"黑龙关村","next":0},"110111210206":{"name":"佛子庄村","next":0},"110111210207":{"name":"红煤厂村","next":0},"110111210208":{"name":"北窖村","next":0},"110111210209":{"name":"下英水村","next":0},"110111210210":{"name":"中英水村","next":0},"110111210211":{"name":"上英水村","next":0},"110111210212":{"name":"西安村","next":0},"110111210213":{"name":"查儿村","next":0},"110111210214":{"name":"长操村","next":0},"110111210215":{"name":"山川村","next":0},"110111210216":{"name":"贾峪口村","next":0},"110111210217":{"name":"石板房村","next":0}}