{"110112105201":{"name":"北许场村","next":0},"110112105202":{"name":"张辛庄村","next":0},"110112105203":{"name":"上马头村","next":0},"110112105204":{"name":"梁各庄村","next":0},"110112105205":{"name":"土桥村","next":0},"110112105206":{"name":"皇木厂村","next":0},"110112105207":{"name":"南许场村","next":0},"110112105208":{"name":"张湾镇村","next":0},"110112105209":{"name":"张湾村","next":0},"110112105210":{"name":"大高力庄村","next":0},"110112105211":{"name":"上店村","next":0},"110112105212":{"name":"贾各庄村","next":0},"110112105213":{"name":"东定福庄村","next":0},"110112105214":{"name":"西定福庄村","next":0},"110112105215":{"name":"立禅庵村","next":0},"110112105216":{"name":"宽街村","next":0},"110112105217":{"name":"唐小庄村","next":0},"110112105218":{"name":"施园村","next":0},"110112105219":{"name":"里二泗村","next":0},"110112105220":{"name":"烧酒巷村","next":0},"110112105221":{"name":"瓜厂村","next":0},"110112105222":{"name":"马营村","next":0},"110112105223":{"name":"何各庄村","next":0},"110112105224":{"name":"牌楼营村","next":0},"110112105225":{"name":"齐善庄村","next":0},"110112105226":{"name":"南姚园村","next":0},"110112105227":{"name":"大辛庄村","next":0},"110112105228":{"name":"枣林庄村","next":0},"110112105229":{"name":"姚辛庄村","next":0},"110112105230":{"name":"中街村","next":0},"110112105231":{"name":"前街村","next":0},"110112105232":{"name":"后街村","next":0},"110112105233":{"name":"苍头村","next":0},"110112105234":{"name":"十里庄村","next":0},"110112105235":{"name":"南火垡村","next":0},"110112105236":{"name":"三间房村","next":0},"110112105237":{"name":"样田村","next":0},"110112105238":{"name":"垡头村","next":0},"110112105239":{"name":"陆辛庄村","next":0},"110112105240":{"name":"北大化村","next":0},"110112105241":{"name":"大北关村","next":0},"110112105242":{"name":"小北关村","next":0},"110112105243":{"name":"南大化村","next":0},"110112105244":{"name":"柳营村","next":0},"110112105245":{"name":"高营村","next":0},"110112105246":{"name":"坨堤村","next":0},"110112105247":{"name":"西永和屯村","next":0},"110112105248":{"name":"东永和屯村","next":0},"110112105249":{"name":"王各庄村","next":0},"110112105250":{"name":"苍上村","next":0},"110112105251":{"name":"后坨村","next":0},"110112105252":{"name":"后青山村","next":0},"110112105253":{"name":"前青山村","next":0},"110112105254":{"name":"后南关村","next":0},"110112105255":{"name":"前南关村","next":0},"110112105256":{"name":"北仪阁村","next":0},"110112105257":{"name":"小耕垡村","next":0}}