{"110115008001":{"name":"兴海园社区","next":0},"110115008002":{"name":"南海家园一里社区","next":0},"110115008003":{"name":"南海家园二里社区","next":0},"110115008004":{"name":"南海家园三里社区","next":0},"110115008005":{"name":"南海家园四里社区","next":0},"110115008006":{"name":"南海家园五里社区","next":0},"110115008007":{"name":"南海家园六里社区","next":0},"110115008008":{"name":"南海家园七里社区","next":0},"110115008009":{"name":"鹿海园五里社区","next":0},"110115008010":{"name":"瀛海家园一里社区","next":0},"110115008011":{"name":"瀛海家园二里社区","next":0},"110115008012":{"name":"金茂悦社区","next":0},"110115008013":{"name":"三槐家园社区","next":0},"110115008014":{"name":"永旭嘉园社区","next":0},"110115008200":{"name":"中兴村","next":0},"110115008201":{"name":"姜场村","next":0},"110115008202":{"name":"东一村","next":0},"110115008203":{"name":"东二村","next":0},"110115008204":{"name":"西一村","next":0},"110115008205":{"name":"西二村","next":0},"110115008206":{"name":"三槐堂村","next":0},"110115008207":{"name":"怡乐村","next":0},"110115008208":{"name":"笃庆堂村","next":0},"110115008209":{"name":"南宫村","next":0},"110115008210":{"name":"四合庄一村","next":0},"110115008211":{"name":"四合庄二村","next":0},"110115008212":{"name":"四海庄一村","next":0},"110115008213":{"name":"四海庄二村","next":0},"110115008214":{"name":"四海庄三村","next":0},"110115008215":{"name":"四海庄四村","next":0},"110115008216":{"name":"烧饼庄村","next":0},"110115008217":{"name":"下十号村","next":0},"110115008218":{"name":"千顷堂村","next":0},"110115008219":{"name":"同义庄村","next":0},"110115008220":{"name":"宏农庄村","next":0},"110115008221":{"name":"瑞合庄一村","next":0},"110115008222":{"name":"瑞合庄二村","next":0},"110115008223":{"name":"太和庄北村","next":0},"110115008224":{"name":"太和庄西村","next":0},"110115008225":{"name":"太和庄东村","next":0},"110115008226":{"name":"石太庄村","next":0},"110115008227":{"name":"东合盛村","next":0},"110115008401":{"name":"瀛海镇工业区","next":0}}