{"110105030007":{"name":"石佛营东里社区","next":0},"110105030009":{"name":"东润枫景社区","next":0},"110105030010":{"name":"石佛营西里社区","next":0},"110105030011":{"name":"石佛营南里社区","next":0},"110105030013":{"name":"紫萝园社区","next":0},"110105030014":{"name":"公园大道社区","next":0},"110105030015":{"name":"泛海国际南社区","next":0},"110105030017":{"name":"观湖国际社区","next":0},"110105030018":{"name":"南十里居社区","next":0},"110105030019":{"name":"东风苑社区","next":0},"110105030200":{"name":"豆各庄村","next":0},"110105030201":{"name":"将台洼村","next":0},"110105030202":{"name":"辛庄村","next":0},"110105030203":{"name":"六里屯村","next":0}}