{"110111104001":{"name":"铁路社区","next":0},"110111104200":{"name":"吉羊村","next":0},"110111104201":{"name":"二站村","next":0},"110111104202":{"name":"石楼村","next":0},"110111104203":{"name":"双孝村","next":0},"110111104204":{"name":"支楼村","next":0},"110111104205":{"name":"杨驸马庄村","next":0},"110111104206":{"name":"襄驸马庄村","next":0},"110111104207":{"name":"大次洛村","next":0},"110111104208":{"name":"坨头村","next":0},"110111104209":{"name":"双柳树村","next":0},"110111104210":{"name":"梨园店村","next":0},"110111104211":{"name":"夏村","next":0}}