{"110107011001":{"name":"双锦园","next":0},"110107011002":{"name":"永乐西北","next":0},"110107011003":{"name":"永乐西南","next":0},"110107011006":{"name":"久筑","next":0},"110107011007":{"name":"五芳园","next":0},"110107011008":{"name":"重聚园","next":0},"110107011009":{"name":"依翠园北","next":0},"110107011010":{"name":"依翠园南","next":0},"110107011011":{"name":"六合园北","next":0},"110107011012":{"name":"六合园南","next":0},"110107011014":{"name":"新华社","next":0},"110107011015":{"name":"七星园北","next":0},"110107011016":{"name":"七星园南","next":0},"110107011018":{"name":"衙门口东","next":0},"110107011019":{"name":"衙门口西","next":0},"110107011020":{"name":"衙门口南","next":0},"110107011021":{"name":"新岚大厦","next":0},"110107011022":{"name":"重兴园","next":0},"110107011023":{"name":"聚兴园","next":0},"110107011024":{"name":"碣石坪","next":0},"110107011025":{"name":"西厂","next":0},"110107011026":{"name":"京汉旭城","next":0}}