{"110114110001":{"name":"市场街社区","next":0},"110114110002":{"name":"行政区社区","next":0},"110114110003":{"name":"大东流社区","next":0},"110114110004":{"name":"太阳城社区","next":0},"110114110201":{"name":"小汤山村","next":0},"110114110202":{"name":"尚信村","next":0},"110114110203":{"name":"讲礼村","next":0},"110114110204":{"name":"马坊村","next":0},"110114110205":{"name":"官牛坊村","next":0},"110114110206":{"name":"阿苏卫村","next":0},"110114110207":{"name":"葫芦河村","next":0},"110114110208":{"name":"大柳树村","next":0},"110114110209":{"name":"大汤山村","next":0},"110114110210":{"name":"后牛坊村","next":0},"110114110211":{"name":"大东流村","next":0},"110114110212":{"name":"土沟村","next":0},"110114110213":{"name":"酸枣岭村","next":0},"110114110214":{"name":"前蔺沟村","next":0},"110114110215":{"name":"后蔺沟村","next":0},"110114110216":{"name":"小东流村","next":0},"110114110217":{"name":"常兴庄村","next":0},"110114110218":{"name":"大赴任庄村","next":0},"110114110219":{"name":"小赴任庄村","next":0},"110114110220":{"name":"赴任辛庄村","next":0},"110114110221":{"name":"南官庄村","next":0},"110114110222":{"name":"赖马庄村","next":0},"110114110223":{"name":"西官庄村","next":0},"110114110224":{"name":"东官庄村","next":0}}