{"110108026001":{"name":"温泉社区","next":0},"110108026002":{"name":"白家疃社区","next":0},"110108026003":{"name":"太舟坞社区","next":0},"110108026004":{"name":"航材院社区","next":0},"110108026005":{"name":"三0四所社区","next":0},"110108026006":{"name":"西颐社区","next":0},"110108026007":{"name":"颐阳一区社区","next":0},"110108026008":{"name":"颐阳二区社区","next":0},"110108026009":{"name":"杨庄社区","next":0},"110108026010":{"name":"尚峰园社区","next":0},"110108026011":{"name":"凯盛家园社区","next":0},"110108026012":{"name":"温泉水岸家园社区","next":0},"110108026013":{"name":"环保园社区","next":0},"110108026201":{"name":"高里掌村","next":0},"110108026202":{"name":"辛庄村","next":0},"110108026203":{"name":"温泉村","next":0},"110108026204":{"name":"白家疃村","next":0},"110108026205":{"name":"杨家庄村","next":0},"110108026206":{"name":"太舟坞村","next":0},"110108026207":{"name":"东埠头村","next":0}}