{"110118116001":{"name":"石城社区","next":0},"110118116200":{"name":"梨树沟村","next":0},"110118116201":{"name":"水堡子村","next":0},"110118116202":{"name":"王庄村","next":0},"110118116203":{"name":"石城村","next":0},"110118116204":{"name":"石塘路村","next":0},"110118116205":{"name":"河北村","next":0},"110118116206":{"name":"西湾子村","next":0},"110118116207":{"name":"黄峪口村","next":0},"110118116208":{"name":"捧河岩村","next":0},"110118116209":{"name":"张家坟村","next":0},"110118116210":{"name":"二平台村","next":0},"110118116211":{"name":"贾峪村","next":0},"110118116212":{"name":"四合堂村","next":0},"110118116213":{"name":"红星村","next":0},"110118116214":{"name":"黄土梁村","next":0}}