{"110109005001":{"name":"色树坟社区","next":0},"110109005002":{"name":"河北社区","next":0},"110109005005":{"name":"西苑社区","next":0},"110109005006":{"name":"惠和新苑社区","next":0},"110109005201":{"name":"安家庄村","next":0},"110109005202":{"name":"吕家坡村","next":0},"110109005203":{"name":"西王平村","next":0},"110109005204":{"name":"东王平村","next":0},"110109005205":{"name":"南涧村","next":0},"110109005206":{"name":"河北村","next":0},"110109005207":{"name":"色树坟村","next":0},"110109005208":{"name":"西石古岩村","next":0},"110109005209":{"name":"东石古岩村","next":0},"110109005210":{"name":"西马各庄村","next":0},"110109005211":{"name":"东马各庄村","next":0},"110109005212":{"name":"南港村","next":0},"110109005213":{"name":"韭园村","next":0},"110109005214":{"name":"桥耳涧村","next":0},"110109005215":{"name":"西落坡村","next":0},"110109005216":{"name":"东落坡村","next":0}}