{"110105024010":{"name":"芍药居一社区","next":0},"110105024011":{"name":"芍药居二社区","next":0},"110105024012":{"name":"芍药居三社区","next":0},"110105024013":{"name":"惠忠庵社区","next":0},"110105024014":{"name":"尚家楼社区","next":0},"110105024017":{"name":"太阳宫社区","next":0},"110105024018":{"name":"十字口社区","next":0},"110105024019":{"name":"牛王庙社区","next":0},"110105024020":{"name":"芍药居四社区","next":0},"110105024021":{"name":"夏家园社区","next":0},"110105024200":{"name":"太阳宫村","next":0},"110105024201":{"name":"十字口村","next":0},"110105024202":{"name":"牛王庙村","next":0}}