{"110111112001":{"name":"京煤集团化工厂社区","next":0},"110111112002":{"name":"北京昊煜京强水泥厂社区","next":0},"110111112200":{"name":"晓幼营村","next":0},"110111112201":{"name":"西石府村","next":0},"110111112202":{"name":"常乐寺村","next":0},"110111112203":{"name":"北四位村","next":0},"110111112204":{"name":"南四位村","next":0},"110111112205":{"name":"焦各庄村","next":0},"110111112206":{"name":"小苑上村","next":0},"110111112207":{"name":"青龙头村","next":0},"110111112208":{"name":"崇各庄村","next":0},"110111112209":{"name":"豆各庄村","next":0},"110111112210":{"name":"庙耳岗村","next":0},"110111112211":{"name":"辛庄村","next":0},"110111112212":{"name":"芦上坟村","next":0},"110111112213":{"name":"大苑村","next":0},"110111112214":{"name":"北刘庄村","next":0},"110111112215":{"name":"大马村","next":0},"110111112216":{"name":"小马村","next":0},"110111112217":{"name":"果各庄村","next":0},"110111112218":{"name":"西庄户村","next":0},"110111112219":{"name":"岗上村","next":0},"110111112220":{"name":"坨里村","next":0},"110111112221":{"name":"上万村","next":0},"110111112222":{"name":"北车营村","next":0},"110111112223":{"name":"辛开口村","next":0},"110111112224":{"name":"漫水河村","next":0},"110111112225":{"name":"南观村","next":0},"110111112226":{"name":"口头村","next":0},"110111112227":{"name":"沙窝村","next":0},"110111112228":{"name":"大苑上村","next":0},"110111112229":{"name":"马家沟村","next":0},"110111112230":{"name":"水峪村","next":0},"110111112231":{"name":"石梯村","next":0}}