{"110115001000":{"name":"兴丰街道","next":1},"110115002000":{"name":"林校路街道","next":1},"110115003000":{"name":"清源街道","next":1},"110115004000":{"name":"亦庄地区","next":1},"110115005000":{"name":"黄村地区","next":1},"110115006000":{"name":"旧宫地区","next":1},"110115007000":{"name":"西红门地区","next":1},"110115008000":{"name":"瀛海地区","next":1},"110115009000":{"name":"观音寺街道","next":1},"110115010000":{"name":"天宫院街道","next":1},"110115011000":{"name":"高米店街道","next":1},"110115012000":{"name":"荣华街道","next":1},"110115013000":{"name":"博兴街道","next":1},"110115103000":{"name":"青云店镇","next":1},"110115104000":{"name":"采育镇","next":1},"110115105000":{"name":"安定镇","next":1},"110115106000":{"name":"礼贤镇","next":1},"110115107000":{"name":"榆垡镇","next":1},"110115108000":{"name":"庞各庄镇","next":1},"110115109000":{"name":"北臧村镇","next":1},"110115110000":{"name":"魏善庄镇","next":1},"110115111000":{"name":"长子营镇","next":1},"110115403000":{"name":"北京经济技术开发区","next":1},"110115404000":{"name":"中关村国家自主创新示范区大兴生物医药产业基地","next":1},"110115405000":{"name":"国家新媒体产业基地","next":1}}