{"110105001000":{"name":"建外街道","next":1},"110105002000":{"name":"朝外街道","next":1},"110105003000":{"name":"呼家楼街道","next":1},"110105004000":{"name":"三里屯街道","next":1},"110105005000":{"name":"左家庄街道","next":1},"110105006000":{"name":"香河园街道","next":1},"110105007000":{"name":"和平街街道","next":1},"110105008000":{"name":"安贞街道","next":1},"110105009000":{"name":"亚运村街道","next":1},"110105010000":{"name":"小关街道","next":1},"110105011000":{"name":"酒仙桥街道","next":1},"110105012000":{"name":"麦子店街道","next":1},"110105013000":{"name":"团结湖街道","next":1},"110105014000":{"name":"六里屯街道","next":1},"110105015000":{"name":"八里庄街道","next":1},"110105016000":{"name":"双井街道","next":1},"110105017000":{"name":"劲松街道","next":1},"110105018000":{"name":"潘家园街道","next":1},"110105019000":{"name":"垡头街道","next":1},"110105021000":{"name":"南磨房地区","next":1},"110105022000":{"name":"高碑店地区","next":1},"110105023000":{"name":"将台地区","next":1},"110105024000":{"name":"太阳宫地区","next":1},"110105025000":{"name":"大屯街道","next":1},"110105026000":{"name":"望京街道","next":1},"110105027000":{"name":"小红门地区","next":1},"110105028000":{"name":"十八里店地区","next":1},"110105029000":{"name":"平房地区","next":1},"110105030000":{"name":"东风地区","next":1},"110105031000":{"name":"奥运村街道","next":1},"110105032000":{"name":"来广营地区","next":1},"110105033000":{"name":"常营地区","next":1},"110105034000":{"name":"三间房地区","next":1},"110105035000":{"name":"管庄地区","next":1},"110105036000":{"name":"金盏地区","next":1},"110105037000":{"name":"孙河地区","next":1},"110105038000":{"name":"崔各庄地区","next":1},"110105039000":{"name":"东坝地区","next":1},"110105040000":{"name":"黑庄户地区","next":1},"110105041000":{"name":"豆各庄地区","next":1},"110105042000":{"name":"王四营地区","next":1},"110105043000":{"name":"东湖街道","next":1},"110105400000":{"name":"首都机场街道","next":1}}