{"110116109201":{"name":"四渡河村","next":0},"110116109202":{"name":"黄坎村","next":0},"110116109203":{"name":"吉寺村","next":0},"110116109204":{"name":"团泉村","next":0},"110116109205":{"name":"局里村","next":0},"110116109206":{"name":"花木村","next":0},"110116109207":{"name":"九渡河村","next":0},"110116109208":{"name":"黄花镇村","next":0},"110116109209":{"name":"东宫村","next":0},"110116109210":{"name":"西台村","next":0},"110116109211":{"name":"黄花城村","next":0},"110116109212":{"name":"撞道口村","next":0},"110116109213":{"name":"石湖峪村","next":0},"110116109214":{"name":"西水峪村","next":0},"110116109215":{"name":"二道关村","next":0},"110116109216":{"name":"杏树台村","next":0},"110116109217":{"name":"庙上村","next":0},"110116109218":{"name":"红庙村","next":0}}