{"110107002001":{"name":"高能所社区","next":0},"110107002002":{"name":"中国科学院大学社区","next":0},"110107002003":{"name":"玉泉西路社区","next":0},"110107002009":{"name":"何家坟社区","next":0},"110107002011":{"name":"老山东里北社区","next":0},"110107002013":{"name":"老山东里社区","next":0},"110107002015":{"name":"老山东里南社区","next":0},"110107002017":{"name":"老山西里社区","next":0},"110107002018":{"name":"十一号院社区","next":0},"110107002019":{"name":"翠谷玉景苑社区","next":0},"110107002020":{"name":"京源路社区","next":0},"110107002021":{"name":"玉泉北里二区第一社区","next":0}}