{"110118114001":{"name":"北庄社区","next":0},"110118114200":{"name":"暖泉会村","next":0},"110118114201":{"name":"朱家湾村","next":0},"110118114202":{"name":"抗峪村","next":0},"110118114203":{"name":"大岭村","next":0},"110118114204":{"name":"土门村","next":0},"110118114205":{"name":"苇子峪村","next":0},"110118114206":{"name":"东庄村","next":0},"110118114207":{"name":"干峪沟村","next":0},"110118114208":{"name":"北庄村","next":0},"110118114209":{"name":"营房村","next":0},"110118114210":{"name":"杨家堡村","next":0}}