{"110117112200":{"name":"凤落滩村","next":0},"110117112201":{"name":"北店村","next":0},"110117112202":{"name":"北吉山村","next":0},"110117112203":{"name":"前吉山村","next":0},"110117112204":{"name":"松棚村","next":0},"110117112205":{"name":"刘家店村","next":0},"110117112206":{"name":"孔城峪村","next":0},"110117112207":{"name":"万家庄村","next":0},"110117112208":{"name":"胡家店村","next":0},"110117112209":{"name":"寅洞村","next":0},"110117112210":{"name":"辛庄子村","next":0},"110117112211":{"name":"江米洞村","next":0},"110117112212":{"name":"行宫村","next":0},"110117112213":{"name":"东山下村","next":0}}