{"110113104001":{"name":"樱花园社区","next":0},"110113104002":{"name":"馨港庄园社区","next":0},"110113104003":{"name":"畅顺园社区","next":0},"110113104004":{"name":"苏活社区","next":0},"110113104201":{"name":"李家桥村","next":0},"110113104202":{"name":"英各庄村","next":0},"110113104203":{"name":"张辛村","next":0},"110113104204":{"name":"临清村","next":0},"110113104205":{"name":"南半壁店村","next":0},"110113104206":{"name":"后桥村","next":0},"110113104207":{"name":"庄子营村","next":0},"110113104208":{"name":"洼子村","next":0},"110113104209":{"name":"头二营村","next":0},"110113104210":{"name":"三四营村","next":0},"110113104211":{"name":"西树行村","next":0},"110113104212":{"name":"西大坨村","next":0},"110113104213":{"name":"北河村","next":0},"110113104214":{"name":"沙浮村","next":0},"110113104215":{"name":"王家场村","next":0},"110113104216":{"name":"沿河村","next":0},"110113104217":{"name":"芦各庄村","next":0},"110113104218":{"name":"史庄村","next":0},"110113104219":{"name":"吴庄村","next":0},"110113104220":{"name":"永青庄村","next":0},"110113104221":{"name":"郭庄村","next":0},"110113104222":{"name":"南河村","next":0},"110113104223":{"name":"北桃园村","next":0},"110113104224":{"name":"南桃园村","next":0},"110113104225":{"name":"安里村","next":0},"110113104226":{"name":"苏庄村","next":0},"110113104227":{"name":"官庄村","next":0},"110113104228":{"name":"堡子村","next":0},"110113104229":{"name":"沮沟村","next":0},"110113104230":{"name":"北庄头村","next":0},"110113104231":{"name":"南庄头村","next":0}}