{"110117106001":{"name":"礼义园社区","next":0},"110117106002":{"name":"知义园社区","next":0},"110117106003":{"name":"仁义园社区","next":0},"110117106200":{"name":"张各庄村","next":0},"110117106201":{"name":"杨各庄村","next":0},"110117106202":{"name":"马各庄村","next":0},"110117106203":{"name":"龙家务村","next":0},"110117106204":{"name":"贤王庄村","next":0},"110117106205":{"name":"王都庄村","next":0},"110117106206":{"name":"陈太务村","next":0},"110117106207":{"name":"纪太务村","next":0},"110117106208":{"name":"魏太务村","next":0},"110117106209":{"name":"南太务村","next":0},"110117106210":{"name":"夏各庄村","next":0},"110117106211":{"name":"安固村","next":0},"110117106212":{"name":"稻地村","next":0},"110117106213":{"name":"杨庄户村","next":0},"110117106214":{"name":"大岭后村","next":0}}