{"110111012001":{"name":"夏庄社区","next":0},"110111012002":{"name":"西潞东里社区","next":0},"110111012003":{"name":"月华东里社区","next":0},"110111012004":{"name":"北潞园社区","next":0},"110111012005":{"name":"苏庄一里社区","next":0},"110111012006":{"name":"西潞园社区","next":0},"110111012007":{"name":"苏庄二里社区","next":0},"110111012008":{"name":"西路大街社区","next":0},"110111012009":{"name":"苏庄三里社区","next":0},"110111012010":{"name":"海逸半岛社区","next":0},"110111012011":{"name":"太平庄西里社区","next":0},"110111012012":{"name":"北潞春社区","next":0},"110111012013":{"name":"金鸽园社区","next":0},"110111012014":{"name":"太平庄东里社区","next":0},"110111012015":{"name":"海悦嘉园社区","next":0},"110111012200":{"name":"詹庄村","next":0},"110111012201":{"name":"安庄村","next":0},"110111012202":{"name":"固村","next":0},"110111012203":{"name":"太平庄村","next":0},"110111012204":{"name":"南上岗村","next":0},"110111012205":{"name":"东沿村","next":0},"110111012206":{"name":"苏庄村","next":0}}