{"110108022001":{"name":"上地东里第一社区","next":0},"110108022002":{"name":"上地东里第二社区","next":0},"110108022003":{"name":"上地西里社区","next":0},"110108022004":{"name":"东馨园社区","next":0},"110108022005":{"name":"马连洼北路1号院社区","next":0},"110108022008":{"name":"体大颐清园社区","next":0},"110108022010":{"name":"树村社区","next":0},"110108022012":{"name":"紫成嘉园社区","next":0},"110108022013":{"name":"万树园社区","next":0},"110108022014":{"name":"上地科技园社区","next":0},"110108022015":{"name":"上地南路社区","next":0},"110108022016":{"name":"上地八一社区","next":0}}