{"110107001003":{"name":"玉泉路西社区","next":0},"110107001004":{"name":"电子科技情报研究所社区","next":0},"110107001005":{"name":"瑞达社区","next":0},"110107001006":{"name":"中铁建设有限公司社区","next":0},"110107001010":{"name":"鲁谷住宅社区","next":0},"110107001012":{"name":"四季园社区","next":0},"110107001017":{"name":"永乐东小区北社区","next":0},"110107001019":{"name":"永乐东小区南社区","next":0},"110107001021":{"name":"青年楼社区","next":0},"110107001022":{"name":"三山园社区","next":0},"110107001023":{"name":"玉泉西里西社区","next":0},"110107001024":{"name":"玉泉西里北社区","next":0},"110107001025":{"name":"玉泉西里中社区","next":0},"110107001026":{"name":"玉泉西里南社区","next":0},"110107001027":{"name":"沁山水北社区","next":0},"110107001028":{"name":"沁山水南社区","next":0}}