{"110105025015":{"name":"大屯里社区","next":0},"110105025029":{"name":"亚运新新家园社区","next":0},"110105025034":{"name":"慧忠里第一社区","next":0},"110105025035":{"name":"慧忠里第二社区","next":0},"110105025036":{"name":"慧忠北里第一社区","next":0},"110105025037":{"name":"慧忠北里第二社区","next":0},"110105025038":{"name":"安慧北里秀雅社区","next":0},"110105025039":{"name":"安慧北里安逸社区","next":0},"110105025040":{"name":"育慧西里社区","next":0},"110105025041":{"name":"育慧里社区","next":0},"110105025042":{"name":"世纪村社区","next":0},"110105025043":{"name":"安慧东里社区","next":0},"110105025044":{"name":"嘉铭园社区","next":0},"110105025045":{"name":"欧陆经典社区","next":0}}