{"110112001001":{"name":"东关社区","next":0},"110112001002":{"name":"星河社区","next":0},"110112001004":{"name":"上营社区","next":0},"110112001006":{"name":"悟仙观社区","next":0},"110112001011":{"name":"白将军社区","next":0},"110112001012":{"name":"东里社区","next":0},"110112001016":{"name":"西营社区","next":0},"110112001017":{"name":"中仓社区","next":0},"110112001021":{"name":"小园社区","next":0},"110112001023":{"name":"四员厅社区","next":0},"110112001024":{"name":"西上园社区","next":0},"110112001025":{"name":"新华园社区","next":0},"110112001026":{"name":"莲花寺社区","next":0},"110112001027":{"name":"中上园社区","next":0},"110112001028":{"name":"运河园社区","next":0},"110112001029":{"name":"滨河社区","next":0},"110112001030":{"name":"运河湾社区","next":0}}