{"110111111200":{"name":"平峪村","next":0},"110111111201":{"name":"北石门村","next":0},"110111111202":{"name":"西石门村","next":0},"110111111203":{"name":"前头港村","next":0},"110111111204":{"name":"西河村","next":0},"110111111205":{"name":"西庄村","next":0},"110111111206":{"name":"九渡村","next":0},"110111111207":{"name":"八渡村","next":0},"110111111208":{"name":"十渡村","next":0},"110111111209":{"name":"马安村","next":0},"110111111210":{"name":"卧龙村","next":0},"110111111211":{"name":"六合村","next":0},"110111111212":{"name":"东太平村","next":0},"110111111213":{"name":"西太平村","next":0},"110111111214":{"name":"新村","next":0},"110111111215":{"name":"西关上村","next":0},"110111111216":{"name":"六渡村","next":0},"110111111217":{"name":"七渡村","next":0},"110111111218":{"name":"五合村","next":0},"110111111219":{"name":"栗元厂村","next":0},"110111111220":{"name":"王老铺村","next":0}}