{"110108007001":{"name":"五塔寺社区","next":0},"110108007002":{"name":"头堆社区","next":0},"110108007003":{"name":"北京动物园社区","next":0},"110108007004":{"name":"钢铁研究总院社区","next":0},"110108007005":{"name":"上园社区","next":0},"110108007006":{"name":"大慧寺社区","next":0},"110108007007":{"name":"大柳树社区","next":0},"110108007008":{"name":"大柳树北社区","next":0},"110108007009":{"name":"中国气象局社区","next":0},"110108007010":{"name":"中关村南大街40号社区","next":0},"110108007012":{"name":"净土寺社区","next":0},"110108007013":{"name":"娘娘庙社区","next":0},"110108007016":{"name":"广通苑社区","next":0},"110108007018":{"name":"北京交通大学社区","next":0},"110108007019":{"name":"中国铁道科学研究院社区","next":0},"110108007020":{"name":"南里社区","next":0},"110108007021":{"name":"皂君西里社区","next":0},"110108007022":{"name":"南里二区社区","next":0},"110108007023":{"name":"农影社区","next":0},"110108007024":{"name":"中监所社区","next":0},"110108007025":{"name":"中国农科院社区","next":0},"110108007026":{"name":"解放军艺术学院社区","next":0},"110108007027":{"name":"青云南区社区","next":0},"110108007028":{"name":"皂君庙社区","next":0},"110108007029":{"name":"皂君东里社区","next":0},"110108007030":{"name":"中央财经大学社区","next":0},"110108007031":{"name":"大钟寺社区","next":0},"110108007032":{"name":"皂君庙南路社区","next":0},"110108007033":{"name":"卫生部社区","next":0},"110108007035":{"name":"海洋环境预报中心社区","next":0},"110108007036":{"name":"交大嘉园社区","next":0}}