{"110102010002":{"name":"安德路南社区","next":0},"110102010005":{"name":"安德路北社区","next":0},"110102010011":{"name":"德胜里社区","next":0},"110102010013":{"name":"德外大街西社区","next":0},"110102010017":{"name":"新明家园社区","next":0},"110102010019":{"name":"新风中直社区","next":0},"110102010021":{"name":"新外大街北社区","next":0},"110102010022":{"name":"新康社区","next":0},"110102010024":{"name":"马甸社区","next":0},"110102010025":{"name":"人定湖西里社区","next":0},"110102010026":{"name":"黄寺大街西社区","next":0},"110102010029":{"name":"双旗杆社区","next":0},"110102010031":{"name":"北广社区","next":0},"110102010033":{"name":"黄寺大街24号社区","next":0},"110102010036":{"name":"裕中西里社区","next":0},"110102010038":{"name":"裕中东里社区","next":0},"110102010039":{"name":"阳光丽景社区","next":0},"110102010043":{"name":"德外大街东社区","next":0},"110102010044":{"name":"六铺炕北小街社区","next":0},"110102010045":{"name":"六铺炕南小街","next":0}}