{"110116106001":{"name":"怀北铁路社区","next":0},"110116106201":{"name":"西庄村","next":0},"110116106202":{"name":"东庄村","next":0},"110116106203":{"name":"怀北庄村","next":0},"110116106204":{"name":"龙各庄村","next":0},"110116106205":{"name":"神山村","next":0},"110116106206":{"name":"邓各庄村","next":0},"110116106207":{"name":"大水峪村","next":0},"110116106208":{"name":"河防口村","next":0},"110116106209":{"name":"椴树岭村","next":0},"110116106210":{"name":"新峰村","next":0}}