{"110109002001":{"name":"市场社区","next":0},"110109002002":{"name":"桥东街社区","next":0},"110109002003":{"name":"城子大街社区","next":0},"110109002005":{"name":"民生社区","next":0},"110109002007":{"name":"城子西街社区","next":0},"110109002008":{"name":"七棵树东街社区","next":0},"110109002011":{"name":"广场社区","next":0},"110109002012":{"name":"向阳社区","next":0},"110109002015":{"name":"七棵树西街社区","next":0},"110109002016":{"name":"矿桥东街社区","next":0},"110109002017":{"name":"西宁路社区","next":0},"110109002018":{"name":"华新建社区","next":0},"110109002019":{"name":"新老宿舍社区","next":0},"110109002020":{"name":"蓝龙家园社区","next":0},"110109002021":{"name":"龙门新区一区社区","next":0},"110109002022":{"name":"龙门新区三区社区","next":0},"110109002023":{"name":"龙门新区四区社区","next":0},"110109002024":{"name":"龙门新区五区社区","next":0},"110109002025":{"name":"龙门新区六区社区","next":0},"110109002026":{"name":"燕保家园社区","next":0}}