{"110112005001":{"name":"天赐良园社区","next":0},"110112005002":{"name":"富河园社区","next":0},"110112005003":{"name":"运乔嘉园社区","next":0},"110112005004":{"name":"盛业家园社区","next":0},"110112005005":{"name":"龙旺庄社区","next":0},"110112005006":{"name":"潞苑南里社区","next":0},"110112005007":{"name":"潞邑社区","next":0},"110112005008":{"name":"东潞苑西区社区","next":0},"110112005009":{"name":"运通园社区","next":0},"110112005010":{"name":"西马庄社区","next":0},"110112005011":{"name":"苏荷雅居社区","next":0},"110112005012":{"name":"世纪星城兴业园社区","next":0},"110112005013":{"name":"永顺南里社区","next":0},"110112005014":{"name":"杨庄南里西区社区","next":0},"110112005015":{"name":"永顺西里社区","next":0},"110112005016":{"name":"艺苑东里社区","next":0},"110112005017":{"name":"杨庄南里南区社区","next":0},"110112005018":{"name":"潞苑嘉园社区","next":0},"110112005019":{"name":"竹木场社区","next":0},"110112005020":{"name":"杨富店社区","next":0},"110112005021":{"name":"岳庄社区","next":0},"110112005022":{"name":"杨庄通广嘉园社区","next":0},"110112005023":{"name":"西潞苑北区社区","next":0},"110112005024":{"name":"京贸国际城社区","next":0},"110112005025":{"name":"潞苑北里社区","next":0},"110112005201":{"name":"永顺村","next":0},"110112005202":{"name":"北马庄村","next":0},"110112005203":{"name":"范庄村","next":0},"110112005204":{"name":"刘庄村","next":0},"110112005205":{"name":"李庄村","next":0},"110112005206":{"name":"焦王庄村","next":0},"110112005207":{"name":"苏坨村","next":0},"110112005208":{"name":"小潞邑村","next":0},"110112005209":{"name":"龙旺庄村","next":0},"110112005210":{"name":"耿庄村","next":0},"110112005211":{"name":"王家场村","next":0},"110112005212":{"name":"邓家窑村","next":0},"110112005213":{"name":"西马庄村","next":0},"110112005215":{"name":"新建村","next":0},"110112005217":{"name":"杨庄村","next":0},"110112005218":{"name":"果元村","next":0},"110112005219":{"name":"南关村","next":0},"110112005220":{"name":"上营村","next":0},"110112005221":{"name":"乔庄村","next":0},"110112005222":{"name":"小圣庙村","next":0},"110112005223":{"name":"前上坡村","next":0}}