{"110117001000":{"name":"滨河街道","next":1},"110117002000":{"name":"兴谷街道","next":1},"110117003000":{"name":"渔阳地区","next":1},"110117004000":{"name":"峪口地区","next":1},"110117005000":{"name":"马坊地区","next":1},"110117006000":{"name":"金海湖地区","next":1},"110117101000":{"name":"东高村镇","next":1},"110117102000":{"name":"山东庄镇","next":1},"110117104000":{"name":"南独乐河镇","next":1},"110117105000":{"name":"大华山镇","next":1},"110117106000":{"name":"夏各庄镇","next":1},"110117108000":{"name":"马昌营镇","next":1},"110117110000":{"name":"王辛庄镇","next":1},"110117111000":{"name":"大兴庄镇","next":1},"110117112000":{"name":"刘家店镇","next":1},"110117114000":{"name":"镇罗营镇","next":1},"110117213000":{"name":"黄松峪乡","next":1},"110117214000":{"name":"熊儿寨乡","next":1}}