{"110105016059":{"name":"垂杨柳东里社区","next":0},"110105016060":{"name":"垂杨柳西里社区","next":0},"110105016061":{"name":"广和里社区","next":0},"110105016062":{"name":"双花园社区","next":0},"110105016063":{"name":"广外南社区","next":0},"110105016064":{"name":"九龙社区","next":0},"110105016065":{"name":"大望社区","next":0},"110105016066":{"name":"广泉社区","next":0},"110105016067":{"name":"富力社区","next":0},"110105016068":{"name":"光环社区","next":0},"110105016069":{"name":"九龙南社区","next":0},"110105016070":{"name":"百子园社区","next":0}}