{"110111101001":{"name":"梨园东里社区","next":0},"110111101002":{"name":"消防器材厂社区","next":0},"110111101003":{"name":"桥梁厂社区","next":0},"110111101004":{"name":"绿城社区","next":0},"110111101005":{"name":"万紫嘉园社区","next":0},"110111101200":{"name":"大紫草坞村","next":0},"110111101201":{"name":"小紫草坞村","next":0},"110111101202":{"name":"前沿村","next":0},"110111101203":{"name":"后沿村","next":0},"110111101204":{"name":"张庄村","next":0},"110111101205":{"name":"公主坟村","next":0},"110111101206":{"name":"北坊村","next":0},"110111101207":{"name":"南坊村","next":0},"110111101208":{"name":"吴庄村","next":0},"110111101209":{"name":"焦庄村","next":0},"110111101210":{"name":"大董村","next":0},"110111101211":{"name":"小董村","next":0},"110111101212":{"name":"西坟村","next":0},"110111101213":{"name":"开古庄村","next":0},"110111101214":{"name":"南梨园村","next":0},"110111101215":{"name":"二合庄村","next":0},"110111101216":{"name":"大十三里村","next":0},"110111101217":{"name":"小十三里村","next":0},"110111101218":{"name":"后十三里村","next":0},"110111101219":{"name":"肖庄村","next":0},"110111101220":{"name":"元武屯村","next":0},"110111101221":{"name":"炒米店村","next":0}}