{"110115001001":{"name":"富强西里社区","next":0},"110115001002":{"name":"富强东里社区","next":0},"110115001003":{"name":"黄村西里社区","next":0},"110115001004":{"name":"黄村中里社区","next":0},"110115001009":{"name":"兴华中里社区","next":0},"110115001011":{"name":"兴华东里社区","next":0},"110115001012":{"name":"富强南里社区","next":0},"110115001020":{"name":"康居社区","next":0},"110115001022":{"name":"三合南里社区","next":0},"110115001025":{"name":"瑞康家园社区","next":0},"110115001026":{"name":"黄村东里社区","next":0},"110115001028":{"name":"清城北区社区","next":0},"110115001029":{"name":"清城南区社区","next":0},"110115001030":{"name":"三合北里社区","next":0},"110115001031":{"name":"三合中里社区","next":0},"110115001032":{"name":"佟馨家园南里社区","next":0},"110115001033":{"name":"佟馨家园北里社区","next":0}}