{"110105038001":{"name":"马南里社区","next":0},"110105038005":{"name":"大望京社区","next":0},"110105038008":{"name":"京旺家园第一社区","next":0},"110105038009":{"name":"京旺家园第二社区","next":0},"110105038010":{"name":"燕保马泉营家园社区","next":0},"110105038011":{"name":"东洲家园社区","next":0},"110105038200":{"name":"崔各庄村","next":0},"110105038201":{"name":"善各庄村","next":0},"110105038202":{"name":"何各庄村","next":0},"110105038203":{"name":"马泉营村","next":0},"110105038204":{"name":"奶东村","next":0},"110105038205":{"name":"奶西村","next":0},"110105038206":{"name":"索家村","next":0},"110105038207":{"name":"费家村","next":0},"110105038208":{"name":"南皋村","next":0},"110105038209":{"name":"望京村","next":0},"110105038210":{"name":"草场地村","next":0},"110105038211":{"name":"东辛店村","next":0},"110105038212":{"name":"北皋村","next":0},"110105038213":{"name":"东营村","next":0},"110105038214":{"name":"黑桥村","next":0}}