{"110118100001":{"name":"小唐庄社区","next":0},"110118100002":{"name":"李各庄社区","next":0},"110118100003":{"name":"大唐庄社区","next":0},"110118100200":{"name":"季庄村","next":0},"110118100201":{"name":"大唐庄村","next":0},"110118100202":{"name":"小唐庄村","next":0},"110118100203":{"name":"王家楼村","next":0},"110118100204":{"name":"西户部庄村","next":0},"110118100205":{"name":"李各庄村","next":0},"110118100206":{"name":"长安村","next":0},"110118100207":{"name":"白檀村","next":0},"110118100208":{"name":"宾阳村","next":0},"110118100209":{"name":"南菜园村","next":0}}