{"110102003015":{"name":"西里二区社区","next":0},"110102003020":{"name":"西里一区社区","next":0},"110102003025":{"name":"西里四区社区","next":0},"110102003026":{"name":"北草厂社区","next":0},"110102003028":{"name":"西里三区社区","next":0},"110102003032":{"name":"玉桃园社区","next":0},"110102003033":{"name":"西四北头条社区","next":0},"110102003034":{"name":"西四北三条社区","next":0},"110102003035":{"name":"西四北六条社区","next":0},"110102003036":{"name":"育德社区","next":0},"110102003037":{"name":"前公用社区","next":0},"110102003038":{"name":"半壁街社区","next":0},"110102003039":{"name":"南小街社区","next":0},"110102003040":{"name":"冠英园社区","next":0},"110102003042":{"name":"大觉社区","next":0},"110102003043":{"name":"富国里社区","next":0},"110102003045":{"name":"安平巷社区","next":0},"110102003046":{"name":"官园社区","next":0},"110102003048":{"name":"宫门口社区","next":0},"110102003049":{"name":"北顺社区","next":0},"110102003050":{"name":"中直社区","next":0}}