{"110119105001":{"name":"张山营镇社区","next":0},"110119105002":{"name":"龙聚山庄社区","next":0},"110119105200":{"name":"大庄科村","next":0},"110119105201":{"name":"佛峪口村","next":0},"110119105202":{"name":"水峪村","next":0},"110119105203":{"name":"胡家营村","next":0},"110119105204":{"name":"姚家营村","next":0},"110119105205":{"name":"东门营村","next":0},"110119105206":{"name":"下营村","next":0},"110119105207":{"name":"西五里营村","next":0},"110119105208":{"name":"前黑龙庙村","next":0},"110119105209":{"name":"后黑龙庙村","next":0},"110119105210":{"name":"西卓家营村","next":0},"110119105211":{"name":"下卢凤营村","next":0},"110119105212":{"name":"上卢凤营村","next":0},"110119105213":{"name":"张山营村","next":0},"110119105214":{"name":"马庄村","next":0},"110119105215":{"name":"小河屯村","next":0},"110119105216":{"name":"上板泉村","next":0},"110119105217":{"name":"下板泉村","next":0},"110119105218":{"name":"玉皇庙村","next":0},"110119105219":{"name":"西羊坊村","next":0},"110119105220":{"name":"辛家堡村","next":0},"110119105221":{"name":"丁家堡村","next":0},"110119105222":{"name":"靳家堡村","next":0},"110119105223":{"name":"田宋营村","next":0},"110119105224":{"name":"吴庄村","next":0},"110119105225":{"name":"龙聚山庄村","next":0},"110119105226":{"name":"晏家堡村","next":0},"110119105227":{"name":"中羊坊村","next":0},"110119105228":{"name":"黄柏寺村","next":0},"110119105229":{"name":"上郝庄村","next":0},"110119105230":{"name":"韩郝庄村","next":0},"110119105231":{"name":"苏庄村","next":0}}