{"110108029001":{"name":"北分瑞利社区","next":0},"110108029002":{"name":"北安河社区","next":0},"110108029003":{"name":"聂各庄社区","next":0},"110108029004":{"name":"稻香湖社区","next":0},"110108029005":{"name":"前沙涧社区","next":0},"110108029006":{"name":"同泽园东里社区","next":0},"110108029007":{"name":"同泽园西里社区","next":0},"110108029008":{"name":"安河家园东区社区","next":0},"110108029009":{"name":"安河家园西区社区","next":0},"110108029201":{"name":"三星庄村","next":0},"110108029202":{"name":"苏一二村","next":0},"110108029203":{"name":"苏三四村","next":0},"110108029204":{"name":"西小营村","next":0},"110108029205":{"name":"北庄子村","next":0},"110108029206":{"name":"柳林村","next":0},"110108029207":{"name":"前沙涧村","next":0},"110108029208":{"name":"后沙涧村","next":0},"110108029209":{"name":"南安河村","next":0},"110108029210":{"name":"徐各庄村","next":0},"110108029211":{"name":"周家巷村","next":0},"110108029212":{"name":"北安河村","next":0},"110108029213":{"name":"草厂村","next":0},"110108029214":{"name":"西埠头村","next":0},"110108029215":{"name":"七王坟村","next":0},"110108029216":{"name":"梁家园村","next":0},"110108029217":{"name":"台头村","next":0},"110108029218":{"name":"聂各庄村","next":0},"110108029219":{"name":"车耳营村","next":0}}