{"110113012001":{"name":"马坡花园第一社区","next":0},"110113012002":{"name":"马坡花园第二社区","next":0},"110113012003":{"name":"富力湾社区","next":0},"110113012004":{"name":"泰和宜园第一社区","next":0},"110113012005":{"name":"新马家园社区","next":0},"110113012006":{"name":"顺悦家园社区","next":0},"110113012007":{"name":"金宝花园北区社区","next":0},"110113012008":{"name":"香悦东区社区","next":0},"110113012009":{"name":"北辰花园社区","next":0},"110113012010":{"name":"中晟馨苑社区","next":0},"110113012011":{"name":"香悦西区社区","next":0},"110113012012":{"name":"顺兴社区","next":0},"110113012013":{"name":"鲁能润园社区","next":0},"110113012014":{"name":"花溪渡社区","next":0},"110113012015":{"name":"鲁能溪园社区","next":0},"110113012201":{"name":"向阳村","next":0},"110113012202":{"name":"西丰乐村","next":0},"110113012203":{"name":"北上坡村","next":0},"110113012204":{"name":"大营村","next":0},"110113012205":{"name":"东马坡村","next":0},"110113012206":{"name":"肖家坡村","next":0},"110113012207":{"name":"东丰乐村","next":0},"110113012208":{"name":"小孙各庄村","next":0},"110113012209":{"name":"西马坡村","next":0},"110113012210":{"name":"白各庄村","next":0},"110113012211":{"name":"秦武姚村","next":0},"110113012212":{"name":"荆卷村","next":0},"110113012213":{"name":"向前村","next":0},"110113012214":{"name":"庄头村","next":0},"110113012215":{"name":"泥河村","next":0}}