{"110115002001":{"name":"车站南里社区","next":0},"110115002002":{"name":"车站中里社区","next":0},"110115002004":{"name":"义和庄东里社区","next":0},"110115002009":{"name":"义和庄南里社区","next":0},"110115002010":{"name":"饮马井社区","next":0},"110115002011":{"name":"铁路社区","next":0},"110115002013":{"name":"兴水社区","next":0},"110115002015":{"name":"永华南里社区","next":0},"110115002016":{"name":"兴政西里社区","next":0},"110115002017":{"name":"兴政东里社区","next":0},"110115002018":{"name":"林校北里社区","next":0},"110115002019":{"name":"车站北里社区","next":0},"110115002020":{"name":"建兴社区","next":0},"110115002021":{"name":"永华北里社区","next":0},"110115002022":{"name":"兴华南里社区","next":0},"110115002023":{"name":"火神庙社区","next":0},"110115002024":{"name":"兴政中里社区","next":0},"110115002025":{"name":"罗奇营一区社区","next":0},"110115002026":{"name":"罗奇营二区社区","next":0}}