{"110105017036":{"name":"劲松北社区","next":0},"110105017037":{"name":"劲松东社区","next":0},"110105017038":{"name":"劲松中社区","next":0},"110105017039":{"name":"劲松西社区","next":0},"110105017040":{"name":"八棵杨社区","next":0},"110105017041":{"name":"大郊亭社区","next":0},"110105017042":{"name":"农光里社区","next":0},"110105017043":{"name":"农光里中社区","next":0},"110105017044":{"name":"农光东里社区","next":0},"110105017045":{"name":"磨房北里社区","next":0},"110105017046":{"name":"百环社区","next":0},"110105017047":{"name":"和谐雅园社区","next":0},"110105017048":{"name":"西大望路社区","next":0}}