{"110102016001":{"name":"米市社区","next":0},"110102016003":{"name":"粉房琉璃街社区","next":0},"110102016004":{"name":"福州馆社区","next":0},"110102016006":{"name":"黑窑厂社区","next":0},"110102016007":{"name":"龙泉社区","next":0},"110102016008":{"name":"红土店社区","next":0},"110102016012":{"name":"南华里社区","next":0},"110102016013":{"name":"新兴里","next":0},"110102016014":{"name":"壹瓶社区","next":0},"110102016015":{"name":"大吉巷社区","next":0}}