{"110112109001":{"name":"新海南里社区","next":0},"110112109002":{"name":"新海北里社区","next":0},"110112109003":{"name":"新海祥和社区","next":0},"110112109004":{"name":"瑞晶苑社区","next":0},"110112109005":{"name":"宏仁社区","next":0},"110112109006":{"name":"国风美仑社区","next":0},"110112109007":{"name":"香雪兰溪社区","next":0},"110112109201":{"name":"一街村","next":0},"110112109202":{"name":"二街村","next":0},"110112109203":{"name":"三街村","next":0},"110112109209":{"name":"北门口村","next":0},"110112109210":{"name":"大葛庄村","next":0},"110112109211":{"name":"东店村","next":0},"110112109212":{"name":"西店村","next":0},"110112109213":{"name":"西后街村","next":0},"110112109214":{"name":"辛屯村","next":0},"110112109215":{"name":"大白村","next":0},"110112109216":{"name":"马村","next":0},"110112109217":{"name":"小白村","next":0},"110112109218":{"name":"姚村","next":0},"110112109219":{"name":"张各庄村","next":0},"110112109220":{"name":"古庄村","next":0},"110112109221":{"name":"杨秀店村","next":0},"110112109222":{"name":"周营村","next":0},"110112109223":{"name":"小张湾村","next":0},"110112109224":{"name":"房辛店村","next":0},"110112109225":{"name":"张村","next":0},"110112109226":{"name":"郭村","next":0},"110112109227":{"name":"柴务村","next":0},"110112109228":{"name":"大周易村","next":0},"110112109229":{"name":"小周易村","next":0},"110112109230":{"name":"史村","next":0},"110112109231":{"name":"前银子村","next":0},"110112109232":{"name":"后银子村","next":0},"110112109233":{"name":"驸马庄村","next":0},"110112109234":{"name":"南堤村","next":0},"110112109235":{"name":"大杜社村","next":0},"110112109236":{"name":"团瓢庄村","next":0},"110112109237":{"name":"后堰上村","next":0},"110112109238":{"name":"前堰上村","next":0},"110112109239":{"name":"姚辛庄村","next":0},"110112109240":{"name":"陈各庄村","next":0},"110112109241":{"name":"南小营村","next":0},"110112109242":{"name":"西田阳村","next":0},"110112109243":{"name":"东田阳村","next":0},"110112109244":{"name":"小杜社村","next":0},"110112109245":{"name":"六郎庄村","next":0},"110112109246":{"name":"西马各庄村","next":0},"110112109247":{"name":"小松垡村","next":0},"110112109248":{"name":"大松垡村","next":0},"110112109249":{"name":"神驹村","next":0},"110112109250":{"name":"柏福村","next":0}}