{"110113116001":{"name":"板桥新苑社区","next":0},"110113116201":{"name":"西小营村","next":0},"110113116202":{"name":"北郎中村","next":0},"110113116203":{"name":"前桑园村","next":0},"110113116204":{"name":"后桑园村","next":0},"110113116205":{"name":"白庙村","next":0},"110113116206":{"name":"马家堡村","next":0},"110113116207":{"name":"大官庄村","next":0},"110113116208":{"name":"小官庄村","next":0},"110113116209":{"name":"西陈各庄村","next":0},"110113116210":{"name":"赵全营村","next":0},"110113116211":{"name":"小高丽营村","next":0},"110113116212":{"name":"去碑营村","next":0},"110113116213":{"name":"豹房村","next":0},"110113116214":{"name":"忻州营村","next":0},"110113116215":{"name":"红铜营村","next":0},"110113116216":{"name":"板桥村","next":0},"110113116217":{"name":"西绛州营村","next":0},"110113116218":{"name":"东绛洲营村","next":0},"110113116219":{"name":"稷山营村","next":0},"110113116220":{"name":"东水泉村","next":0},"110113116221":{"name":"西水泉村","next":0},"110113116222":{"name":"联庄村","next":0},"110113116223":{"name":"河庄村","next":0},"110113116224":{"name":"解放村","next":0},"110113116225":{"name":"燕华营村","next":0}}