{"110115108001":{"name":"御佳园社区","next":0},"110115108002":{"name":"众美城社区","next":0},"110115108003":{"name":"富力丹麦小镇社区","next":0},"110115108004":{"name":"富力华庭苑社区","next":0},"110115108005":{"name":"龙景湾社区","next":0},"110115108006":{"name":"丽水佳园社区","next":0},"110115108200":{"name":"李窑村","next":0},"110115108201":{"name":"西中堡村","next":0},"110115108202":{"name":"东中堡村","next":0},"110115108203":{"name":"四各庄村","next":0},"110115108204":{"name":"小庄子村","next":0},"110115108205":{"name":"幸福村","next":0},"110115108206":{"name":"团结村","next":0},"110115108207":{"name":"繁荣村","next":0},"110115108208":{"name":"民生村","next":0},"110115108209":{"name":"北李渠村","next":0},"110115108210":{"name":"河南村","next":0},"110115108211":{"name":"宋各庄村","next":0},"110115108212":{"name":"南李渠村","next":0},"110115108213":{"name":"孙场村","next":0},"110115108214":{"name":"薛营村","next":0},"110115108215":{"name":"西义堂村","next":0},"110115108216":{"name":"东义堂村","next":0},"110115108217":{"name":"南义堂村","next":0},"110115108218":{"name":"南园子村","next":0},"110115108219":{"name":"北顿垡村","next":0},"110115108220":{"name":"张新庄村","next":0},"110115108221":{"name":"南小营村","next":0},"110115108222":{"name":"西梨园村","next":0},"110115108223":{"name":"东梨园村","next":0},"110115108224":{"name":"李家巷村","next":0},"110115108225":{"name":"王场村","next":0},"110115108226":{"name":"加录垡村","next":0},"110115108227":{"name":"南顿垡村","next":0},"110115108228":{"name":"钥匙头村","next":0},"110115108229":{"name":"鲍家铺村","next":0},"110115108230":{"name":"北章客村","next":0},"110115108231":{"name":"留民庄村","next":0},"110115108232":{"name":"西高各庄村","next":0},"110115108233":{"name":"东高各庄村","next":0},"110115108234":{"name":"保安庄村","next":0},"110115108235":{"name":"梁家务村","next":0},"110115108236":{"name":"田家窑村","next":0},"110115108237":{"name":"丁村","next":0},"110115108238":{"name":"定福庄村","next":0},"110115108239":{"name":"西南次村","next":0},"110115108240":{"name":"东南次村","next":0},"110115108241":{"name":"张公垡村","next":0},"110115108242":{"name":"赵村","next":0},"110115108243":{"name":"梨花村","next":0},"110115108244":{"name":"福上村","next":0},"110115108245":{"name":"东黑垡村","next":0},"110115108246":{"name":"西黑垡村","next":0},"110115108247":{"name":"常各庄村","next":0},"110115108248":{"name":"北曹各庄村","next":0},"110115108249":{"name":"前曹各庄村","next":0},"110115108250":{"name":"韩家铺村","next":0},"110115108251":{"name":"南章客村","next":0},"110115108252":{"name":"南地村","next":0},"110115108401":{"name":"庞各庄镇开发区","next":0}}