{"110107010001":{"name":"军区联勤部大院社区","next":0},"110107010003":{"name":"黑石头社区","next":0},"110107010004":{"name":"西山机械厂社区","next":0},"110107010006":{"name":"高井社区","next":0},"110107010011":{"name":"隆恩寺社区","next":0},"110107010013":{"name":"东街社区","next":0},"110107010015":{"name":"红卫路社区","next":0},"110107010016":{"name":"南宫社区","next":0},"110107010017":{"name":"隆恩寺新区社区","next":0},"110107010018":{"name":"天翠阳光第一社区","next":0},"110107010019":{"name":"天翠阳光第二社区","next":0},"110107010020":{"name":"天翠阳光第三社区","next":0},"110107010021":{"name":"隆恩颐园社区","next":0},"110107010022":{"name":"南宫嘉园社区","next":0}}