{"110114003001":{"name":"念头社区","next":0},"110114003201":{"name":"马池口村","next":0},"110114003202":{"name":"东坨村","next":0},"110114003203":{"name":"西坨村","next":0},"110114003204":{"name":"东闸村","next":0},"110114003205":{"name":"北庄户村","next":0},"110114003206":{"name":"楼自庄村","next":0},"110114003207":{"name":"土城村","next":0},"110114003208":{"name":"横桥村","next":0},"110114003209":{"name":"白浮村","next":0},"110114003210":{"name":"下念头村","next":0},"110114003211":{"name":"宏道村","next":0},"110114003212":{"name":"上念头村","next":0},"110114003213":{"name":"百泉庄村","next":0},"110114003214":{"name":"奤夿屯村","next":0},"110114003215":{"name":"亭自庄村","next":0},"110114003216":{"name":"北小营村","next":0},"110114003217":{"name":"乃干屯村","next":0},"110114003218":{"name":"丈头村","next":0},"110114003219":{"name":"辛店村","next":0},"110114003220":{"name":"土楼村","next":0},"110114003221":{"name":"葛村","next":0}}