{"110118115001":{"name":"新城子社区","next":0},"110118115200":{"name":"花园村","next":0},"110118115201":{"name":"大角峪村","next":0},"110118115202":{"name":"曹家路村","next":0},"110118115203":{"name":"蔡家甸村","next":0},"110118115204":{"name":"东沟村","next":0},"110118115205":{"name":"崔家峪村","next":0},"110118115206":{"name":"二道沟村","next":0},"110118115207":{"name":"头道沟村","next":0},"110118115208":{"name":"小口村","next":0},"110118115209":{"name":"遥桥峪村","next":0},"110118115210":{"name":"新城子村","next":0},"110118115211":{"name":"巴各庄村","next":0},"110118115212":{"name":"太古石村","next":0},"110118115213":{"name":"吉家营村","next":0},"110118115214":{"name":"苏家峪村","next":0},"110118115215":{"name":"塔沟村","next":0},"110118115216":{"name":"大树洼村","next":0},"110118115217":{"name":"坡头村","next":0}}