{"110108017001":{"name":"清河嘉园社区","next":0},"110108017003":{"name":"四街社区","next":0},"110108017007":{"name":"朱房社区","next":0},"110108017008":{"name":"安宁里社区","next":0},"110108017009":{"name":"火箭军社区","next":0},"110108017010":{"name":"长城润滑油社区","next":0},"110108017012":{"name":"空军装备研究院社区","next":0},"110108017013":{"name":"安宁庄东路28号社区","next":0},"110108017014":{"name":"美和园社区","next":0},"110108017016":{"name":"花园楼社区","next":0},"110108017017":{"name":"毛纺南小区社区","next":0},"110108017018":{"name":"毛纺北小区社区","next":0},"110108017019":{"name":"北毛社区","next":0},"110108017020":{"name":"安宁东路社区","next":0},"110108017021":{"name":"阳光社区","next":0},"110108017022":{"name":"安宁北路社区","next":0},"110108017023":{"name":"西二旗一里社区","next":0},"110108017024":{"name":"安宁庄社区","next":0},"110108017025":{"name":"怡美家园社区","next":0},"110108017026":{"name":"海清园社区","next":0},"110108017027":{"name":"当代城市家园社区","next":0},"110108017029":{"name":"清上园社区","next":0},"110108017030":{"name":"力度家园社区","next":0},"110108017031":{"name":"小营西路32号院社区","next":0},"110108017032":{"name":"领秀硅谷社区","next":0},"110108017033":{"name":"学府树家园第一社区","next":0},"110108017034":{"name":"智学苑社区","next":0},"110108017035":{"name":"领秀新硅谷社区","next":0},"110108017036":{"name":"学府树家园第二社区","next":0}}