{"110114113001":{"name":"善缘家园社区","next":0},"110114113002":{"name":"林溪园社区","next":0},"110114113201":{"name":"百善村","next":0},"110114113202":{"name":"吕各庄村","next":0},"110114113203":{"name":"半壁街村","next":0},"110114113204":{"name":"下东廓村","next":0},"110114113205":{"name":"上东廓村","next":0},"110114113206":{"name":"牛房圈村","next":0},"110114113207":{"name":"二德庄村","next":0},"110114113208":{"name":"东沙屯村","next":0},"110114113209":{"name":"孟祖村","next":0},"110114113210":{"name":"良各庄村","next":0},"110114113211":{"name":"狮子营村","next":0},"110114113212":{"name":"泥洼村","next":0},"110114113213":{"name":"钟家营村","next":0}}