{"110106001000":{"name":"右安门街道","next":1},"110106002000":{"name":"太平桥街道","next":1},"110106003000":{"name":"西罗园街道","next":1},"110106004000":{"name":"大红门街道","next":1},"110106005000":{"name":"南苑街道","next":1},"110106006000":{"name":"东高地街道","next":1},"110106007000":{"name":"东铁匠营街道","next":1},"110106008000":{"name":"卢沟桥街道","next":1},"110106009000":{"name":"丰台街道","next":1},"110106010000":{"name":"新村街道","next":1},"110106011000":{"name":"长辛店街道","next":1},"110106012000":{"name":"云岗街道","next":1},"110106013000":{"name":"方庄地区","next":1},"110106014000":{"name":"宛平城地区","next":1},"110106015000":{"name":"马家堡街道","next":1},"110106016000":{"name":"和义街道","next":1},"110106017000":{"name":"卢沟桥地区","next":1},"110106018000":{"name":"花乡地区","next":1},"110106019000":{"name":"南苑地区","next":1},"110106100000":{"name":"长辛店镇","next":1},"110106101000":{"name":"王佐镇","next":1}}