{"110105034001":{"name":"福怡苑社区","next":0},"110105034003":{"name":"三间房南里社区","next":0},"110105034004":{"name":"定南里社区","next":0},"110105034005":{"name":"定北里社区","next":0},"110105034006":{"name":"定西北里社区","next":0},"110105034007":{"name":"定西南里社区","next":0},"110105034008":{"name":"双桥铁路社区","next":0},"110105034009":{"name":"双桥路社区","next":0},"110105034010":{"name":"双柳社区","next":0},"110105034013":{"name":"双惠苑社区","next":0},"110105034014":{"name":"绿洲家园社区","next":0},"110105034015":{"name":"艺水芳园社区","next":0},"110105034016":{"name":"美然动力社区","next":0},"110105034026":{"name":"聚福苑社区","next":0},"110105034027":{"name":"泰福苑社区","next":0},"110105034200":{"name":"三间房东村","next":0},"110105034201":{"name":"三间房西村","next":0},"110105034202":{"name":"定福庄东村","next":0},"110105034203":{"name":"定福庄西村","next":0},"110105034204":{"name":"褡裢坡村","next":0},"110105034205":{"name":"白家楼村","next":0},"110105034207":{"name":"东柳村","next":0},"110105034208":{"name":"西柳村","next":0},"110105034209":{"name":"新房村","next":0},"110105034210":{"name":"北双桥村","next":0},"110105034211":{"name":"金家村","next":0}}