{"110111001001":{"name":"万宁桥社区","next":0},"110111001002":{"name":"城北社区","next":0},"110111001003":{"name":"北里社区","next":0},"110111001004":{"name":"北街社区","next":0},"110111001005":{"name":"永安西里社区","next":0},"110111001006":{"name":"南里社区","next":0},"110111001007":{"name":"南城社区","next":0},"110111001008":{"name":"农林路社区","next":0},"110111001009":{"name":"南沿里社区","next":0},"110111001010":{"name":"新东关社区","next":0},"110111001011":{"name":"大石河社区","next":0},"110111001024":{"name":"矿机社区","next":0},"110111001025":{"name":"管道局社区","next":0},"110111001026":{"name":"化工四厂社区","next":0},"110111001032":{"name":"城东社区","next":0},"110111001033":{"name":"永乐园社区","next":0},"110111001034":{"name":"永兴达社区","next":0},"110111001035":{"name":"兴房东里社区","next":0},"110111001036":{"name":"福星家园社区","next":0},"110111001037":{"name":"府东里社区","next":0},"110111001038":{"name":"永安家园社区","next":0},"110111001039":{"name":"蓝城家园社区","next":0},"110111001200":{"name":"顾册村","next":0},"110111001201":{"name":"北市村","next":0},"110111001202":{"name":"东坟村","next":0},"110111001203":{"name":"辛庄村","next":0},"110111001204":{"name":"东瓜地村","next":0},"110111001205":{"name":"田各庄村","next":0},"110111001206":{"name":"瓜市村","next":0},"110111001207":{"name":"马各庄村","next":0},"110111001208":{"name":"饶乐府村","next":0},"110111001209":{"name":"丁家洼村","next":0},"110111001210":{"name":"羊头岗村","next":0},"110111001211":{"name":"八十亩地村","next":0},"110111001212":{"name":"前朱各庄村","next":0},"110111001213":{"name":"后朱各庄村","next":0},"110111001214":{"name":"洪寺村","next":0},"110111001215":{"name":"塔湾村","next":0},"110111001216":{"name":"迎风坡村","next":0},"110111001217":{"name":"东街村","next":0},"110111001218":{"name":"南街村","next":0},"110111001219":{"name":"南关村","next":0},"110111001220":{"name":"西街村","next":0},"110111001221":{"name":"北关村","next":0}}