{"110108024001":{"name":"八家社区","next":0},"110108024002":{"name":"前屯社区","next":0},"110108024003":{"name":"马坊社区","next":0},"110108024004":{"name":"奥北社区","next":0},"110108024005":{"name":"文龙社区","next":0},"110108024006":{"name":"龙岗社区","next":0},"110108024007":{"name":"观林园社区","next":0},"110108024008":{"name":"龙樾社区","next":0},"110108024206":{"name":"马坊村","next":0},"110108024207":{"name":"小营村","next":0},"110108024208":{"name":"八家村","next":0},"110108024209":{"name":"清河村","next":0},"110108024210":{"name":"塔院村","next":0}}