{"110112209001":{"name":"于家务西里社区","next":0},"110112209201":{"name":"于家务村","next":0},"110112209202":{"name":"南仪阁村","next":0},"110112209203":{"name":"北辛店村","next":0},"110112209204":{"name":"大耕垡村","next":0},"110112209205":{"name":"东马各庄村","next":0},"110112209206":{"name":"西马坊村","next":0},"110112209207":{"name":"神仙村","next":0},"110112209208":{"name":"果村","next":0},"110112209209":{"name":"渠头村","next":0},"110112209210":{"name":"富各庄村","next":0},"110112209211":{"name":"满庄村","next":0},"110112209212":{"name":"王各庄村","next":0},"110112209213":{"name":"崔各庄村","next":0},"110112209214":{"name":"南三间房村","next":0},"110112209215":{"name":"小海字村","next":0},"110112209216":{"name":"枣林村","next":0},"110112209217":{"name":"吴寺村","next":0},"110112209218":{"name":"仇庄村","next":0},"110112209219":{"name":"南刘庄村","next":0},"110112209220":{"name":"东垡村","next":0},"110112209221":{"name":"西垡村","next":0},"110112209222":{"name":"后伏村","next":0},"110112209223":{"name":"前伏村","next":0}}