{"110114001001":{"name":"一街社区","next":0},"110114001003":{"name":"二街社区","next":0},"110114001004":{"name":"三街社区","next":0},"110114001005":{"name":"五街社区","next":0},"110114001007":{"name":"六街社区","next":0},"110114001008":{"name":"八街社区","next":0},"110114001009":{"name":"西关社区","next":0},"110114001014":{"name":"永安社区","next":0},"110114001015":{"name":"清秀园社区","next":0},"110114001016":{"name":"松园社区","next":0},"110114001017":{"name":"朝凤社区","next":0},"110114001021":{"name":"政法社区","next":0},"110114001031":{"name":"水关社区","next":0},"110114001032":{"name":"南环里社区","next":0},"110114001033":{"name":"燕平路社区","next":0},"110114001034":{"name":"亢山社区","next":0},"110114001035":{"name":"东关北里社区","next":0},"110114001036":{"name":"安福苑社区","next":0},"110114001037":{"name":"北城根社区","next":0},"110114001038":{"name":"建明里社区","next":0},"110114001039":{"name":"玉虚观社区","next":0},"110114001040":{"name":"史家坑社区","next":0},"110114001041":{"name":"西环里社区","next":0},"110114001042":{"name":"京科苑社区","next":0},"110114001043":{"name":"东关南里社区","next":0},"110114001044":{"name":"城角路社区","next":0},"110114001045":{"name":"宁馨苑社区","next":0},"110114001046":{"name":"国通家园社区","next":0},"110114001047":{"name":"五城社区","next":0},"110114001048":{"name":"灰厂路社区","next":0},"110114001049":{"name":"富松社区","next":0},"110114001050":{"name":"南关社区","next":0},"110114001051":{"name":"创新园社区","next":0},"110114001052":{"name":"昌园社区","next":0},"110114001053":{"name":"亢山前路社区","next":0},"110114001054":{"name":"北环社区","next":0},"110114001055":{"name":"宅新苑社区","next":0},"110114001056":{"name":"嘉和园社区","next":0},"110114001057":{"name":"裕祥社区","next":0},"110114001058":{"name":"新悦家园社区","next":0},"110114001059":{"name":"京科苑东区社区","next":0},"110114001060":{"name":"观山悦社区","next":0},"110114001061":{"name":"创新园南区社区","next":0},"110114001201":{"name":"二街村","next":0},"110114001202":{"name":"三街村","next":0},"110114001203":{"name":"六街村","next":0},"110114001204":{"name":"西关村","next":0},"110114001205":{"name":"朝凤村","next":0}}