{"110105023009":{"name":"丽都社区","next":0},"110105023015":{"name":"芳园里社区","next":0},"110105023016":{"name":"安家楼社区","next":0},"110105023017":{"name":"水岸家园社区","next":0},"110105023018":{"name":"将府家园社区","next":0},"110105023019":{"name":"梵谷水郡社区","next":0},"110105023020":{"name":"瞰都嘉园社区","next":0},"110105023021":{"name":"驼房营北里社区","next":0},"110105023022":{"name":"阳光上东社区","next":0},"110105023201":{"name":"驼房营村","next":0},"110105023202":{"name":"东八间房村","next":0}}