{"110115010001":{"name":"海子角社区","next":0},"110115010002":{"name":"天堂河社区","next":0},"110115010003":{"name":"海子角东里社区","next":0},"110115010004":{"name":"海子角南里社区","next":0},"110115010005":{"name":"海子角西里社区","next":0},"110115010006":{"name":"61565部队社区","next":0},"110115010007":{"name":"矿林庄社区","next":0},"110115010008":{"name":"天宫院社区","next":0},"110115010009":{"name":"兴宇社区","next":0},"110115010010":{"name":"融汇社区","next":0},"110115010011":{"name":"新源时代社区","next":0},"110115010012":{"name":"天宫院中里社区","next":0},"110115010013":{"name":"天宫院西里社区","next":0},"110115010014":{"name":"新源时代西里社区","next":0},"110115010015":{"name":"新源时代中里社区","next":0},"110115010016":{"name":"天宫院南里社区","next":0}}