{"110116213201":{"name":"帽山村","next":0},"110116213202":{"name":"胡营村","next":0},"110116213203":{"name":"四道穴村","next":0},"110116213204":{"name":"西府营村","next":0},"110116213205":{"name":"中榆树店村","next":0},"110116213206":{"name":"下河北村","next":0},"110116213207":{"name":"孙栅子村","next":0},"110116213208":{"name":"北辛店村","next":0},"110116213209":{"name":"苗营村","next":0},"110116213210":{"name":"官帽山村","next":0},"110116213211":{"name":"喇叭沟门村","next":0},"110116213212":{"name":"大甸子村","next":0},"110116213213":{"name":"东岔村","next":0},"110116213214":{"name":"对角沟门村","next":0},"110116213215":{"name":"上台子村","next":0}}