{"110118103001":{"name":"燕落寨社区","next":0},"110118103002":{"name":"明珠社区","next":0},"110118103003":{"name":"王各庄社区","next":0},"110118103004":{"name":"博世庄园社区","next":0},"110118103200":{"name":"清水潭村","next":0},"110118103201":{"name":"统军庄村","next":0},"110118103202":{"name":"程家庄村","next":0},"110118103203":{"name":"庄禾屯村","next":0},"110118103204":{"name":"河漕村","next":0},"110118103205":{"name":"十里堡村","next":0},"110118103206":{"name":"靳各寨村","next":0},"110118103207":{"name":"岭东村","next":0},"110118103208":{"name":"双井村","next":0},"110118103209":{"name":"水泉村","next":0},"110118103210":{"name":"杨新庄村","next":0},"110118103211":{"name":"红光村","next":0}}