{"110101001000":{"name":"东华门街道","next":1},"110101002000":{"name":"景山街道","next":1},"110101003000":{"name":"交道口街道","next":1},"110101004000":{"name":"安定门街道","next":1},"110101005000":{"name":"北新桥街道","next":1},"110101006000":{"name":"东四街道","next":1},"110101007000":{"name":"朝阳门街道","next":1},"110101008000":{"name":"建国门街道","next":1},"110101009000":{"name":"东直门街道","next":1},"110101010000":{"name":"和平里街道","next":1},"110101011000":{"name":"前门街道","next":1},"110101012000":{"name":"崇文门外街道","next":1},"110101013000":{"name":"东花市街道","next":1},"110101014000":{"name":"龙潭街道","next":1},"110101015000":{"name":"体育馆路街道","next":1},"110101016000":{"name":"天坛街道","next":1},"110101017000":{"name":"永定门外街道","next":1}}