{"110118104001":{"name":"新北区社区","next":0},"110118104002":{"name":"新中区社区","next":0},"110118104003":{"name":"新西区社区","next":0},"110118104200":{"name":"平头村","next":0},"110118104201":{"name":"前金沟村","next":0},"110118104202":{"name":"金沟村","next":0},"110118104203":{"name":"两河村","next":0},"110118104204":{"name":"沙坞村","next":0},"110118104205":{"name":"赶河厂村","next":0},"110118104206":{"name":"新兴村","next":0},"110118104207":{"name":"莲花瓣村","next":0},"110118104208":{"name":"钓鱼台村","next":0},"110118104209":{"name":"南单家庄村","next":0},"110118104210":{"name":"台上村","next":0},"110118104211":{"name":"下屯村","next":0},"110118104212":{"name":"南金沟屯村","next":0},"110118104213":{"name":"荆栗园村","next":0},"110118104214":{"name":"团结村","next":0},"110118104215":{"name":"中庄村","next":0},"110118104216":{"name":"套里村","next":0},"110118104217":{"name":"芦古庄村","next":0},"110118104218":{"name":"北金沟屯村","next":0},"110118104219":{"name":"河南寨村","next":0},"110118104220":{"name":"北单家庄村","next":0},"110118104221":{"name":"宁村","next":0},"110118104222":{"name":"圣水头村","next":0},"110118104223":{"name":"东套里村","next":0},"110118104224":{"name":"东鱼家台村","next":0},"110118104225":{"name":"陈各庄村","next":0},"110118104226":{"name":"提辖庄村","next":0},"110118104227":{"name":"山口庄村","next":0}}