{"110107005003":{"name":"西黄村社区","next":0},"110107005007":{"name":"下庄社区","next":0},"110107005009":{"name":"八大处社区","next":0},"110107005013":{"name":"西井社区","next":0},"110107005015":{"name":"海特花园第三社区","next":0},"110107005019":{"name":"苹一社区","next":0},"110107005021":{"name":"边府社区","next":0},"110107005022":{"name":"琅山村社区","next":0},"110107005025":{"name":"苹三社区","next":0},"110107005028":{"name":"苹二社区","next":0},"110107005029":{"name":"苹四社区","next":0},"110107005031":{"name":"军区装备部大院社区","next":0},"110107005032":{"name":"海特花园第一社区","next":0},"110107005033":{"name":"海特花园第二社区","next":0},"110107005034":{"name":"西黄新村社区","next":0},"110107005035":{"name":"西山枫林第一社区","next":0},"110107005036":{"name":"军区大院第一社区","next":0},"110107005038":{"name":"西山枫林第二社区","next":0},"110107005039":{"name":"西黄新村东里社区","next":0},"110107005040":{"name":"西黄新村西里社区","next":0},"110107005041":{"name":"东下庄社区","next":0}}