{"110109003003":{"name":"北涧沟社区","next":0},"110109003006":{"name":"河南街社区","next":0},"110109003016":{"name":"建设街社区","next":0},"110109003017":{"name":"矿建街社区","next":0},"110109003019":{"name":"滑石道社区","next":0},"110109003021":{"name":"西山社区","next":0},"110109003023":{"name":"圈门社区","next":0},"110109003024":{"name":"石门营新区一区社区","next":0},"110109003025":{"name":"石门营新区五区社区","next":0},"110109003026":{"name":"石门营新区六区社区","next":0},"110109003027":{"name":"石门营新区七区社区","next":0},"110109003028":{"name":"石门营新区四区社区","next":0}}