{"110105040001":{"name":"双桥第一社区","next":0},"110105040002":{"name":"双桥第二社区","next":0},"110105040003":{"name":"康城社区","next":0},"110105040004":{"name":"怡景城社区","next":0},"110105040005":{"name":"旭园社区","next":0},"110105040006":{"name":"东旭社区","next":0},"110105040007":{"name":"双桥第三社区","next":0},"110105040200":{"name":"大鲁店一村","next":0},"110105040201":{"name":"大鲁店二村","next":0},"110105040202":{"name":"大鲁店三村","next":0},"110105040203":{"name":"小鲁店村","next":0},"110105040204":{"name":"郎各庄村","next":0},"110105040205":{"name":"郎辛庄村","next":0},"110105040206":{"name":"万子营西村","next":0},"110105040207":{"name":"万子营东村","next":0},"110105040208":{"name":"黑庄户村","next":0},"110105040209":{"name":"四合庄村","next":0},"110105040210":{"name":"定辛庄西村","next":0},"110105040211":{"name":"定辛庄东村","next":0},"110105040212":{"name":"双树南村","next":0},"110105040213":{"name":"双树北村","next":0},"110105040214":{"name":"苏坟村","next":0},"110105040215":{"name":"幺铺村","next":0}}