{"110116103001":{"name":"凤翔社区","next":0},"110116103201":{"name":"杨宋庄村","next":0},"110116103202":{"name":"仙台村","next":0},"110116103203":{"name":"西树行村","next":0},"110116103204":{"name":"北年丰村","next":0},"110116103205":{"name":"南年丰村","next":0},"110116103206":{"name":"四季屯村","next":0},"110116103207":{"name":"解村","next":0},"110116103208":{"name":"耿辛庄村","next":0},"110116103209":{"name":"张各庄满族村","next":0},"110116103210":{"name":"花园村","next":0},"110116103211":{"name":"郭庄村","next":0},"110116103212":{"name":"安乐庄村","next":0},"110116103213":{"name":"张自口村","next":0},"110116103214":{"name":"太平庄满族村","next":0},"110116103215":{"name":"梭草村","next":0}}