{"110116002001":{"name":"商业街社区","next":0},"110116002002":{"name":"南城社区","next":0},"110116002004":{"name":"车站路社区","next":0},"110116002005":{"name":"龙湖新村社区","next":0},"110116002007":{"name":"南华园一区社区","next":0},"110116002008":{"name":"丽湖社区","next":0},"110116002009":{"name":"南华园四区社区","next":0},"110116002012":{"name":"望怀社区","next":0},"110116002013":{"name":"西园社区","next":0},"110116002014":{"name":"迎宾路社区","next":0},"110116002015":{"name":"南华园三区社区","next":0},"110116002016":{"name":"龙祥社区","next":0},"110116002200":{"name":"东关村","next":0},"110116002201":{"name":"南关村","next":0},"110116002202":{"name":"东大街村","next":0},"110116002203":{"name":"下元村","next":0}}