{"110102009001":{"name":"文兴街社区","next":0},"110102009002":{"name":"朝阳庵社区","next":0},"110102009005":{"name":"三塔社区","next":0},"110102009008":{"name":"新华南社区","next":0},"110102009009":{"name":"百万庄东社区","next":0},"110102009011":{"name":"百万庄西社区","next":0},"110102009013":{"name":"车公庄社区","next":0},"110102009014":{"name":"新华东社区","next":0},"110102009016":{"name":"新华里社区","next":0},"110102009017":{"name":"榆树馆社区","next":0},"110102009020":{"name":"德宝社区","next":0},"110102009023":{"name":"团结社区","next":0},"110102009026":{"name":"北营房西里社区","next":0},"110102009028":{"name":"北营房东里社区","next":0},"110102009031":{"name":"黄瓜园社区","next":0},"110102009032":{"name":"露园社区","next":0},"110102009035":{"name":"阜外西社区","next":0},"110102009036":{"name":"洪茂沟社区","next":0},"110102009038":{"name":"阜外东社区","next":0},"110102009039":{"name":"南营房社区","next":0},"110102009041":{"name":"万明园社区","next":0},"110102009042":{"name":"滨河社区","next":0}}