{"110105021021":{"name":"东郊社区","next":0},"110105021022":{"name":"百子湾西社区","next":0},"110105021023":{"name":"紫南家园社区","next":0},"110105021024":{"name":"平乐园社区","next":0},"110105021025":{"name":"欢乐谷社区","next":0},"110105021026":{"name":"双龙南里社区","next":0},"110105021027":{"name":"南新园社区","next":0},"110105021028":{"name":"百子湾东社区","next":0},"110105021029":{"name":"山水文园社区","next":0},"110105021030":{"name":"赛洛城社区","next":0},"110105021031":{"name":"百子湾北社区","next":0},"110105021032":{"name":"广百西路社区","next":0},"110105021033":{"name":"世纪东方城社区","next":0},"110105021200":{"name":"楼梓庄村","next":0},"110105021201":{"name":"大郊亭村","next":0}}