{"110116110201":{"name":"后山铺村","next":0},"110116110202":{"name":"东峪村","next":0},"110116110203":{"name":"龙泉峪村","next":0},"110116110204":{"name":"柏查子村","next":0},"110116110205":{"name":"琉璃庙村","next":0},"110116110206":{"name":"得田沟村","next":0},"110116110207":{"name":"碾子湾村","next":0},"110116110208":{"name":"老公营村","next":0},"110116110209":{"name":"安洲坝村","next":0},"110116110210":{"name":"西湾子村","next":0},"110116110211":{"name":"前安岭村","next":0},"110116110212":{"name":"双文铺村","next":0},"110116110213":{"name":"青石岭村","next":0},"110116110214":{"name":"白河北村","next":0},"110116110215":{"name":"狼虎哨村","next":0},"110116110216":{"name":"西台子村","next":0},"110116110217":{"name":"崎峰茶村","next":0},"110116110218":{"name":"孙胡沟村","next":0},"110116110219":{"name":"长岭沟门村","next":0},"110116110221":{"name":"鱼水洞村","next":0},"110116110222":{"name":"河北村","next":0},"110116110223":{"name":"八亩地村","next":0},"110116110224":{"name":"二台子村","next":0},"110116110226":{"name":"杨树下村","next":0},"110116110227":{"name":"梁根村","next":0}}