{"110102001000":{"name":"西长安街街道","next":1},"110102003000":{"name":"新街口街道","next":1},"110102007000":{"name":"月坛街道","next":1},"110102009000":{"name":"展览路街道","next":1},"110102010000":{"name":"德胜街道","next":1},"110102011000":{"name":"金融街街道","next":1},"110102012000":{"name":"什刹海街道","next":1},"110102013000":{"name":"大栅栏街道","next":1},"110102014000":{"name":"天桥街道","next":1},"110102015000":{"name":"椿树街道","next":1},"110102016000":{"name":"陶然亭街道","next":1},"110102017000":{"name":"广安门内街道","next":1},"110102018000":{"name":"牛街街道","next":1},"110102019000":{"name":"白纸坊街道","next":1},"110102020000":{"name":"广安门外街道","next":1}}