{"110111010001":{"name":"二街社区","next":0},"110111010002":{"name":"窗纱厂社区","next":0},"110111010003":{"name":"琉璃河水泥厂社区","next":0},"110111010004":{"name":"建材工业学校社区","next":0},"110111010005":{"name":"金果林社区","next":0},"110111010200":{"name":"二街村","next":0},"110111010201":{"name":"三街村","next":0},"110111010202":{"name":"李庄村","next":0},"110111010203":{"name":"白庄村","next":0},"110111010204":{"name":"杨户屯村","next":0},"110111010205":{"name":"周庄村","next":0},"110111010206":{"name":"福兴村","next":0},"110111010207":{"name":"平各庄村","next":0},"110111010208":{"name":"北洛村","next":0},"110111010209":{"name":"南洛村","next":0},"110111010210":{"name":"古庄村","next":0},"110111010211":{"name":"祖村","next":0},"110111010212":{"name":"北章村","next":0},"110111010213":{"name":"兴礼村","next":0},"110111010214":{"name":"庄头村","next":0},"110111010215":{"name":"立教村","next":0},"110111010216":{"name":"董家林村","next":0},"110111010217":{"name":"刘李店村","next":0},"110111010218":{"name":"洄城村","next":0},"110111010219":{"name":"黄土坡村","next":0},"110111010220":{"name":"东南召村","next":0},"110111010221":{"name":"西南召村","next":0},"110111010222":{"name":"东南吕村","next":0},"110111010223":{"name":"西南吕村","next":0},"110111010224":{"name":"保兴庄村","next":0},"110111010225":{"name":"路村","next":0},"110111010226":{"name":"南白村","next":0},"110111010227":{"name":"北白村","next":0},"110111010228":{"name":"八间房村","next":0},"110111010229":{"name":"薛庄村","next":0},"110111010230":{"name":"石村","next":0},"110111010231":{"name":"常舍村","next":0},"110111010232":{"name":"西地村","next":0},"110111010233":{"name":"务滋村","next":0},"110111010234":{"name":"赵营村","next":0},"110111010235":{"name":"任营村","next":0},"110111010236":{"name":"万里村","next":0},"110111010237":{"name":"肖场村","next":0},"110111010238":{"name":"窑上村","next":0},"110111010239":{"name":"大陶村","next":0},"110111010240":{"name":"小陶村","next":0},"110111010241":{"name":"官庄村","next":0},"110111010242":{"name":"贾河村","next":0},"110111010243":{"name":"鲍庄村","next":0},"110111010244":{"name":"辛庄村","next":0},"110111010245":{"name":"五间房村","next":0},"110111010246":{"name":"韩营村","next":0}}