{"110114112201":{"name":"西崔村","next":0},"110114112202":{"name":"西辛峰村","next":0},"110114112203":{"name":"大辛峰村","next":0},"110114112204":{"name":"棉山村","next":0},"110114112205":{"name":"南庄营村","next":0},"110114112206":{"name":"南庄村","next":0},"110114112207":{"name":"东崔村","next":0},"110114112208":{"name":"真顺村","next":0},"110114112209":{"name":"麻峪村","next":0},"110114112210":{"name":"香堂村","next":0},"110114112211":{"name":"西峪村","next":0},"110114112212":{"name":"八家村","next":0}}