{"110105009046":{"name":"安慧里社区","next":0},"110105009047":{"name":"安慧里南社区","next":0},"110105009048":{"name":"华严北里社区","next":0},"110105009049":{"name":"华严北里西社区","next":0},"110105009050":{"name":"安翔里社区","next":0},"110105009051":{"name":"丝竹园社区","next":0},"110105009052":{"name":"北辰东路社区","next":0},"110105009053":{"name":"安苑里社区","next":0},"110105009054":{"name":"京民社区","next":0},"110105009055":{"name":"祁家豁子社区","next":0},"110105009056":{"name":"安慧里北社区","next":0},"110105009057":{"name":"民族园社区","next":0},"110105009058":{"name":"安苑北里社区","next":0}}