{"110115006001":{"name":"清逸园社区","next":0},"110115006002":{"name":"清欣园社区","next":0},"110115006003":{"name":"清和园社区","next":0},"110115006004":{"name":"清乐园社区","next":0},"110115006006":{"name":"红星楼社区","next":0},"110115006007":{"name":"德茂社区","next":0},"110115006008":{"name":"红星北里社区","next":0},"110115006009":{"name":"宣颐家园社区","next":0},"110115006011":{"name":"上林苑社区","next":0},"110115006012":{"name":"德茂楼社区","next":0},"110115006013":{"name":"绿洲家园社区","next":0},"110115006014":{"name":"美然社区","next":0},"110115006015":{"name":"灵秀山庄社区","next":0},"110115006016":{"name":"清逸西园社区","next":0},"110115006017":{"name":"佳和园社区","next":0},"110115006018":{"name":"育龙家园社区","next":0},"110115006019":{"name":"幻星家园社区","next":0},"110115006020":{"name":"德林园社区","next":0},"110115006021":{"name":"德茂佳苑社区","next":0},"110115006022":{"name":"润星家园社区","next":0},"110115006023":{"name":"云龙家园社区","next":0},"110115006024":{"name":"成和园社区","next":0},"110115006025":{"name":"美丽新世界社区","next":0},"110115006026":{"name":"上筑家园社区","next":0},"110115006027":{"name":"润枫锦尚社区","next":0},"110115006028":{"name":"盛悦居社区","next":0},"110115006029":{"name":"紫郡府社区","next":0},"110115006030":{"name":"德贤公馆社区","next":0},"110115006031":{"name":"国韵村社区","next":0},"110115006200":{"name":"庑殿一村","next":0},"110115006201":{"name":"庑殿二村","next":0},"110115006202":{"name":"庑殿三村","next":0},"110115006203":{"name":"南场一村","next":0},"110115006204":{"name":"南场二村","next":0},"110115006205":{"name":"有余庄村","next":0},"110115006206":{"name":"吉庆庄村","next":0},"110115006207":{"name":"万聚庄村","next":0},"110115006208":{"name":"隆盛庄村","next":0},"110115006209":{"name":"旧宫一村","next":0},"110115006210":{"name":"旧宫二村","next":0},"110115006211":{"name":"旧宫三村","next":0},"110115006212":{"name":"旧宫四村","next":0},"110115006213":{"name":"大有庄村","next":0},"110115006214":{"name":"南街一村","next":0},"110115006215":{"name":"南街二村","next":0},"110115006216":{"name":"南街三村","next":0},"110115006217":{"name":"南街四村","next":0},"110115006218":{"name":"西广德庄村","next":0},"110115006401":{"name":"旧宫工业园","next":0},"110115006402":{"name":"南郊旧宫场区","next":0}}