{"110108021001":{"name":"西木小区社区","next":0},"110108021002":{"name":"东营房社区","next":0},"110108021003":{"name":"半壁店第一社区","next":0},"110108021004":{"name":"半壁店第二社区","next":0},"110108021005":{"name":"永达社区","next":0},"110108021006":{"name":"永金里社区","next":0},"110108021008":{"name":"总政金沟河干休所社区","next":0},"110108021009":{"name":"金沟河社区","next":0},"110108021010":{"name":"国防大学永定路社区","next":0},"110108021011":{"name":"阜石路第一社区","next":0},"110108021012":{"name":"阜石路第二社区","next":0},"110108021013":{"name":"阜石路第三社区","next":0},"110108021014":{"name":"阜石路第四社区","next":0},"110108021015":{"name":"永景园社区","next":0},"110108021016":{"name":"玉海园一里社区","next":0},"110108021018":{"name":"玉海园二里社区","next":0},"110108021020":{"name":"玉海园三里社区","next":0},"110108021022":{"name":"玉海园五里社区","next":0},"110108021023":{"name":"王致和社区","next":0},"110108021024":{"name":"田村社区","next":0},"110108021025":{"name":"山南社区","next":0},"110108021028":{"name":"建西苑社区","next":0},"110108021029":{"name":"玉阜嘉园社区","next":0},"110108021030":{"name":"乐府家园社区","next":0},"110108021031":{"name":"幸福社区","next":0},"110108021032":{"name":"泽丰苑社区","next":0},"110108021033":{"name":"兰德华庭社区","next":0},"110108021034":{"name":"景宜里社区","next":0},"110108021035":{"name":"瑞和园社区","next":0},"110108021036":{"name":"武颐嘉园社区","next":0},"110108021037":{"name":"玉泉北里社区","next":0}}