{"110114118201":{"name":"北庄村","next":0},"110114118202":{"name":"下店村","next":0},"110114118203":{"name":"上店村","next":0},"110114118204":{"name":"南流村","next":0},"110114118205":{"name":"西峰山村","next":0},"110114118206":{"name":"北流村","next":0},"110114118207":{"name":"新建村","next":0},"110114118208":{"name":"白羊城村","next":0},"110114118209":{"name":"古将村","next":0},"110114118210":{"name":"黑寨村","next":0},"110114118211":{"name":"王家园村","next":0},"110114118212":{"name":"高崖口村","next":0},"110114118213":{"name":"韩台村","next":0},"110114118214":{"name":"北照台村","next":0},"110114118215":{"name":"狼儿峪村","next":0},"110114118216":{"name":"菩萨鹿村","next":0},"110114118217":{"name":"发电站村","next":0},"110114118218":{"name":"漆园村","next":0},"110114118219":{"name":"瓦窑村","next":0},"110114118220":{"name":"新开村","next":0},"110114118221":{"name":"溜石港村","next":0},"110114118222":{"name":"小水峪村","next":0},"110114118223":{"name":"王峪村","next":0},"110114118224":{"name":"老峪沟村","next":0},"110114118225":{"name":"马刨泉村","next":0},"110114118226":{"name":"黄土洼村","next":0},"110114118227":{"name":"禾子涧村","next":0},"110114118228":{"name":"长峪城村","next":0}}