{"110115004001":{"name":"贵园北里社区","next":0},"110115004002":{"name":"贵园东里社区","next":0},"110115004003":{"name":"贵园南里社区","next":0},"110115004005":{"name":"富源里社区","next":0},"110115004007":{"name":"泰河园社区","next":0},"110115004008":{"name":"晓康社区","next":0},"110115004009":{"name":"广德苑社区","next":0},"110115004015":{"name":"星岛社区社区","next":0},"110115004016":{"name":"三羊里社区","next":0},"110115004017":{"name":"泰河园一里社区","next":0},"110115004018":{"name":"泰河园七里社区","next":0},"110115004019":{"name":"开泰东里社区","next":0},"110115004020":{"name":"三羊东里社区","next":0},"110115004021":{"name":"中信新城社区","next":0},"110115004022":{"name":"枫丹壹号社区","next":0},"110115004023":{"name":"贵园西里社区","next":0},"110115004024":{"name":"鹿海园社区","next":0},"110115004025":{"name":"鹿华苑三里社区","next":0},"110115004026":{"name":"鹿华苑四里社区","next":0},"110115004200":{"name":"鹿圈一村","next":0},"110115004201":{"name":"鹿圈二村","next":0},"110115004202":{"name":"鹿圈三村","next":0},"110115004203":{"name":"鹿圈四村","next":0},"110115004207":{"name":"宝善庄村","next":0},"110115004401":{"name":"亦庄镇东工业区","next":0},"110115004402":{"name":"亦庄镇南部多功能配套区","next":0}}