{"110105015033":{"name":"十里堡社区","next":0},"110105015034":{"name":"甘露园社区","next":0},"110105015035":{"name":"八里庄东里社区","next":0},"110105015036":{"name":"八里庄西里社区","next":0},"110105015037":{"name":"红庙社区","next":0},"110105015038":{"name":"红庙北里社区","next":0},"110105015039":{"name":"延静里社区","next":0},"110105015040":{"name":"远洋天地家园社区","next":0},"110105015041":{"name":"城市华庭社区","next":0},"110105015042":{"name":"朝阳无限社区","next":0},"110105015043":{"name":"罗马嘉园社区","next":0},"110105015044":{"name":"华贸中心社区","next":0},"110105015045":{"name":"十里堡南里社区","next":0},"110105015046":{"name":"甘露园中里社区","next":0}}