{"110118102001":{"name":"西田各庄社区","next":0},"110118102002":{"name":"怡然家园社区","next":0},"110118102003":{"name":"大辛庄社区","next":0},"110118102004":{"name":"沿村社区","next":0},"110118102200":{"name":"西田各庄村","next":0},"110118102201":{"name":"董各庄村","next":0},"110118102202":{"name":"仓头村","next":0},"110118102203":{"name":"渤海寨村","next":0},"110118102204":{"name":"水洼屯村","next":0},"110118102205":{"name":"西恒河村","next":0},"110118102206":{"name":"疃里村","next":0},"110118102207":{"name":"沿村","next":0},"110118102208":{"name":"大辛庄村","next":0},"110118102209":{"name":"西智村","next":0},"110118102210":{"name":"太子务村","next":0},"110118102211":{"name":"东户部庄村","next":0},"110118102212":{"name":"韩各庄村","next":0},"110118102213":{"name":"于家台村","next":0},"110118102214":{"name":"西山村","next":0},"110118102215":{"name":"建新村","next":0},"110118102216":{"name":"朝阳村","next":0},"110118102217":{"name":"卸甲山村","next":0},"110118102218":{"name":"马营村","next":0},"110118102219":{"name":"西康各庄村","next":0},"110118102220":{"name":"西庄户村","next":0},"110118102221":{"name":"西沙地村","next":0},"110118102222":{"name":"小水峪村","next":0},"110118102223":{"name":"兴盛村","next":0},"110118102224":{"name":"牛盆峪村","next":0},"110118102225":{"name":"白道峪村","next":0},"110118102226":{"name":"小石尖村","next":0},"110118102227":{"name":"署地村","next":0},"110118102228":{"name":"新王庄村","next":0},"110118102229":{"name":"青殿村","next":0},"110118102230":{"name":"黄坨子村","next":0},"110118102231":{"name":"坟庄村","next":0},"110118102232":{"name":"龚庄子村","next":0},"110118102233":{"name":"河北庄村","next":0}}