{"110113115201":{"name":"西赵各庄村","next":0},"110113115202":{"name":"下西市村","next":0},"110113115203":{"name":"良善庄村","next":0},"110113115204":{"name":"西范各庄村","next":0},"110113115205":{"name":"南石槽村","next":0},"110113115206":{"name":"北石槽村","next":0},"110113115207":{"name":"东石槽村","next":0},"110113115208":{"name":"东辛庄村","next":0},"110113115209":{"name":"寺上村","next":0},"110113115210":{"name":"营尔村","next":0},"110113115211":{"name":"武各庄村","next":0},"110113115212":{"name":"刘各庄村","next":0},"110113115213":{"name":"中滩营村","next":0},"110113115214":{"name":"二张营村","next":0},"110113115215":{"name":"大柳树营村","next":0},"110113115216":{"name":"李家史山村","next":0}}