{"110113007004":{"name":"牛栏山第一社区","next":0},"110113007005":{"name":"香醍漫步社区","next":0},"110113007006":{"name":"香醍溪岸社区","next":0},"110113007007":{"name":"好望山社区","next":0},"110113007008":{"name":"安纳湖社会","next":0},"110113007201":{"name":"北孙各庄村","next":0},"110113007202":{"name":"龙王头村","next":0},"110113007203":{"name":"富各庄村","next":0},"110113007204":{"name":"北军营村","next":0},"110113007205":{"name":"芦正卷村","next":0},"110113007206":{"name":"相各庄村","next":0},"110113007207":{"name":"官志卷村","next":0},"110113007208":{"name":"范各庄村","next":0},"110113007209":{"name":"后晏子村","next":0},"110113007210":{"name":"前晏子村","next":0},"110113007211":{"name":"兰家营村","next":0},"110113007212":{"name":"姚各庄村","next":0},"110113007213":{"name":"半壁店村","next":0},"110113007214":{"name":"张家庄村","next":0},"110113007215":{"name":"下坡屯村","next":0},"110113007216":{"name":"史家口村","next":0},"110113007217":{"name":"金牛村","next":0},"110113007218":{"name":"先进村","next":0},"110113007219":{"name":"禾丰村","next":0},"110113007220":{"name":"安乐村","next":0}}