{"110118105001":{"name":"新生社区","next":0},"110118105002":{"name":"铁矿社区","next":0},"110118105003":{"name":"沙厂社区","next":0},"110118105004":{"name":"豆各庄社区","next":0},"110118105200":{"name":"查子沟村","next":0},"110118105201":{"name":"达峪村","next":0},"110118105202":{"name":"楼峪村","next":0},"110118105203":{"name":"水树峪村","next":0},"110118105204":{"name":"沙厂村","next":0},"110118105205":{"name":"前厂村","next":0},"110118105206":{"name":"牛角峪村","next":0},"110118105207":{"name":"康各庄村","next":0},"110118105208":{"name":"海子村","next":0},"110118105209":{"name":"久远庄村","next":0},"110118105210":{"name":"塘子村","next":0},"110118105211":{"name":"赵家庄村","next":0},"110118105212":{"name":"豆各庄村","next":0},"110118105213":{"name":"巨各庄村","next":0},"110118105214":{"name":"八家庄村","next":0},"110118105215":{"name":"金山子村","next":0},"110118105216":{"name":"张家庄村","next":0},"110118105217":{"name":"霍各庄村","next":0},"110118105218":{"name":"水峪村","next":0},"110118105219":{"name":"黄各庄村","next":0},"110118105220":{"name":"前焦家坞村","next":0},"110118105221":{"name":"塘峪村","next":0},"110118105222":{"name":"后焦家坞村","next":0},"110118105223":{"name":"丰各庄村","next":0},"110118105224":{"name":"东白岩村","next":0},"110118105225":{"name":"蔡家洼村","next":0}}