{"110114011001":{"name":"龙博苑社区","next":0},"110114011002":{"name":"万润家园社区","next":0},"110114011003":{"name":"龙城社区","next":0},"110114011004":{"name":"万龙社区","next":0},"110114011005":{"name":"东村家园社区","next":0},"110114011006":{"name":"龙乡社区","next":0},"110114011007":{"name":"吉晟别墅社区","next":0},"110114011008":{"name":"南店社区","next":0},"110114011009":{"name":"新龙城社区","next":0},"110114011010":{"name":"金榜园社区","next":0},"110114011011":{"name":"新康园社区","next":0},"110114011012":{"name":"龙兴园社区","next":0},"110114011013":{"name":"龙兴园北区社区","next":0},"110114011014":{"name":"瑞旗家园社区","next":0},"110114011015":{"name":"二拨子社区","next":0},"110114011016":{"name":"蓝天嘉园社区","next":0},"110114011017":{"name":"回龙观新村社区","next":0},"110114011018":{"name":"融泽家园一区社区","next":0},"110114011019":{"name":"融泽家园二区社区","next":0},"110114011020":{"name":"金域华府社区","next":0},"110114011021":{"name":"金域国际社区","next":0},"110114011022":{"name":"融泽家园三区","next":0},"110114011201":{"name":"回龙观村","next":0},"110114011202":{"name":"二拔子村","next":0}}