{"110105014053":{"name":"十里堡北里社区","next":0},"110105014054":{"name":"八里庄北里社区","next":0},"110105014055":{"name":"八里庄南里社区","next":0},"110105014056":{"name":"晨光社区","next":0},"110105014058":{"name":"道家园社区","next":0},"110105014059":{"name":"碧水园社区","next":0},"110105014060":{"name":"甜水园社区","next":0},"110105014061":{"name":"秀水园社区","next":0},"110105014062":{"name":"六里屯北里社区","next":0},"110105014063":{"name":"炫特家园社区","next":0},"110105014064":{"name":"甜水西园社区","next":0}}