{"110116005001":{"name":"庙城社区","next":0},"110116005002":{"name":"金山社区","next":0},"110116005201":{"name":"高两河村","next":0},"110116005202":{"name":"李两河村","next":0},"110116005203":{"name":"小杜两河村","next":0},"110116005204":{"name":"刘两河村","next":0},"110116005205":{"name":"大杜两河村","next":0},"110116005206":{"name":"肖两河村","next":0},"110116005207":{"name":"赵各庄村","next":0},"110116005208":{"name":"霍各庄村","next":0},"110116005209":{"name":"焦村","next":0},"110116005210":{"name":"彩各庄村","next":0},"110116005211":{"name":"庙城村","next":0},"110116005212":{"name":"桃山村","next":0},"110116005213":{"name":"王史山村","next":0},"110116005214":{"name":"孙史山村","next":0},"110116005215":{"name":"高各庄村","next":0},"110116005216":{"name":"郑重庄村","next":0},"110116005217":{"name":"西台上村","next":0},"110116005218":{"name":"西台下村","next":0}}