{"110119109001":{"name":"大榆树镇社区","next":0},"110119109200":{"name":"姜家台村","next":0},"110119109201":{"name":"陈家营村","next":0},"110119109202":{"name":"杨户庄村","next":0},"110119109203":{"name":"阜高营村","next":0},"110119109204":{"name":"奚官营村","next":0},"110119109205":{"name":"下辛庄村","next":0},"110119109206":{"name":"上辛庄村","next":0},"110119109207":{"name":"宗家营村","next":0},"110119109208":{"name":"大榆树村","next":0},"110119109209":{"name":"高庙屯村","next":0},"110119109210":{"name":"刘家堡村","next":0},"110119109211":{"name":"北红门村","next":0},"110119109212":{"name":"南红门村","next":0},"110119109213":{"name":"东桑园村","next":0},"110119109214":{"name":"大泥河村","next":0},"110119109215":{"name":"小泥河村","next":0},"110119109216":{"name":"小张家口村","next":0},"110119109217":{"name":"下屯村","next":0},"110119109218":{"name":"东杏园村","next":0},"110119109219":{"name":"西杏园村","next":0},"110119109220":{"name":"岳家营村","next":0},"110119109221":{"name":"簸箕营村","next":0},"110119109222":{"name":"新宝庄村","next":0},"110119109223":{"name":"程家营村","next":0},"110119109224":{"name":"军营村","next":0}}