{"110115009001":{"name":"双河北里社区","next":0},"110115009002":{"name":"新安里社区","next":0},"110115009003":{"name":"团河社区","next":0},"110115009004":{"name":"南湖园社区","next":0},"110115009005":{"name":"观音寺南里社区","next":0},"110115009006":{"name":"观音寺社区","next":0},"110115009007":{"name":"双河南里社区","next":0},"110115009008":{"name":"新居里社区","next":0},"110115009009":{"name":"盛春坊社区","next":0},"110115009010":{"name":"金华里社区","next":0},"110115009011":{"name":"开发区社区","next":0},"110115009012":{"name":"泰中花园社区","next":0},"110115009013":{"name":"观音寺北里社区","next":0},"110115009014":{"name":"首座御园一里社区","next":0},"110115009015":{"name":"盛嘉华苑社区","next":0},"110115009016":{"name":"首座御园二里社区","next":0},"110115009017":{"name":"首座御园三里社区","next":0},"110115009018":{"name":"首座御园四里社区","next":0}}