{"110115110200":{"name":"后大营村","next":0},"110115110201":{"name":"吴庄村","next":0},"110115110202":{"name":"西芦垡村","next":0},"110115110203":{"name":"东芦垡村","next":0},"110115110204":{"name":"韩村","next":0},"110115110205":{"name":"羊坊村","next":0},"110115110206":{"name":"查家马房村","next":0},"110115110207":{"name":"伊庄村","next":0},"110115110208":{"name":"兴隆庄村","next":0},"110115110209":{"name":"北研垡村","next":0},"110115110210":{"name":"车站村","next":0},"110115110211":{"name":"魏善庄村","next":0},"110115110212":{"name":"王各庄村","next":0},"110115110213":{"name":"穆园子村","next":0},"110115110214":{"name":"赵庄子村","next":0},"110115110215":{"name":"崔家庄一村","next":0},"110115110216":{"name":"崔家庄二村","next":0},"110115110217":{"name":"河北辛庄村","next":0},"110115110218":{"name":"河南辛庄村","next":0},"110115110219":{"name":"大刘各庄村","next":0},"110115110220":{"name":"东枣林庄村","next":0},"110115110221":{"name":"西枣林庄村","next":0},"110115110222":{"name":"三顺庄村","next":0},"110115110223":{"name":"陈各庄村","next":0},"110115110224":{"name":"北田各庄村","next":0},"110115110225":{"name":"南田各庄村","next":0},"110115110226":{"name":"后苑上村","next":0},"110115110227":{"name":"前苑上村","next":0},"110115110228":{"name":"岳家务村","next":0},"110115110229":{"name":"魏庄村","next":0},"110115110230":{"name":"半壁店村","next":0},"110115110231":{"name":"西南研垡村","next":0},"110115110232":{"name":"东南研垡村","next":0},"110115110233":{"name":"大狼垡村","next":0},"110115110234":{"name":"西沙窝村","next":0},"110115110235":{"name":"东沙窝村","next":0},"110115110236":{"name":"李家场村","next":0},"110115110237":{"name":"刘家场村","next":0},"110115110238":{"name":"张家场村","next":0}}