{"110106006001":{"name":"东高地社区","next":0},"110106006002":{"name":"三角地第一社区","next":0},"110106006003":{"name":"三角地第二社区","next":0},"110106006004":{"name":"西洼地社区","next":0},"110106006005":{"name":"六营门社区","next":0},"110106006006":{"name":"万源东里社区","next":0},"110106006007":{"name":"万源西里社区","next":0},"110106006008":{"name":"梅源社区","next":0},"110106006009":{"name":"东营房社区","next":0},"110106006010":{"name":"万源南里社区","next":0}}