{"110106007001":{"name":"蒲黄榆第一社区","next":0},"110106007002":{"name":"蒲黄榆第二社区","next":0},"110106007003":{"name":"蒲黄榆第三社区","next":0},"110106007004":{"name":"蒲安里第一社区","next":0},"110106007005":{"name":"蒲安里第二社区","next":0},"110106007006":{"name":"刘家窑第一社区","next":0},"110106007007":{"name":"刘家窑第二社区","next":0},"110106007008":{"name":"刘家窑第三社区","next":0},"110106007009":{"name":"木樨园第一社区","next":0},"110106007010":{"name":"木樨园第二社区","next":0},"110106007012":{"name":"同仁园社区","next":0},"110106007013":{"name":"横七条路第一社区","next":0},"110106007014":{"name":"横七条路第二社区","next":0},"110106007015":{"name":"横七条路第三社区","next":0},"110106007016":{"name":"宋庄路第一社区","next":0},"110106007017":{"name":"宋庄路第二社区","next":0},"110106007018":{"name":"成仪路社区","next":0},"110106007019":{"name":"成寿寺社区","next":0},"110106007020":{"name":"南方庄社区","next":0},"110106007021":{"name":"分中寺社区","next":0},"110106007022":{"name":"政馨家园社区","next":0},"110106007023":{"name":"四方景园社区","next":0},"110106007024":{"name":"红狮家园社区","next":0},"110106007025":{"name":"宋家庄社区","next":0},"110106007026":{"name":"鑫兆雅园社区","next":0},"110106007027":{"name":"华苇景苑社区","next":0},"110106007028":{"name":"四方景园第二社区","next":0}}