{"110113008001":{"name":"华英园社区","next":0},"110113008201":{"name":"东海洪村","next":0},"110113008202":{"name":"西海洪村","next":0},"110113008203":{"name":"南卷村","next":0},"110113008204":{"name":"三家店村","next":0},"110113008205":{"name":"东杜兰村","next":0},"110113008206":{"name":"西杜兰村","next":0},"110113008207":{"name":"北法信村","next":0},"110113008208":{"name":"焦各庄村","next":0},"110113008209":{"name":"大江洼村","next":0},"110113008210":{"name":"刘家河村","next":0},"110113008211":{"name":"南法信村","next":0},"110113008212":{"name":"十里堡村","next":0},"110113008213":{"name":"马家营村","next":0},"110113008214":{"name":"哨马营村","next":0},"110113008215":{"name":"冯家营村","next":0},"110113008216":{"name":"卸甲营村","next":0}}