{"110113001006":{"name":"幸福西街社区","next":0},"110113001007":{"name":"义宾街社区","next":0},"110113001008":{"name":"义宾北区社区","next":0},"110113001009":{"name":"义宾南区社区","next":0},"110113001010":{"name":"前进社区","next":0},"110113001011":{"name":"太平社区","next":0},"110113001012":{"name":"胜利小区社区","next":0},"110113001027":{"name":"建新北区第一社区","next":0},"110113001028":{"name":"建新北区第二社区","next":0},"110113001029":{"name":"建新北区第三社区","next":0},"110113001030":{"name":"建新南区第一社区","next":0},"110113001031":{"name":"建新南区第二社区","next":0},"110113001033":{"name":"怡馨家园第一社区","next":0},"110113001034":{"name":"怡馨家园第二社区","next":0},"110113001035":{"name":"龙府花园社区","next":0},"110113001037":{"name":"双兴南区社区","next":0},"110113001038":{"name":"红杉一品社区","next":0},"110113001039":{"name":"永欣嘉园社区","next":0},"110113001040":{"name":"华玺瀚楟社区","next":0}}