{"110113013001":{"name":"铁十六局社区","next":0},"110113013002":{"name":"西辛第一社区","next":0},"110113013003":{"name":"西辛社区","next":0},"110113013004":{"name":"西辛北区社区","next":0},"110113013005":{"name":"宏城花园社区","next":0},"110113013006":{"name":"前进花园社区","next":0},"110113013007":{"name":"牡丹苑社区","next":0},"110113013008":{"name":"望泉家园社区","next":0},"110113013009":{"name":"梅兰家园社区","next":0},"110113013010":{"name":"澜西园二区社区","next":0},"110113013011":{"name":"澜西园三区社区","next":0},"110113013012":{"name":"澜西园四区社区","next":0},"110113013013":{"name":"悦君家园社区","next":0},"110113013201":{"name":"石门村","next":0},"110113013202":{"name":"沙井村","next":0},"110113013203":{"name":"望泉寺村","next":0},"110113013204":{"name":"梅沟营村","next":0},"110113013205":{"name":"军营村","next":0},"110113013206":{"name":"吴家营村","next":0},"110113013207":{"name":"杨家营村","next":0},"110113013208":{"name":"杜各庄村","next":0}}