{"110105036001":{"name":"朝阳农场地区","next":0},"110105036003":{"name":"楼梓庄","next":0},"110105036004":{"name":"金泽家园社区","next":0},"110105036005":{"name":"金盏嘉园第一社区","next":0},"110105036006":{"name":"金盏嘉园第二社区","next":0},"110105036007":{"name":"金泽家园北社区","next":0},"110105036200":{"name":"雷庄村","next":0},"110105036201":{"name":"东大队村","next":0},"110105036202":{"name":"西大队村","next":0},"110105036203":{"name":"小店村","next":0},"110105036204":{"name":"长店村","next":0},"110105036205":{"name":"北马房村","next":0},"110105036206":{"name":"楼梓庄村","next":0},"110105036207":{"name":"沙窝村","next":0},"110105036208":{"name":"黎各庄村","next":0},"110105036209":{"name":"马各庄村","next":0},"110105036210":{"name":"皮村","next":0},"110105036211":{"name":"东窑村","next":0},"110105036212":{"name":"曹各庄村","next":0}}