{"110108001001":{"name":"翠微路社区","next":0},"110108001002":{"name":"翠微路21号社区","next":0},"110108001003":{"name":"总参信息化部机关大院社区","next":0},"110108001004":{"name":"翠微南里社区","next":0},"110108001005":{"name":"翠微中里社区","next":0},"110108001006":{"name":"翠微北里社区","next":0},"110108001007":{"name":"翠微西里社区","next":0},"110108001008":{"name":"万寿路社区","next":0},"110108001009":{"name":"后勤学院社区","next":0},"110108001010":{"name":"复兴路22号社区","next":0},"110108001011":{"name":"复兴路61号社区","next":0},"110108001012":{"name":"万寿路8号社区","next":0},"110108001013":{"name":"朱各庄10号社区","next":0},"110108001014":{"name":"万寿路甲15号社区","next":0},"110108001015":{"name":"朱各庄社区","next":0},"110108001016":{"name":"万寿路1号社区","next":0},"110108001018":{"name":"万寿路西街16号社区","next":0},"110108001019":{"name":"复兴路24号社区","next":0},"110108001020":{"name":"复兴路26号社区","next":0},"110108001021":{"name":"复兴路28号社区","next":0},"110108001022":{"name":"今日家园社区","next":0},"110108001023":{"name":"沙窝社区","next":0},"110108001024":{"name":"太平路24号社区","next":0},"110108001025":{"name":"太平路22号社区","next":0},"110108001026":{"name":"太平路27号社区","next":0},"110108001027":{"name":"太平路44号社区","next":0},"110108001028":{"name":"复兴路32号社区","next":0},"110108001029":{"name":"永定路社区","next":0},"110108001030":{"name":"永定路西里社区","next":0},"110108001031":{"name":"采石路7号社区","next":0},"110108001032":{"name":"太平路46号社区","next":0},"110108001033":{"name":"复兴路40号社区","next":0},"110108001035":{"name":"复兴路83号社区","next":0},"110108001036":{"name":"铁家坟社区","next":0},"110108001038":{"name":"五棵松紫金长安社区","next":0}}