{"110105026010":{"name":"坝北","next":0},"110105026034":{"name":"花家地西里社区","next":0},"110105026035":{"name":"方舟苑社区","next":0},"110105026036":{"name":"大西洋新城社区","next":0},"110105026038":{"name":"望京西园四区社区","next":0},"110105026039":{"name":"南湖东园社区","next":0},"110105026040":{"name":"南湖西里社区","next":0},"110105026041":{"name":"花家地社区","next":0},"110105026042":{"name":"望花路西里社区","next":0},"110105026043":{"name":"望花路东里社区","next":0},"110105026044":{"name":"花家地南里社区","next":0},"110105026045":{"name":"南湖中园社区","next":0},"110105026046":{"name":"花家地西里三区社区","next":0},"110105026047":{"name":"花家地北里社区","next":0},"110105026048":{"name":"圣星社区","next":0},"110105026049":{"name":"爽秋路社区","next":0},"110105026050":{"name":"南湖西园社区","next":0},"110105026051":{"name":"望京西园三区社区","next":0},"110105026060":{"name":"望京园社区","next":0},"110105026061":{"name":"南湖西园二区社区","next":0},"110105026062":{"name":"望京东园五区社区","next":0},"110105026063":{"name":"阜荣街社区","next":0},"110105026064":{"name":"望京西路社区","next":0}}