{"110112110201":{"name":"西集村","next":0},"110112110202":{"name":"于辛庄村","next":0},"110112110203":{"name":"协各庄村","next":0},"110112110204":{"name":"侯各庄村","next":0},"110112110205":{"name":"胡庄村","next":0},"110112110206":{"name":"赵庄村","next":0},"110112110207":{"name":"武辛庄村","next":0},"110112110208":{"name":"车屯村","next":0},"110112110209":{"name":"前东仪村","next":0},"110112110210":{"name":"史东仪村","next":0},"110112110211":{"name":"侯东仪村","next":0},"110112110212":{"name":"黄东仪村","next":0},"110112110213":{"name":"尹家河村","next":0},"110112110214":{"name":"林屯村","next":0},"110112110215":{"name":"王上村","next":0},"110112110216":{"name":"岳上村","next":0},"110112110217":{"name":"石上村","next":0},"110112110218":{"name":"曹刘各庄村","next":0},"110112110219":{"name":"东辛庄村","next":0},"110112110220":{"name":"后寨府村","next":0},"110112110221":{"name":"小灰店村","next":0},"110112110222":{"name":"大灰店村","next":0},"110112110223":{"name":"大沙务村","next":0},"110112110224":{"name":"小沙务村","next":0},"110112110225":{"name":"南小庄村","next":0},"110112110226":{"name":"安辛庄村","next":0},"110112110227":{"name":"肖家林村","next":0},"110112110228":{"name":"前寨府村","next":0},"110112110229":{"name":"桥上村","next":0},"110112110230":{"name":"杜店村","next":0},"110112110231":{"name":"牛牧屯村","next":0},"110112110232":{"name":"上坡村","next":0},"110112110233":{"name":"和合站村","next":0},"110112110234":{"name":"吕家湾村","next":0},"110112110235":{"name":"杨家洼村","next":0},"110112110236":{"name":"辛集村","next":0},"110112110237":{"name":"郎东村","next":0},"110112110238":{"name":"郎西村","next":0},"110112110239":{"name":"马坊村","next":0},"110112110240":{"name":"小辛庄村","next":0},"110112110241":{"name":"任辛庄村","next":0},"110112110242":{"name":"沙古堆村","next":0},"110112110243":{"name":"望君疃村","next":0},"110112110244":{"name":"杜柳棵村","next":0},"110112110245":{"name":"太平庄村","next":0},"110112110246":{"name":"供给店村","next":0},"110112110247":{"name":"儒林村","next":0},"110112110248":{"name":"小屯村","next":0},"110112110249":{"name":"张各庄村","next":0},"110112110250":{"name":"金各庄村","next":0},"110112110251":{"name":"老庄户村","next":0},"110112110252":{"name":"何各庄村","next":0},"110112110253":{"name":"冯各庄村","next":0},"110112110254":{"name":"金坨村","next":0},"110112110255":{"name":"王庄村","next":0},"110112110256":{"name":"耿楼村","next":0},"110112110257":{"name":"陈桁村","next":0}}