{"110105006034":{"name":"西坝河南里社区","next":0},"110105006037":{"name":"西坝河西里社区","next":0},"110105006038":{"name":"西坝河中里社区","next":0},"110105006039":{"name":"柳芳北里社区","next":0},"110105006040":{"name":"柳芳南里社区","next":0},"110105006041":{"name":"光熙门北里北社区","next":0},"110105006042":{"name":"光熙门北里南社区","next":0},"110105006043":{"name":"西坝河东里社区","next":0},"110105006044":{"name":"光熙家园社区","next":0}}