{"110108010001":{"name":"西王庄社区","next":0},"110108010002":{"name":"六道口社区","next":0},"110108010004":{"name":"志新社区","next":0},"110108010007":{"name":"二里庄社区","next":0},"110108010008":{"name":"东王庄社区","next":0},"110108010009":{"name":"学知园社区","next":0},"110108010011":{"name":"地大第二社区","next":0},"110108010013":{"name":"健翔园社区","next":0},"110108010014":{"name":"建清园社区","next":0},"110108010016":{"name":"地大第一社区","next":0},"110108010017":{"name":"北科大社区","next":0},"110108010018":{"name":"石油大院社区","next":0},"110108010019":{"name":"中国农业大学东校区社区","next":0},"110108010020":{"name":"语言大学社区","next":0},"110108010021":{"name":"石科院社区","next":0},"110108010022":{"name":"十五所社区","next":0},"110108010023":{"name":"林业大学社区","next":0},"110108010024":{"name":"静淑苑社区","next":0},"110108010025":{"name":"城建四社区","next":0},"110108010026":{"name":"768厂社区","next":0},"110108010027":{"name":"中国矿业大学（北京）社区","next":0},"110108010028":{"name":"中科院社区","next":0},"110108010029":{"name":"二里庄干休所社区","next":0},"110108010031":{"name":"富润社区","next":0},"110108010032":{"name":"逸成社区","next":0},"110108010033":{"name":"展春园社区","next":0},"110108010034":{"name":"城华清枫社区","next":0},"110108010035":{"name":"学清苑社区","next":0},"110108010036":{"name":"五道口嘉园社区","next":0}}