{"110109108201":{"name":"陇驾庄村","next":0},"110109108202":{"name":"丁家滩村","next":0},"110109108203":{"name":"水峪嘴村","next":0},"110109108204":{"name":"斜河涧村","next":0},"110109108205":{"name":"陈家庄村","next":0},"110109108206":{"name":"担礼村","next":0},"110109108207":{"name":"下苇甸村","next":0},"110109108208":{"name":"桃园村","next":0},"110109108209":{"name":"南庄村","next":0},"110109108210":{"name":"樱桃沟村","next":0},"110109108211":{"name":"涧沟村","next":0},"110109108212":{"name":"上苇甸村","next":0},"110109108213":{"name":"炭厂村","next":0},"110109108214":{"name":"大沟村","next":0},"110109108215":{"name":"禅房村","next":0},"110109108216":{"name":"黄台村","next":0},"110109108217":{"name":"岭角村","next":0}}