{"110118113001":{"name":"东升社区","next":0},"110118113002":{"name":"东进社区","next":0},"110118113200":{"name":"太保庄村","next":0},"110118113201":{"name":"高各庄村","next":0},"110118113202":{"name":"东邵渠村","next":0},"110118113203":{"name":"石峨村","next":0},"110118113204":{"name":"界牌村","next":0},"110118113205":{"name":"史长峪村","next":0},"110118113206":{"name":"大石门村","next":0},"110118113207":{"name":"西邵渠村","next":0},"110118113208":{"name":"东葫芦峪村","next":0},"110118113209":{"name":"西葫芦峪村","next":0},"110118113210":{"name":"大岭村","next":0},"110118113211":{"name":"小岭村","next":0},"110118113212":{"name":"银冶岭村","next":0},"110118113213":{"name":"南达峪村","next":0}}