{"110107004001":{"name":"北小区社区","next":0},"110107004002":{"name":"南路东社区","next":0},"110107004005":{"name":"南路西社区","next":0},"110107004006":{"name":"环铁社区","next":0},"110107004007":{"name":"天翔社区","next":0},"110107004009":{"name":"八千平社区","next":0},"110107004010":{"name":"古城路社区","next":0},"110107004011":{"name":"古城特钢社区","next":0},"110107004012":{"name":"西路北社区","next":0},"110107004013":{"name":"十万平社区","next":0},"110107004014":{"name":"西路南社区","next":0},"110107004017":{"name":"北辛安南北岔社区","next":0},"110107004021":{"name":"北辛安大街社区","next":0},"110107004023":{"name":"白庙庞村社区","next":0},"110107004026":{"name":"北辛安铁新社区","next":0},"110107004027":{"name":"水泥厂社区","next":0},"110107004029":{"name":"老古城东社区","next":0},"110107004030":{"name":"老古城西社区","next":0},"110107004031":{"name":"滨河园燕堤南路社区","next":0},"110107004032":{"name":"滨河园燕堤西街社区","next":0},"110107004033":{"name":"滨河园燕堤中街社区","next":0}}