{"110109007001":{"name":"东南街社区","next":0},"110109007002":{"name":"中北街社区","next":0},"110109007003":{"name":"西前街社区","next":0},"110109007004":{"name":"水闸西路社区","next":0},"110109007005":{"name":"琉璃渠社区","next":0},"110109007006":{"name":"龙泉务社区","next":0},"110109007007":{"name":"梨园社区","next":0},"110109007008":{"name":"峪新社区","next":0},"110109007009":{"name":"倚山家园社区","next":0},"110109007010":{"name":"中门家园社区","next":0},"110109007011":{"name":"龙门新区二区社区","next":0},"110109007012":{"name":"中门寺南坡一区社区","next":0},"110109007013":{"name":"中门寺南坡二区社区","next":0},"110109007014":{"name":"高家园新区社区","next":0},"110109007015":{"name":"西山艺境社区","next":0},"110109007016":{"name":"大峪花园社区","next":0},"110109007201":{"name":"大峪村","next":0},"110109007202":{"name":"城子村","next":0},"110109007203":{"name":"龙泉雾村","next":0},"110109007204":{"name":"琉璃渠村","next":0},"110109007205":{"name":"三家店村","next":0},"110109007206":{"name":"中门寺村","next":0},"110109007207":{"name":"门头口村","next":0},"110109007208":{"name":"天桥浮村","next":0},"110109007209":{"name":"三店村","next":0},"110109007210":{"name":"西龙门村","next":0},"110109007211":{"name":"东龙门村","next":0},"110109007212":{"name":"西辛房村","next":0},"110109007213":{"name":"东辛房村","next":0},"110109007214":{"name":"石石巷村","next":0},"110109007215":{"name":"滑石道村","next":0},"110109007216":{"name":"岳家坡村","next":0},"110109007217":{"name":"赵家洼村","next":0}}