{"110112004002":{"name":"葛布店北里社区","next":0},"110112004003":{"name":"葛布店南里社区","next":0},"110112004004":{"name":"玉桥北里社区","next":0},"110112004006":{"name":"玉桥南里社区","next":0},"110112004009":{"name":"运河东大街社区","next":0},"110112004011":{"name":"乔庄北街社区","next":0},"110112004012":{"name":"梨花园社区","next":0},"110112004013":{"name":"土桥社区","next":0},"110112004014":{"name":"艺苑西里社区","next":0},"110112004015":{"name":"玉桥东里社区","next":0},"110112004016":{"name":"柳岸方园社区","next":0},"110112004017":{"name":"柳馨园社区","next":0},"110112004018":{"name":"玉桥南里南社区","next":0},"110112004019":{"name":"净水园社区","next":0},"110112004020":{"name":"新通国际社区","next":0},"110112004021":{"name":"玉桥东里南社区","next":0},"110112004022":{"name":"潞阳桥社区","next":0}}