{"110101017001":{"name":"彭庄社区","next":0},"110101017002":{"name":"永建里社区","next":0},"110101017003":{"name":"松林里社区","next":0},"110101017004":{"name":"革新里社区","next":0},"110101017005":{"name":"管村社区","next":0},"110101017006":{"name":"桃园社区","next":0},"110101017007":{"name":"民主北街社区","next":0},"110101017008":{"name":"琉璃井社区","next":0},"110101017009":{"name":"桃杨路社区","next":0},"110101017010":{"name":"杨家园社区","next":0},"110101017011":{"name":"李村社区","next":0},"110101017012":{"name":"宝华里社区","next":0},"110101017013":{"name":"定安里社区","next":0},"110101017014":{"name":"安乐林社区","next":0},"110101017015":{"name":"景泰社区","next":0},"110101017016":{"name":"永铁苑社区","next":0},"110101017017":{"name":"天天家园社区","next":0},"110101017018":{"name":"富莱茵社区","next":0},"110101017019":{"name":"革新西里社区","next":0},"110101017020":{"name":"西革新里社区","next":0}}