{"110102019002":{"name":"双槐里社区","next":0},"110102019003":{"name":"右北大街社区","next":0},"110102019004":{"name":"樱桃园社区","next":0},"110102019005":{"name":"崇效寺社区","next":0},"110102019006":{"name":"菜园街社区","next":0},"110102019007":{"name":"建功北里社区","next":0},"110102019008":{"name":"建功南里社区","next":0},"110102019009":{"name":"新安中里社区","next":0},"110102019010":{"name":"新安南里社区","next":0},"110102019011":{"name":"右内西街社区","next":0},"110102019012":{"name":"右内后身社区","next":0},"110102019013":{"name":"光源里社区","next":0},"110102019014":{"name":"半步桥社区","next":0},"110102019015":{"name":"自新路社区","next":0},"110102019016":{"name":"里仁街社区","next":0},"110102019017":{"name":"万博苑社区","next":0},"110102019018":{"name":"清芷园社区","next":0},"110102019019":{"name":"平原里北区社区","next":0},"110102019020":{"name":"平原里南区社区","next":0}}