{"110106015001":{"name":"嘉园一里社区","next":0},"110106015002":{"name":"嘉园二里社区","next":0},"110106015003":{"name":"嘉园三里社区","next":0},"110106015004":{"name":"西里第一社区","next":0},"110106015005":{"name":"西里第二社区","next":0},"110106015006":{"name":"西里第三社区","next":0},"110106015007":{"name":"双晨社区","next":0},"110106015008":{"name":"角门东里西社区","next":0},"110106015009":{"name":"晨宇社区","next":0},"110106015010":{"name":"欣汇社区","next":0},"110106015011":{"name":"富卓苑社区","next":0},"110106015012":{"name":"玉安园社区","next":0},"110106015013":{"name":"城南嘉园社区","next":0},"110106015014":{"name":"枫竹苑社区","next":0},"110106015015":{"name":"星河苑社区","next":0},"110106015016":{"name":"镇国寺社区","next":0}}