{"110112106001":{"name":"绿茵小区社区","next":0},"110112106002":{"name":"绿茵西区社区","next":0},"110112106003":{"name":"金三角社区","next":0},"110112106201":{"name":"漷县村","next":0},"110112106202":{"name":"中辛庄村","next":0},"110112106203":{"name":"郭庄村","next":0},"110112106204":{"name":"王楼村","next":0},"110112106205":{"name":"吴营村","next":0},"110112106206":{"name":"靛庄村","next":0},"110112106207":{"name":"许各庄村","next":0},"110112106208":{"name":"南阳村","next":0},"110112106209":{"name":"翟各庄村","next":0},"110112106210":{"name":"马务村","next":0},"110112106211":{"name":"苏庄村","next":0},"110112106212":{"name":"榆林庄村","next":0},"110112106213":{"name":"长凌营村","next":0},"110112106214":{"name":"杨堤村","next":0},"110112106215":{"name":"三黄庄村","next":0},"110112106216":{"name":"后地村","next":0},"110112106217":{"name":"沈庄村","next":0},"110112106218":{"name":"小香仪村","next":0},"110112106219":{"name":"大香仪村","next":0},"110112106220":{"name":"高庄村","next":0},"110112106221":{"name":"东黄垡村","next":0},"110112106222":{"name":"西黄垡村","next":0},"110112106223":{"name":"马堤村","next":0},"110112106224":{"name":"马头村","next":0},"110112106225":{"name":"石槽村","next":0},"110112106226":{"name":"毛庄村","next":0},"110112106227":{"name":"草厂村","next":0},"110112106228":{"name":"南丁庄村","next":0},"110112106229":{"name":"东鲁村","next":0},"110112106230":{"name":"西鲁村","next":0},"110112106231":{"name":"周起营村","next":0},"110112106232":{"name":"黄厂铺村","next":0},"110112106233":{"name":"北堤寺村","next":0},"110112106234":{"name":"觅子店村","next":0},"110112106235":{"name":"凌庄村","next":0},"110112106236":{"name":"马庄村","next":0},"110112106237":{"name":"曹庄村","next":0},"110112106238":{"name":"候黄庄村","next":0},"110112106239":{"name":"张庄村","next":0},"110112106240":{"name":"东寺庄村","next":0},"110112106241":{"name":"小屯村","next":0},"110112106242":{"name":"纪各庄村","next":0},"110112106243":{"name":"大柳树村","next":0},"110112106244":{"name":"军屯村","next":0},"110112106245":{"name":"后尖平村","next":0},"110112106246":{"name":"徐官屯村","next":0},"110112106247":{"name":"东定安村","next":0},"110112106248":{"name":"西定安村","next":0},"110112106249":{"name":"柏庄村","next":0},"110112106250":{"name":"前尖平村","next":0},"110112106251":{"name":"李辛庄村","next":0},"110112106252":{"name":"尚武集村","next":0},"110112106253":{"name":"龙庄村","next":0},"110112106254":{"name":"南屯村","next":0},"110112106255":{"name":"穆家坟村","next":0},"110112106256":{"name":"军庄村","next":0},"110112106257":{"name":"边槐庄村","next":0},"110112106258":{"name":"梁家务村","next":0},"110112106259":{"name":"罗庄村","next":0},"110112106260":{"name":"后元化村","next":0},"110112106261":{"name":"前元化村","next":0}}