{"110101010001":{"name":"交通社区","next":0},"110101010002":{"name":"林调社区","next":0},"110101010003":{"name":"民旺社区","next":0},"110101010008":{"name":"安德路社区","next":0},"110101010009":{"name":"二区社区","next":0},"110101010011":{"name":"七区社区","next":0},"110101010013":{"name":"化工社区","next":0},"110101010014":{"name":"安德里社区","next":0},"110101010015":{"name":"兴化社区","next":0},"110101010016":{"name":"人定湖社区","next":0},"110101010017":{"name":"小黄庄社区","next":0},"110101010018":{"name":"总政社区","next":0},"110101010019":{"name":"安贞苑社区","next":0},"110101010020":{"name":"地坛社区","next":0},"110101010021":{"name":"黄寺社区","next":0},"110101010022":{"name":"新建路社区","next":0},"110101010023":{"name":"东河沿社区","next":0},"110101010024":{"name":"西河沿社区","next":0},"110101010026":{"name":"青年湖社区","next":0},"110101010027":{"name":"和平里社区","next":0}}