{"110112001000":{"name":"中仓街道","next":1},"110112002000":{"name":"新华街道","next":1},"110112003000":{"name":"北苑街道","next":1},"110112004000":{"name":"玉桥街道","next":1},"110112005000":{"name":"永顺地区","next":1},"110112006000":{"name":"梨园地区","next":1},"110112104000":{"name":"宋庄镇","next":1},"110112105000":{"name":"张家湾镇","next":1},"110112106000":{"name":"漷县镇","next":1},"110112109000":{"name":"马驹桥镇","next":1},"110112110000":{"name":"西集镇","next":1},"110112114000":{"name":"台湖镇","next":1},"110112117000":{"name":"永乐店镇","next":1},"110112119000":{"name":"潞城镇","next":1},"110112209000":{"name":"于家务回族乡","next":1}}