{"110119106001":{"name":"四海镇社区","next":0},"110119106200":{"name":"西沟里村","next":0},"110119106201":{"name":"西沟外村","next":0},"110119106202":{"name":"四海村","next":0},"110119106203":{"name":"椴木沟村","next":0},"110119106204":{"name":"菜食河村","next":0},"110119106205":{"name":"海字口村","next":0},"110119106206":{"name":"岔石口村","next":0},"110119106207":{"name":"永安堡村","next":0},"110119106208":{"name":"郭家湾村","next":0},"110119106209":{"name":"石窑村","next":0},"110119106210":{"name":"大胜岭村","next":0},"110119106211":{"name":"南湾村","next":0},"110119106212":{"name":"黑汉岭村","next":0},"110119106213":{"name":"大吉祥村","next":0},"110119106214":{"name":"上花楼村","next":0},"110119106215":{"name":"王顺沟村","next":0},"110119106216":{"name":"前山村","next":0},"110119106217":{"name":"楼梁村","next":0}}