{"110115103001":{"name":"青云里社区","next":0},"110115103002":{"name":"大东社区","next":0},"110115103200":{"name":"老观里村","next":0},"110115103201":{"name":"顾庄村","next":0},"110115103202":{"name":"东辛屯村","next":0},"110115103203":{"name":"大迴城村","next":0},"110115103204":{"name":"东迴城村","next":0},"110115103205":{"name":"石州营村","next":0},"110115103206":{"name":"孝义营村","next":0},"110115103207":{"name":"沙堆营村","next":0},"110115103208":{"name":"霍州营村","next":0},"110115103209":{"name":"垡上营村","next":0},"110115103210":{"name":"解州营村","next":0},"110115103211":{"name":"尚庄村","next":0},"110115103212":{"name":"沙子营村","next":0},"110115103213":{"name":"青云店一村","next":0},"110115103214":{"name":"青云店二村一村","next":0},"110115103215":{"name":"青云店二村三村","next":0},"110115103216":{"name":"青云店三村一村","next":0},"110115103217":{"name":"青云店三村二村","next":0},"110115103218":{"name":"青云店三村三村","next":0},"110115103219":{"name":"青云店四村","next":0},"110115103220":{"name":"青云店五村","next":0},"110115103221":{"name":"青云店六村","next":0},"110115103222":{"name":"东店村","next":0},"110115103223":{"name":"西杭子村","next":0},"110115103224":{"name":"小谷店村","next":0},"110115103225":{"name":"东孙村","next":0},"110115103226":{"name":"太平庄村","next":0},"110115103227":{"name":"大谷店村","next":0},"110115103228":{"name":"西鲍辛庄村","next":0},"110115103229":{"name":"东鲍辛庄村","next":0},"110115103230":{"name":"马凤岗村","next":0},"110115103231":{"name":"东赵村","next":0},"110115103232":{"name":"北野场村","next":0},"110115103233":{"name":"南大红门村","next":0},"110115103234":{"name":"北辛屯村","next":0},"110115103235":{"name":"北店村","next":0},"110115103236":{"name":"小铺头村","next":0},"110115103237":{"name":"曹村","next":0},"110115103238":{"name":"寺上村","next":0},"110115103239":{"name":"枣林村","next":0},"110115103240":{"name":"大张本庄村","next":0},"110115103241":{"name":"小张本庄村","next":0},"110115103242":{"name":"泥营村","next":0},"110115103243":{"name":"垡上村","next":0},"110115103244":{"name":"西大屯村","next":0},"110115103245":{"name":"中大屯村","next":0},"110115103246":{"name":"东大屯村","next":0},"110115103247":{"name":"杨各庄村","next":0},"110115103248":{"name":"高庄村","next":0},"110115103401":{"name":"青云店镇工业开发区","next":0}}