{"110118107001":{"name":"太师屯社区","next":0},"110118107002":{"name":"光明社区","next":0},"110118107003":{"name":"正阳社区","next":0},"110118107004":{"name":"永安社区","next":0},"110118107005":{"name":"北山社区","next":0},"110118107200":{"name":"黄各庄村","next":0},"110118107201":{"name":"许庄子村","next":0},"110118107202":{"name":"流河峪村","next":0},"110118107203":{"name":"前八家庄村","next":0},"110118107204":{"name":"后八家庄村","next":0},"110118107205":{"name":"龙潭沟村","next":0},"110118107206":{"name":"上庄子村","next":0},"110118107207":{"name":"东田各庄村","next":0},"110118107208":{"name":"流河沟村","next":0},"110118107209":{"name":"葡萄园村","next":0},"110118107210":{"name":"太师屯村","next":0},"110118107211":{"name":"太师庄村","next":0},"110118107212":{"name":"上金山村","next":0},"110118107213":{"name":"大漕村","next":0},"110118107214":{"name":"小漕村","next":0},"110118107215":{"name":"城子村","next":0},"110118107216":{"name":"松树峪村","next":0},"110118107217":{"name":"学各庄村","next":0},"110118107218":{"name":"松树掌村","next":0},"110118107219":{"name":"桑园村","next":0},"110118107220":{"name":"黑古沿村","next":0},"110118107221":{"name":"前南台村","next":0},"110118107222":{"name":"后南台村","next":0},"110118107223":{"name":"头道岭村","next":0},"110118107224":{"name":"光明队村","next":0},"110118107225":{"name":"二道河村","next":0},"110118107226":{"name":"车道峪村","next":0},"110118107227":{"name":"沙峪村","next":0},"110118107228":{"name":"令公村","next":0},"110118107229":{"name":"南沟村","next":0},"110118107230":{"name":"石岩井村","next":0},"110118107231":{"name":"东庄禾村","next":0},"110118107232":{"name":"马场村","next":0},"110118107233":{"name":"落洼村","next":0}}