{"110106008001":{"name":"丰台路口社区","next":0},"110106008002":{"name":"望园社区","next":0},"110106008003":{"name":"六里桥南里社区","next":0},"110106008004":{"name":"六里桥北里社区","next":0},"110106008005":{"name":"八一厂社区","next":0},"110106008006":{"name":"六里桥社区","next":0},"110106008007":{"name":"莲怡园社区","next":0},"110106008008":{"name":"莲香园社区","next":0},"110106008009":{"name":"岳各庄社区","next":0},"110106008010":{"name":"金家村第一社区","next":0},"110106008011":{"name":"金家村第二社区","next":0},"110106008012":{"name":"青塔东里社区","next":0},"110106008013":{"name":"青塔西里社区","next":0},"110106008014":{"name":"蔚园社区","next":0},"110106008015":{"name":"秀园社区","next":0},"110106008016":{"name":"芳园社区","next":0},"110106008017":{"name":"春园社区","next":0},"110106008018":{"name":"小瓦窑西里社区","next":0},"110106008020":{"name":"小屯社区","next":0},"110106008021":{"name":"大瓦窑社区","next":0},"110106008022":{"name":"五里店第一社区","next":0},"110106008023":{"name":"五里店第二社区","next":0},"110106008024":{"name":"丰西路社区","next":0},"110106008025":{"name":"油泵厂社区","next":0},"110106008026":{"name":"大井社区","next":0},"110106008027":{"name":"长安新城第一社区","next":0},"110106008028":{"name":"京铁家园社区","next":0},"110106008029":{"name":"民岳家园社区","next":0},"110106008030":{"name":"丰体时代花园社区","next":0},"110106008031":{"name":"珠江紫台社区","next":0},"110106008032":{"name":"假日万恒社区","next":0},"110106008033":{"name":"保利益丰社区","next":0},"110106008034":{"name":"科兴佳园社区","next":0},"110106008035":{"name":"美域家园社区","next":0},"110106008036":{"name":"建邦枫景社区","next":0},"110106008037":{"name":"长安新城第二社区","next":0},"110106008038":{"name":"和风四季社区","next":0}}