{"110119104001":{"name":"旧县镇社区","next":0},"110119104200":{"name":"白草洼村","next":0},"110119104201":{"name":"三里庄村","next":0},"110119104202":{"name":"烧窑峪村","next":0},"110119104203":{"name":"北张庄村","next":0},"110119104204":{"name":"白羊峪村","next":0},"110119104205":{"name":"黄峪口村","next":0},"110119104206":{"name":"白河堡村","next":0},"110119104207":{"name":"闫家庄村","next":0},"110119104208":{"name":"耿家营村","next":0},"110119104209":{"name":"车坊村","next":0},"110119104210":{"name":"旧县村","next":0},"110119104211":{"name":"东羊坊村","next":0},"110119104212":{"name":"米粮屯村","next":0},"110119104213":{"name":"古城村","next":0},"110119104214":{"name":"常家营村","next":0},"110119104215":{"name":"常里营村","next":0},"110119104216":{"name":"盆窑村","next":0},"110119104217":{"name":"团山村","next":0},"110119104218":{"name":"大柏老村","next":0},"110119104219":{"name":"小柏老村","next":0},"110119104220":{"name":"西龙湾村","next":0},"110119104221":{"name":"东龙湾村","next":0}}