{"110113108201":{"name":"北务村","next":0},"110113108202":{"name":"郭家务村","next":0},"110113108203":{"name":"陈辛庄村","next":0},"110113108204":{"name":"林上村","next":0},"110113108205":{"name":"仓上村","next":0},"110113108206":{"name":"道口村","next":0},"110113108207":{"name":"王各庄村","next":0},"110113108208":{"name":"闫家渠村","next":0},"110113108209":{"name":"南辛庄户村","next":0},"110113108210":{"name":"于地村","next":0},"110113108211":{"name":"庄子村","next":0},"110113108212":{"name":"小珠宝村","next":0},"110113108213":{"name":"东地村","next":0},"110113108214":{"name":"珠宝屯村","next":0},"110113108215":{"name":"马庄村","next":0}}