{"110114008001":{"name":"天通东苑第三社区","next":0},"110114008002":{"name":"天通西苑第二社区","next":0},"110114008003":{"name":"天通西苑第三社区","next":0},"110114008004":{"name":"天通西苑第四社区","next":0},"110114008005":{"name":"天通北苑第一社区","next":0},"110114008006":{"name":"天通北苑第二社区","next":0},"110114008007":{"name":"天通北苑第三社区","next":0},"110114008008":{"name":"天通中苑第一社区","next":0},"110114008009":{"name":"太平家园社区","next":0},"110114008201":{"name":"太平庄村","next":0},"110114008202":{"name":"白坊村","next":0},"110114008203":{"name":"狮子营村","next":0}}