{"110111006001":{"name":"高家坡社区","next":0},"110111006002":{"name":"迎风四里社区","next":0},"110111006004":{"name":"迎风五里社区","next":0},"110111006006":{"name":"杏花西里社区","next":0},"110111006008":{"name":"杏花东里社区","next":0},"110111006009":{"name":"迎风六里社区","next":0},"110111006014":{"name":"迎风西里社区","next":0},"110111006015":{"name":"杰辉苑社区","next":0},"110111006016":{"name":"迎风一里社区","next":0},"110111006017":{"name":"凤凰亭社区","next":0}}