{"110114007010":{"name":"九台社区","next":0},"110114007011":{"name":"都市芳园社区","next":0},"110114007030":{"name":"森林大第家园社区","next":0},"110114007044":{"name":"森林大第家园南区社区","next":0},"110114007045":{"name":"悦府家园社区","next":0},"110114007203":{"name":"东小口村","next":0},"110114007204":{"name":"中滩村","next":0},"110114007205":{"name":"芦家村","next":0},"110114007206":{"name":"单家村","next":0},"110114007207":{"name":"店上村","next":0},"110114007208":{"name":"兰各庄村","next":0},"110114007211":{"name":"半截塔村","next":0},"110114007212":{"name":"魏窑村","next":0},"110114007213":{"name":"小辛庄村","next":0},"110114007214":{"name":"马连店村","next":0}}