{"110109107201":{"name":"燕家台村","next":0},"110109107202":{"name":"李家庄村","next":0},"110109107203":{"name":"梁家庄村","next":0},"110109107204":{"name":"台上村","next":0},"110109107205":{"name":"上清水村","next":0},"110109107206":{"name":"下清水村","next":0},"110109107207":{"name":"田寺村","next":0},"110109107208":{"name":"西达摩村","next":0},"110109107209":{"name":"洪水峪村","next":0},"110109107210":{"name":"上达摩村","next":0},"110109107211":{"name":"达摩庄村","next":0},"110109107212":{"name":"椴木沟村","next":0},"110109107213":{"name":"梁家铺村","next":0},"110109107214":{"name":"塔河村","next":0},"110109107215":{"name":"黄安村","next":0},"110109107216":{"name":"龙王村","next":0},"110109107217":{"name":"黄安坨村","next":0},"110109107218":{"name":"黄塔村","next":0},"110109107219":{"name":"八亩堰村","next":0},"110109107220":{"name":"简昌村","next":0},"110109107221":{"name":"艾峪村","next":0},"110109107222":{"name":"双涧子村","next":0},"110109107223":{"name":"张家铺村","next":0},"110109107224":{"name":"杜家庄村","next":0},"110109107225":{"name":"张家庄村","next":0},"110109107226":{"name":"齐家庄村","next":0},"110109107227":{"name":"双塘涧村","next":0},"110109107228":{"name":"天河水村","next":0},"110109107229":{"name":"胜利村","next":0},"110109107230":{"name":"小龙门村","next":0},"110109107231":{"name":"洪水口村","next":0},"110109107232":{"name":"江水河村","next":0}}