{"110113105201":{"name":"宣庄户村","next":0},"110113105202":{"name":"魏辛庄村","next":0},"110113105203":{"name":"后营村","next":0},"110113105204":{"name":"前营村","next":0},"110113105205":{"name":"葛代子村","next":0},"110113105206":{"name":"沟北村","next":0},"110113105207":{"name":"柳各庄村","next":0},"110113105208":{"name":"李遂村","next":0},"110113105209":{"name":"西营村","next":0},"110113105210":{"name":"东营村","next":0},"110113105211":{"name":"李庄村","next":0},"110113105212":{"name":"崇国庄村","next":0},"110113105213":{"name":"陈庄村","next":0},"110113105214":{"name":"赵庄村","next":0},"110113105215":{"name":"太平辛庄村","next":0},"110113105216":{"name":"牌楼村","next":0}}