{"110117003001":{"name":"海关西园社区","next":0},"110117003002":{"name":"胜利社区","next":0},"110117003003":{"name":"太和园社区","next":0},"110117003004":{"name":"建兰","next":0},"110117003005":{"name":"迎宾花园社区","next":0},"110117003006":{"name":"岳泰嘉园社区","next":0},"110117003200":{"name":"西寺渠村","next":0},"110117003201":{"name":"东寺渠村","next":0},"110117003202":{"name":"园田队村","next":0},"110117003203":{"name":"胜利街村","next":0},"110117003204":{"name":"平安街村","next":0},"110117003205":{"name":"和平街村","next":0},"110117003206":{"name":"太平街村","next":0},"110117003208":{"name":"岳各庄村","next":0},"110117003209":{"name":"赵各庄村","next":0},"110117003210":{"name":"北台头村","next":0},"110117003211":{"name":"西鹿角村","next":0},"110117003212":{"name":"下纸寨村","next":0},"110117003213":{"name":"东鹿角村","next":0}}