{"110115003001":{"name":"滨河西里南区社区","next":0},"110115003002":{"name":"滨河西里北区社区","next":0},"110115003003":{"name":"清源西里社区","next":0},"110115003006":{"name":"丽园社区","next":0},"110115003007":{"name":"兴华园社区","next":0},"110115003008":{"name":"枣园社区","next":0},"110115003009":{"name":"枣园东里社区","next":0},"110115003014":{"name":"康顺园社区","next":0},"110115003015":{"name":"滨河东里社区","next":0},"110115003020":{"name":"滨河北里社区","next":0},"110115003024":{"name":"枣园东里北区社区","next":0},"110115003027":{"name":"丽园南区社区","next":0},"110115003028":{"name":"学院社区","next":0},"110115003029":{"name":"彩虹新城社区","next":0},"110115003030":{"name":"兴康家园社区","next":0},"110115003033":{"name":"康秀园社区","next":0},"110115003034":{"name":"康馨园社区","next":0},"110115003037":{"name":"枣园北里社区","next":0},"110115003038":{"name":"枣园尚城社区","next":0},"110115003039":{"name":"国际港社区","next":0},"110115003040":{"name":"康庄路五十号院社区","next":0},"110115003041":{"name":"兴盛街187号院社区","next":0},"110115003042":{"name":"兴盛街189号院社区","next":0},"110115003043":{"name":"康宜园社区","next":0}}