{"110117110200":{"name":"太后村","next":0},"110117110201":{"name":"北上营村","next":0},"110117110202":{"name":"中胡家务村","next":0},"110117110203":{"name":"熊耳营村","next":0},"110117110204":{"name":"东古村","next":0},"110117110205":{"name":"西古村","next":0},"110117110206":{"name":"太平庄村","next":0},"110117110207":{"name":"大辛寨村","next":0},"110117110208":{"name":"小辛寨村","next":0},"110117110209":{"name":"贾各庄村","next":0},"110117110210":{"name":"齐各庄村","next":0},"110117110211":{"name":"王辛庄村","next":0},"110117110212":{"name":"后罗庄村","next":0},"110117110215":{"name":"许家务村","next":0},"110117110216":{"name":"莲花潭村","next":0},"110117110217":{"name":"放光庄村","next":0},"110117110218":{"name":"杨家会村","next":0},"110117110219":{"name":"井儿峪村","next":0},"110117110220":{"name":"北辛庄村","next":0},"110117110221":{"name":"翟各庄村","next":0},"110117110222":{"name":"西杏园村","next":0},"110117110223":{"name":"东杏园村","next":0},"110117110224":{"name":"乐政务村","next":0}}