{"110102001001":{"name":"南北长街社区","next":0},"110102001004":{"name":"府右街南社区","next":0},"110102001006":{"name":"光明社区","next":0},"110102001007":{"name":"西交民巷社区","next":0},"110102001011":{"name":"北新华街社区","next":0},"110102001012":{"name":"六部口社区","next":0},"110102001013":{"name":"和平门社区","next":0},"110102001018":{"name":"钟声社区","next":0},"110102001019":{"name":"太仆寺街社区","next":0},"110102001023":{"name":"西黄城根南街社区","next":0},"110102001026":{"name":"义达里社区","next":0},"110102001027":{"name":"西单北社区","next":0},"110102001028":{"name":"未英社区","next":0}}