{"120111001000":{"name":"西营门街道","next":1},"120111002000":{"name":"李七庄街道","next":1},"120111003000":{"name":"赤龙南街道","next":1},"120111100000":{"name":"中北镇","next":1},"120111101000":{"name":"杨柳青镇","next":1},"120111102000":{"name":"辛口镇","next":1},"120111103000":{"name":"张家窝镇","next":1},"120111104000":{"name":"精武镇","next":1},"120111105000":{"name":"大寺镇","next":1},"120111106000":{"name":"王稳庄镇","next":1},"120111400000":{"name":"天津开发区微电子小区","next":1},"120111401000":{"name":"新技术产业园区","next":1},"120111402000":{"name":"西青高校区","next":1},"120111450000":{"name":"西青区开发区","next":1}}