{"120112103001":{"name":"朝阳社区","next":0},"120112103003":{"name":"鑫港园社区","next":0},"120112103004":{"name":"仁和园社区","next":0},"120112103005":{"name":"河畔星城社区","next":0},"120112103006":{"name":"柳林社区","next":0},"120112103007":{"name":"福港园社区","next":0},"120112103010":{"name":"善和园社区","next":0},"120112103011":{"name":"林景家园社区","next":0},"120112103012":{"name":"格林社区","next":0},"120112103013":{"name":"领世郡社区","next":0},"120112103014":{"name":"桃园社区","next":0},"120112103201":{"name":"何庄子村","next":0},"120112103202":{"name":"宋庄子村","next":0},"120112103203":{"name":"黄庄子村","next":0},"120112103204":{"name":"芦庄子村","next":0},"120112103205":{"name":"李楼村","next":0},"120112103206":{"name":"小辛庄村","next":0},"120112103207":{"name":"桃源沽村","next":0},"120112103208":{"name":"双港村","next":0},"120112103209":{"name":"海河湾村","next":0},"120112103210":{"name":"南马集村","next":0},"120112103211":{"name":"北马集村","next":0},"120112103212":{"name":"先锋村","next":0},"120112103213":{"name":"郭黄庄村","next":0},"120112103214":{"name":"前三合村","next":0},"120112103215":{"name":"后三合村","next":0},"120112103216":{"name":"西三合村","next":0},"120112103400":{"name":"天津双港工业园区社区","next":0}}