{"120104006001":{"name":"学湖里社区","next":0},"120104006003":{"name":"府湖里社区","next":0},"120104006004":{"name":"照湖里社区","next":0},"120104006005":{"name":"风湖里社区","next":0},"120104006006":{"name":"美湖里社区","next":0},"120104006007":{"name":"龙兴里社区","next":0},"120104006008":{"name":"月环里社区","next":0},"120104006009":{"name":"荣迁西里社区","next":0},"120104006011":{"name":"航天北里社区","next":0},"120104006012":{"name":"南开大学西南村第二社区","next":0},"120104006013":{"name":"南开大学西南村第一社区","next":0},"120104006015":{"name":"天津大学六村社区","next":0},"120104006016":{"name":"天津大学四季村社区","next":0},"120104006018":{"name":"新园村社区社区","next":0},"120104006402":{"name":"天津滨海高新区南开科技园社区","next":0}}