{"120103008001":{"name":"环湖南里社区","next":0},"120103008002":{"name":"气象南里社区","next":0},"120103008006":{"name":"环湖东里社区","next":0},"120103008008":{"name":"宾水北里社区","next":0},"120103008009":{"name":"宾水东里社区","next":0},"120103008010":{"name":"宾水西里社区","next":0},"120103008011":{"name":"宾水南里社区","next":0},"120103008012":{"name":"育贤里社区","next":0},"120103008014":{"name":"高风里社区","next":0},"120103008019":{"name":"富源里社区","next":0},"120103008023":{"name":"体育学院社区","next":0},"120103008024":{"name":"立达博兰社区","next":0},"120103008025":{"name":"五一阳光社区","next":0},"120103008026":{"name":"紫金里社区","next":0}}