{"120103005001":{"name":"三合里社区","next":0},"120103005002":{"name":"四化里社区","next":0},"120103005003":{"name":"新闻里社区","next":0},"120103005004":{"name":"文静里社区","next":0},"120103005006":{"name":"先进里社区","next":0},"120103005007":{"name":"德才里社区","next":0},"120103005008":{"name":"卫星里社区","next":0},"120103005009":{"name":"凤凰城社区","next":0},"120103005011":{"name":"金山里社区","next":0},"120103005012":{"name":"气象里社区","next":0},"120103005013":{"name":"君禧华庭社区","next":0}}