{"120103009007":{"name":"郁江南里社区","next":0},"120103009010":{"name":"曙光里社区","next":0},"120103009012":{"name":"光明里社区","next":0},"120103009013":{"name":"红山里社区","next":0},"120103009020":{"name":"纯洁里社区","next":0},"120103009021":{"name":"长达公寓社区","next":0},"120103009024":{"name":"光华里社区","next":0},"120103009026":{"name":"名都新园社区","next":0},"120103009031":{"name":"瑞江花园社区","next":0},"120103009032":{"name":"尚城社区","next":0},"120103009033":{"name":"水晶城社区","next":0},"120103009034":{"name":"优仕公寓社区","next":0}}