{"120111002003":{"name":"集贤里社区","next":0},"120111002006":{"name":"杨楼社区","next":0},"120111002007":{"name":"朗庭园社区","next":0},"120111002008":{"name":"宏城御溪园社区","next":0},"120111002201":{"name":"边村","next":0},"120111002202":{"name":"程村","next":0},"120111002203":{"name":"邓店村","next":0},"120111002204":{"name":"于台村","next":0},"120111002205":{"name":"王台村","next":0},"120111002206":{"name":"蔡台村","next":0},"120111002207":{"name":"辛院村","next":0},"120111002208":{"name":"武台村","next":0},"120111002209":{"name":"杨楼村","next":0},"120111002210":{"name":"凌口村","next":0},"120111002211":{"name":"王兰庄村","next":0},"120111002212":{"name":"高庄子村","next":0},"120111002213":{"name":"小倪庄村","next":0},"120111002214":{"name":"大倪庄村","next":0},"120111002215":{"name":"王姑娘庄村","next":0},"120111002216":{"name":"梨园头村","next":0},"120111002402":{"name":"海逸长洲社区","next":0},"120111002403":{"name":"和瑞园社区","next":0},"120111002404":{"name":"新都庄园社区","next":0},"120111002405":{"name":"锦程嘉苑社区筹备组","next":0},"120111002406":{"name":"和瑞园社区筹备组及社区工作站","next":0},"120111002500":{"name":"纪庄子生活区","next":0},"120111002501":{"name":"凌庄子生活区","next":0},"120111002502":{"name":"赵金庄生活区","next":0},"120111002503":{"name":"宁家房子生活区","next":0}}