{"120113002001":{"name":"泰来西里社区","next":0},"120113002002":{"name":"泰来东里社区","next":0},"120113002006":{"name":"安达里社区","next":0},"120113002007":{"name":"虎林里社区","next":0},"120113002008":{"name":"拜泉里社区","next":0},"120113002009":{"name":"集贤里社区","next":0},"120113002011":{"name":"红云新里社区","next":0},"120113002012":{"name":"瀛台里社区","next":0},"120113002013":{"name":"北医道社区","next":0},"120113002014":{"name":"发电楼社区","next":0}}