{"120113004009":{"name":"顺驰翡翠城社区","next":0},"120113004011":{"name":"奥林匹克花园社区","next":0},"120113004012":{"name":"瑞康社区","next":0},"120113004013":{"name":"宝翠花都社区","next":0},"120113004016":{"name":"熙景园社区","next":0},"120113004017":{"name":"瞰景园社区","next":0},"120113004020":{"name":"瑞盈园社区","next":0},"120113004021":{"name":"瑞益园社区","next":0},"120113004022":{"name":"紫瑞园社区","next":0},"120113004023":{"name":"秋瑞园社区","next":0},"120113004024":{"name":"江南春色社区","next":0}}