{"120113005001":{"name":"佳荣里社区","next":0},"120113005002":{"name":"佳欣里社区","next":0},"120113005003":{"name":"佳安里社区","next":0},"120113005004":{"name":"井田公寓社区","next":0},"120113005005":{"name":"瑞达里社区","next":0},"120113005006":{"name":"佳园新里社区","next":0},"120113005007":{"name":"燕宇社区","next":0},"120113005008":{"name":"瑞贤园社区","next":0},"120113005009":{"name":"瑞秀园社区","next":0},"120113005010":{"name":"人民家园社区","next":0}}