{"120112108001":{"name":"政安里社区","next":0},"120112108002":{"name":"建新社区","next":0},"120112108003":{"name":"泽惠园社区","next":0},"120112108004":{"name":"宣惠园社区","next":0},"120112108005":{"name":"御惠园社区","next":0},"120112108201":{"name":"前进村","next":0},"120112108202":{"name":"光明村","next":0},"120112108203":{"name":"月桥村","next":0},"120112108204":{"name":"义和庄村","next":0},"120112108205":{"name":"老左营村","next":0},"120112108206":{"name":"正营村","next":0},"120112108208":{"name":"吕坨子村","next":0},"120112108209":{"name":"后营村","next":0},"120112108210":{"name":"高庄房村","next":0},"120112108211":{"name":"裕盛村","next":0},"120112108212":{"name":"仁字营村","next":0},"120112108213":{"name":"建新村","next":0},"120112108214":{"name":"北闸口村","next":0},"120112108215":{"name":"东右营村","next":0},"120112108216":{"name":"西右营村","next":0},"120112108217":{"name":"北义村","next":0},"120112108218":{"name":"三道沟村","next":0},"120112108219":{"name":"大芦庄村","next":0},"120112108220":{"name":"翟家甸村","next":0},"120112108400":{"name":"北闸口电子工业社区","next":0}}