{"120110007001":{"name":"春江里社区","next":0},"120110007002":{"name":"溪水湾社区","next":0},"120110007003":{"name":"德翔里社区","next":0},"120110007004":{"name":"德锦里社区","next":0},"120110007005":{"name":"悦和里社区","next":0},"120110007006":{"name":"轩和里社区","next":0},"120110007007":{"name":"瑞和里社区","next":0},"120110007008":{"name":"新城社区","next":0},"120110007009":{"name":"金河家园社区","next":0},"120110007010":{"name":"温泉公寓社区","next":0},"120110007011":{"name":"新中园社区","next":0},"120110007012":{"name":"赵沽里社区","next":0},"120110007013":{"name":"兴河园社区","next":0},"120110007201":{"name":"大毕庄村","next":0},"120110007202":{"name":"欢坨村","next":0},"120110007203":{"name":"南孙庄村","next":0},"120110007204":{"name":"南何庄村","next":0},"120110007205":{"name":"徐庄村","next":0},"120110007206":{"name":"赵沽里村","next":0},"120110007207":{"name":"何兴庄村","next":0},"120110007208":{"name":"新中村","next":0},"120110007209":{"name":"长青村","next":0}}