{"120113001000":{"name":"果园新村街道","next":1},"120113002000":{"name":"集贤里街道","next":1},"120113003000":{"name":"普东街道","next":1},"120113004000":{"name":"瑞景街道","next":1},"120113005000":{"name":"佳荣里街道","next":1},"120113006000":{"name":"青源街道","next":1},"120113007000":{"name":"广源街道","next":1},"120113100000":{"name":"天穆镇","next":1},"120113101000":{"name":"北仓镇","next":1},"120113102000":{"name":"双街镇","next":1},"120113103000":{"name":"双口镇","next":1},"120113104000":{"name":"青光镇","next":1},"120113106000":{"name":"宜兴埠镇","next":1},"120113107000":{"name":"小淀镇","next":1},"120113108000":{"name":"大张庄镇","next":1},"120113111000":{"name":"西堤头镇","next":1},"120113400000":{"name":"科技园区北区","next":1},"120113401000":{"name":"科技园区南区","next":1},"120113402000":{"name":"天津医药医疗器械工业园","next":1},"120113403000":{"name":"天津陆路港物流装备产业园","next":1},"120113404000":{"name":"天津风电产业园","next":1},"120113500000":{"name":"红旗农场","next":1},"120113501000":{"name":"曙光农场","next":1}}