{"120102009001":{"name":"常州里第一社区","next":0},"120102009002":{"name":"常州里第二社区","next":0},"120102009003":{"name":"常州里第三社区","next":0},"120102009005":{"name":"靖泰里社区","next":0},"120102009008":{"name":"临营西里社区","next":0},"120102009009":{"name":"益寿东里社区","next":0},"120102009011":{"name":"近营里社区","next":0},"120102009013":{"name":"爱营里社区","next":0},"120102009014":{"name":"祥泰公寓社区","next":0},"120102009016":{"name":"盛世家园社区","next":0},"120102009018":{"name":"东惠东瑞社区居民","next":0},"120102009019":{"name":"红城社区","next":0}}