{"120110006001":{"name":"华明第一社区","next":0},"120110006002":{"name":"华明第二社区","next":0},"120110006003":{"name":"华明第三社区","next":0},"120110006004":{"name":"华明第四社区","next":0},"120110006005":{"name":"华明第五社区","next":0},"120110006006":{"name":"华明第六社区","next":0},"120110006007":{"name":"华明第七社区","next":0},"120110006008":{"name":"昆俞家园社区","next":0},"120110006009":{"name":"昆俞欣园社区","next":0},"120110006010":{"name":"秋悦家园社区","next":0},"120110006011":{"name":"金泰丽湾社区","next":0},"120110006012":{"name":"明旭社区","next":0},"120110006013":{"name":"康泽家园社区","next":0},"120110006014":{"name":"惠泽嘉园社区","next":0},"120110006015":{"name":"华明第八社区","next":0},"120110006016":{"name":"茗润轩社区","next":0},"120110006017":{"name":"明珠花园社区","next":0},"120110006018":{"name":"雪优花园社区","next":0},"120110006201":{"name":"李明庄村","next":0},"120110006202":{"name":"范庄村","next":0},"120110006203":{"name":"北坨村","next":0},"120110006204":{"name":"南坨村","next":0},"120110006205":{"name":"赵庄村","next":0},"120110006206":{"name":"朱庄村","next":0},"120110006207":{"name":"于明庄村","next":0},"120110006208":{"name":"赤土村","next":0},"120110006209":{"name":"贯庄村","next":0},"120110006210":{"name":"北于堡村","next":0},"120110006211":{"name":"南于堡村","next":0},"120110006212":{"name":"李场子村","next":0},"120110006213":{"name":"胡张庄村","next":0},"120110006214":{"name":"永和村","next":0},"120110006215":{"name":"海丰村","next":0}}