{"120105001000":{"name":"光复道街道","next":1},"120105002000":{"name":"望海楼街道","next":1},"120105003000":{"name":"鸿顺里街道","next":1},"120105004000":{"name":"新开河街道","next":1},"120105005000":{"name":"铁东路街道","next":1},"120105006000":{"name":"建昌道街道","next":1},"120105007000":{"name":"宁园街道","next":1},"120105008000":{"name":"王串场街道","next":1},"120105009000":{"name":"江都路街道","next":1},"120105010000":{"name":"月牙河街道","next":1}}