{"120103012001":{"name":"云江新苑社区","next":0},"120103012002":{"name":"兰江新苑社区","next":0},"120103012003":{"name":"龙江里社区","next":0},"120103012009":{"name":"川江里社区","next":0},"120103012012":{"name":"华江里第一社区","next":0},"120103012013":{"name":"华江里第二社区","next":0},"120103012014":{"name":"松江里社区","next":0},"120103012016":{"name":"粤江里社区","next":0},"120103012017":{"name":"桂江里社区","next":0},"120103012019":{"name":"三水南里社区","next":0},"120103012023":{"name":"汉江里社区","next":0},"120103012024":{"name":"儒林园社区","next":0},"120103012400":{"name":"陈塘庄热电厂社区","next":0}}