{"120106003001":{"name":"凤城楼社区","next":0},"120106003002":{"name":"开源社区","next":0},"120106003003":{"name":"昌图社区","next":0},"120106003004":{"name":"永进社区","next":0},"120106003005":{"name":"化工社区","next":0},"120106003006":{"name":"绥中社区","next":0},"120106003007":{"name":"彰武社区","next":0},"120106003010":{"name":"七零七所社区","next":0},"120106003011":{"name":"同心社区","next":0},"120106003013":{"name":"宁城社区","next":0},"120106003015":{"name":"本溪社区","next":0},"120106003018":{"name":"郭辛庄社区","next":0},"120106003019":{"name":"永明里社区","next":0},"120106003020":{"name":"幸福社区","next":0},"120106003021":{"name":"红旗社区","next":0},"120106003022":{"name":"勤俭社区","next":0},"120106003023":{"name":"团结社区","next":0}}