{"120111105001":{"name":"泉集里社区","next":0},"120111105002":{"name":"龙居花园社区","next":0},"120111105201":{"name":"大寺村","next":0},"120111105202":{"name":"王村","next":0},"120111105203":{"name":"芦北口村","next":0},"120111105204":{"name":"青凝候村","next":0},"120111105205":{"name":"王庄子村","next":0},"120111105206":{"name":"石庄子村","next":0},"120111105207":{"name":"李庄子村","next":0},"120111105208":{"name":"南口村","next":0},"120111105209":{"name":"北口村","next":0},"120111105210":{"name":"贾庄子村","next":0},"120111105211":{"name":"大任庄村","next":0},"120111105212":{"name":"周庄子村","next":0},"120111105213":{"name":"倪黄庄村","next":0},"120111105214":{"name":"张道口村","next":0},"120111105215":{"name":"门道口村","next":0},"120111105402":{"name":"洛卡小镇社区筹备组","next":0},"120111105403":{"name":"金谊花园社区筹备组及社区工作站","next":0}}