{"120101005003":{"name":"昆明路社区","next":0},"120101005004":{"name":"西宁道社区","next":0},"120101005005":{"name":"天兴里社区","next":0},"120101005006":{"name":"竞业里社区","next":0},"120101005007":{"name":"绵阳道社区","next":0},"120101005009":{"name":"世昌里社区","next":0},"120101005011":{"name":"香榭里社区","next":0},"120101005012":{"name":"天新里社区","next":0},"120101005013":{"name":"文化村社区","next":0},"120101005014":{"name":"海光寺社区","next":0}}