{"120101001001":{"name":"花园路社区","next":0},"120101001002":{"name":"滨西社区","next":0},"120101001004":{"name":"兆丰路社区","next":0},"120101001005":{"name":"林泉社区","next":0},"120101001006":{"name":"新疆路社区","next":0},"120101001007":{"name":"南京路社区","next":0},"120101001008":{"name":"宁夏路社区","next":0},"120101001009":{"name":"福明社区","next":0},"120101001010":{"name":"百货大楼社区","next":0},"120101001012":{"name":"新津社区","next":0},"120101001013":{"name":"蒙古路社区","next":0},"120101001014":{"name":"静园社区","next":0}}