{"120102010001":{"name":"程林里社区","next":0},"120102010003":{"name":"滨河里社区","next":0},"120102010006":{"name":"凤麟里社区","next":0},"120102010008":{"name":"万平里社区","next":0},"120102010009":{"name":"泰昌西里社区","next":0},"120102010010":{"name":"万和里社区","next":0},"120102010012":{"name":"来安里社区","next":0},"120102010013":{"name":"金湾花园社区","next":0},"120102010014":{"name":"懿德园社区","next":0},"120102010017":{"name":"陆典庭园社区","next":0},"120102010018":{"name":"大洋嘉园社区","next":0},"120102010019":{"name":"芳水河畔社区","next":0},"120102010020":{"name":"万达广场社区","next":0},"120102010021":{"name":"静墅里社区","next":0},"120102010022":{"name":"红星国际广场社区","next":0}}