{"120104008002":{"name":"宜宾东里社区","next":0},"120104008004":{"name":"宜宾西里社区","next":0},"120104008005":{"name":"泊江里社区","next":0},"120104008006":{"name":"罗江里社区","next":0},"120104008008":{"name":"雅安东里社区","next":0},"120104008010":{"name":"咸阳里社区","next":0},"120104008012":{"name":"嘉陵北里社区","next":0},"120104008014":{"name":"南江东里社区","next":0},"120104008015":{"name":"南江西里社区","next":0},"120104008016":{"name":"雅安西里社区","next":0},"120104008018":{"name":"金川里社区","next":0},"120104008019":{"name":"汶川里社区","next":0},"120104008020":{"name":"易川里社区","next":0},"120104008022":{"name":"川南里社区","next":0},"120104008023":{"name":"云龙里社区","next":0},"120104008024":{"name":"桂荷园社区","next":0}}