{"120102001001":{"name":"诚厚里社区","next":0},"120102001002":{"name":"麟祥里社区","next":0},"120102001003":{"name":"积善里社区","next":0},"120102001007":{"name":"新义信里社区","next":0},"120102001008":{"name":"德元里社区","next":0},"120102001013":{"name":"长城公寓社区","next":0},"120102001016":{"name":"荣泰公寓社区","next":0},"120102001017":{"name":"丰盈里社区","next":0},"120102001018":{"name":"十三经路社区","next":0},"120102001019":{"name":"丰瑞里社区","next":0},"120102001020":{"name":"林枫花园社区","next":0}}