{"120106011400":{"name":"大胡同一区社区","next":0},"120106011401":{"name":"大胡同二区社区","next":0},"120106011402":{"name":"大胡同三区社区","next":0},"120106011403":{"name":"大胡同四区社区","next":0},"120106011404":{"name":"大胡同五区社区","next":0},"120106011405":{"name":"大胡同六区社区","next":0},"120106011406":{"name":"大胡同七区社区","next":0},"120106011407":{"name":"大胡同八区社区","next":0},"120106011408":{"name":"大胡同九区社区","next":0}}