{"120104007001":{"name":"向阳路社区","next":0},"120104007002":{"name":"云阳里社区","next":0},"120104007003":{"name":"华阳里社区","next":0},"120104007006":{"name":"战备楼社区","next":0},"120104007008":{"name":"延安楼社区","next":0},"120104007009":{"name":"芥园中里社区","next":0},"120104007010":{"name":"冶金里社区","next":0},"120104007013":{"name":"留园里社区","next":0},"120104007015":{"name":"集园里社区","next":0},"120104007017":{"name":"昔阳里社区","next":0},"120104007019":{"name":"官易里社区","next":0},"120104007020":{"name":"跃升里社区","next":0},"120104007022":{"name":"延长里社区","next":0},"120104007023":{"name":"宜君里社区","next":0},"120104007025":{"name":"春畅里社区","next":0},"120104007028":{"name":"大园新居社区","next":0},"120104007029":{"name":"瑞湾花园社区","next":0},"120104007030":{"name":"燕宇花园社区","next":0},"120104007031":{"name":"景园里社区","next":0},"120104007404":{"name":"南开区新南马路五金城商圈社区","next":0}}