{"120106005001":{"name":"仁和里社区","next":0},"120106005002":{"name":"涟源里社区","next":0},"120106005003":{"name":"湘潭道社区","next":0},"120106005009":{"name":"桥南社区","next":0},"120106005012":{"name":"运河西社区","next":0},"120106005013":{"name":"东庞社区","next":0},"120106005014":{"name":"西沽大街社区","next":0},"120106005015":{"name":"桃林社区","next":0},"120106005016":{"name":"青春南里社区","next":0},"120106005017":{"name":"桥北社区","next":0},"120106005018":{"name":"小辛街社区","next":0},"120106005019":{"name":"燕宇社区","next":0},"120106005021":{"name":"流霞里社区","next":0},"120106005026":{"name":"水竹花园社区","next":0},"120106005028":{"name":"水木天成社区","next":0},"120106005029":{"name":"水木天成第二社区","next":0},"120106005030":{"name":"水木天成第三社区","next":0},"120106005032":{"name":"河怡花园社区","next":0},"120106005033":{"name":"民畅园","next":0},"120106005035":{"name":"龙禧园第一社区","next":0},"120106005036":{"name":"龙禧园第二社区","next":0}}