{"120102012001":{"name":"松林里社区","next":0},"120102012002":{"name":"松鹤里社区","next":0},"120102012005":{"name":"松阳里社区","next":0},"120102012006":{"name":"云丽园社区","next":0},"120102012007":{"name":"彩丽园社区","next":0},"120102012008":{"name":"蓝山园社区","next":0},"120102012010":{"name":"丹荔园社区","next":0},"120102012011":{"name":"橙翠园社区","next":0},"120102012012":{"name":"金旭园社区","next":0},"120102012402":{"name":"皓林园社区","next":0}}