{"120112107001":{"name":"新春社区","next":0},"120112107002":{"name":"八里坊社区","next":0},"120112107003":{"name":"碧桂园社区","next":0},"120112107004":{"name":"金角社区","next":0},"120112107005":{"name":"品湖苑社区","next":0},"120112107006":{"name":"海天社区","next":0},"120112107201":{"name":"八里台村","next":0},"120112107202":{"name":"巨葛庄村","next":0},"120112107203":{"name":"大孙庄村","next":0},"120112107204":{"name":"大韩庄村","next":0},"120112107205":{"name":"团洼村","next":0},"120112107206":{"name":"西小站村","next":0},"120112107207":{"name":"小黄庄村","next":0},"120112107208":{"name":"和顺地村","next":0},"120112107209":{"name":"潘家洼村","next":0},"120112107210":{"name":"双闸村","next":0},"120112107211":{"name":"中义心庄村","next":0},"120112107212":{"name":"南义心庄村","next":0},"120112107213":{"name":"毛家沟村","next":0},"120112107214":{"name":"刘家沟村","next":0},"120112107215":{"name":"北中塘村","next":0},"120112107400":{"name":"八里台工业园区社区","next":0},"120112107402":{"name":"泰达（津南）微电子工业区社区","next":0}}