{"120110003001":{"name":"昆仑里第一社区","next":0},"120110003002":{"name":"新丰里社区","next":0},"120110003003":{"name":"程林东里第一社区","next":0},"120110003004":{"name":"程林东里第二社区","next":0},"120110003005":{"name":"荟臻里社区","next":0},"120110003007":{"name":"铁成公寓社区","next":0},"120110003008":{"name":"昆仑里第二社区","next":0},"120110003009":{"name":"东城家园社区","next":0},"120110003010":{"name":"欣园社区","next":0},"120110003011":{"name":"万新公寓社区","next":0},"120110003012":{"name":"万昆社区","next":0},"120110003013":{"name":"临月里社区","next":0},"120110003014":{"name":"月牙河东里社区","next":0},"120110003015":{"name":"万隆第一社区","next":0},"120110003016":{"name":"万隆第二社区","next":0},"120110003017":{"name":"蓝天社区","next":0},"120110003018":{"name":"秋丽社区","next":0},"120110003019":{"name":"舒畅社区","next":0},"120110003020":{"name":"嘉春园社区","next":0},"120110003021":{"name":"百合春天社区","next":0},"120110003022":{"name":"海悦秋苑社区","next":0},"120110003023":{"name":"季景家园社区","next":0},"120110003024":{"name":"香邑花园社区","next":0},"120110003025":{"name":"香兰嘉园社区","next":0},"120110003026":{"name":"好新家园社区","next":0},"120110003027":{"name":"畅悦华庭社区","next":0},"120110003028":{"name":"海颂园第一社区","next":0},"120110003029":{"name":"海颂园第二社区","next":0},"120110003201":{"name":"增兴窑村","next":0},"120110003202":{"name":"南大桥村","next":0},"120110003203":{"name":"杨台村","next":0},"120110003204":{"name":"小王庄村","next":0},"120110003205":{"name":"北程林村","next":0},"120110003206":{"name":"南程林村","next":0},"120110003207":{"name":"吴咀村","next":0},"120110003208":{"name":"潘庄村","next":0},"120110003209":{"name":"杜庄村","next":0},"120110003210":{"name":"詹庄村","next":0},"120110003211":{"name":"冯口村","next":0},"120110003212":{"name":"辛庄村","next":0},"120110003402":{"name":"中山实业公司社区","next":0},"120110003403":{"name":"阳光集团公司社区","next":0},"120110003404":{"name":"华兴实业公司社区","next":0},"120110003405":{"name":"正达实业公司社区","next":0},"120110003406":{"name":"前进工业公司社区","next":0},"120110003407":{"name":"天津市劳动保障技师学院社区","next":0}}