{"120110001000":{"name":"张贵庄街道","next":1},"120110002000":{"name":"丰年村街道","next":1},"120110003000":{"name":"万新街道","next":1},"120110004000":{"name":"无瑕街道","next":1},"120110005000":{"name":"新立街道","next":1},"120110006000":{"name":"华明街道","next":1},"120110007000":{"name":"金钟街道","next":1},"120110008000":{"name":"军粮城街道","next":1},"120110009000":{"name":"金桥街道","next":1},"120110010000":{"name":"华新街道","next":1},"120110011000":{"name":"东丽湖街道","next":1},"120110400000":{"name":"天津开发区西区","next":1},"120110401000":{"name":"天津航空物流区","next":1},"120110402000":{"name":"天津空港经济区","next":1},"120110403000":{"name":"东丽区经济技术开发区","next":1},"120110405000":{"name":"综合保税区","next":1},"120110406000":{"name":"航空新城","next":1},"120110407000":{"name":"服务滨海新区建设管理委员会","next":1}}