{"120104012001":{"name":"日华里社区","next":0},"120104012002":{"name":"碧华里社区","next":0},"120104012003":{"name":"天华里社区","next":0},"120104012004":{"name":"安华里社区","next":0},"120104012005":{"name":"居华里社区","next":0},"120104012006":{"name":"莹华里社区","next":0},"120104012008":{"name":"绮华里社区","next":0},"120104012009":{"name":"长华里社区","next":0},"120104012010":{"name":"地华里社区","next":0},"120104012011":{"name":"久华里社区","next":0},"120104012012":{"name":"华苑新城社区","next":0},"120104012400":{"name":"瑞泽园社区","next":0}}