{"120104001000":{"name":"长虹街道","next":1},"120104002000":{"name":"鼓楼街道","next":1},"120104003000":{"name":"兴南街道","next":1},"120104004000":{"name":"广开街道","next":1},"120104005000":{"name":"万兴街道","next":1},"120104006000":{"name":"学府街道","next":1},"120104007000":{"name":"向阳路街道","next":1},"120104008000":{"name":"嘉陵道街道","next":1},"120104009000":{"name":"王顶堤街道","next":1},"120104010000":{"name":"水上公园街道","next":1},"120104011000":{"name":"体育中心街道","next":1},"120104012000":{"name":"华苑街道","next":1}}