{"120113003002":{"name":"万科花园新城社区","next":0},"120113003004":{"name":"田园小区社区","next":0},"120113003005":{"name":"万达新城社区","next":0},"120113003007":{"name":"今日家园社区","next":0},"120113003008":{"name":"宝利新苑社区","next":0},"120113003009":{"name":"普兴里社区","next":0},"120113003010":{"name":"金宜里社区","next":0},"120113003011":{"name":"国宜里社区","next":0},"120113003012":{"name":"普康里社区","next":0},"120113003013":{"name":"都市桃源社区","next":0},"120113003016":{"name":"国宜北里社区","next":0},"120113003017":{"name":"富宜里社区","next":0},"120113003018":{"name":"强宜里社区","next":0},"120113003020":{"name":"普东新苑社区","next":0},"120113003021":{"name":"秋怡家园社区","next":0},"120113003022":{"name":"红荔花园社区","next":0},"120113003023":{"name":"淮兴园社区","next":0},"120113003024":{"name":"淮盛园社区","next":0},"120113003025":{"name":"祥和园社区","next":0},"120113003026":{"name":"宸宜花园社区","next":0},"120113003027":{"name":"宸欣家园社区","next":0},"120113003028":{"name":"天士力花园社区","next":0},"120113003029":{"name":"民宜里社区","next":0}}