{"120102003001":{"name":"团结北里社区","next":0},"120102003003":{"name":"和睦北里社区","next":0},"120102003005":{"name":"和睦西里社区","next":0},"120102003007":{"name":"友爱南里社区","next":0},"120102003009":{"name":"互助南里社区","next":0},"120102003011":{"name":"互助西里社区","next":0},"120102003013":{"name":"龙潭路社区","next":0},"120102003015":{"name":"中山门北里社区","next":0},"120102003016":{"name":"团结东里社区","next":0},"120102003018":{"name":"中山门东里社区","next":0},"120102003021":{"name":"丰乐里社区","next":0},"120102003023":{"name":"试验楼社区","next":0},"120102003024":{"name":"中山门四号路社区","next":0},"120102003025":{"name":"友爱东里社区","next":0},"120102003026":{"name":"格调竹境社区","next":0}}