{"120103007002":{"name":"寿园里社区","next":0},"120103007003":{"name":"柳江里社区","next":0},"120103007006":{"name":"文苑楼社区","next":0},"120103007008":{"name":"宾西楼社区","next":0},"120103007009":{"name":"西园西里社区","next":0},"120103007010":{"name":"西园南里社区","next":0},"120103007012":{"name":"浏阳里社区","next":0},"120103007013":{"name":"纯正里社区","next":0},"120103007014":{"name":"纯真里社区","next":0},"120103007016":{"name":"平江南里社区","next":0},"120103007018":{"name":"文玥里社区","next":0},"120103007020":{"name":"谊景村社区","next":0},"120103007021":{"name":"谊城公寓社区","next":0}}