{"120112100001":{"name":"祥福里社区","next":0},"120112100003":{"name":"红星里社区","next":0},"120112100004":{"name":"红旗楼社区","next":0},"120112100006":{"name":"惠苑里社区","next":0},"120112100011":{"name":"育才里社区","next":0},"120112100013":{"name":"众合里社区","next":0},"120112100015":{"name":"光明楼社区","next":0},"120112100016":{"name":"永安里社区","next":0},"120112100017":{"name":"新丰里社区","next":0},"120112100018":{"name":"益华里社区","next":0},"120112100019":{"name":"新业里社区","next":0},"120112100020":{"name":"金石里社区","next":0},"120112100021":{"name":"宝业馨苑社区","next":0},"120112100022":{"name":"月牙河社区","next":0},"120112100023":{"name":"丰达园社区","next":0},"120112100024":{"name":"丰收路社区","next":0},"120112100025":{"name":"金华南社区","next":0},"120112100026":{"name":"金华北社区","next":0},"120112100027":{"name":"新城社区","next":0},"120112100028":{"name":"沽上社区","next":0},"120112100029":{"name":"鑫洋园社区","next":0},"120112100030":{"name":"米兰社区","next":0},"120112100201":{"name":"东张庄村","next":0},"120112100202":{"name":"吴家稻地村","next":0},"120112100203":{"name":"池家稻地村","next":0},"120112100204":{"name":"刘家码头村","next":0},"120112100205":{"name":"王家场村","next":0},"120112100206":{"name":"头道沟村","next":0},"120112100207":{"name":"周辛庄村","next":0},"120112100208":{"name":"秦庄子村","next":0},"120112100209":{"name":"上刘庄村","next":0},"120112100210":{"name":"下郭庄村","next":0},"120112100211":{"name":"四里沽村","next":0},"120112100212":{"name":"李庄子村","next":0},"120112100213":{"name":"潘庄子村","next":0},"120112100214":{"name":"胜利村","next":0},"120112100215":{"name":"惠丰村","next":0},"120112100216":{"name":"新兴村","next":0},"120112100217":{"name":"耀华村","next":0},"120112100218":{"name":"同济村","next":0},"120112100219":{"name":"裕民村","next":0},"120112100220":{"name":"韩城桥村","next":0},"120112100221":{"name":"南洋村","next":0},"120112100222":{"name":"五登房村","next":0},"120112100223":{"name":"二道桥村","next":0},"120112100224":{"name":"北洋村","next":0},"120112100225":{"name":"苑庄村","next":0},"120112100226":{"name":"赵北庄村","next":0},"120112100227":{"name":"田咀村","next":0},"120112100400":{"name":"天津海河工业区社区","next":0}}