{"120102006003":{"name":"春华里社区","next":0},"120102006004":{"name":"东盈园社区","next":0},"120102006006":{"name":"新天地家园社区","next":0},"120102006008":{"name":"华泰里社区","next":0},"120102006010":{"name":"华康里社区","next":0},"120102006012":{"name":"聚安东园社区","next":0},"120102006015":{"name":"瑞金里社区","next":0},"120102006018":{"name":"秋实园社区","next":0},"120102006020":{"name":"汇和家园社区","next":0},"120102006022":{"name":"美福园社区","next":0},"120102006023":{"name":"巨福新园社区","next":0},"120102006024":{"name":"华腾里社区","next":0}}