{"120104005001":{"name":"同富里社区","next":0},"120104005002":{"name":"长江里社区","next":0},"120104005004":{"name":"长宁里社区","next":0},"120104005007":{"name":"天环里社区","next":0},"120104005008":{"name":"三潭西里社区","next":0},"120104005010":{"name":"华章里社区","next":0},"120104005011":{"name":"卧龙里社区","next":0},"120104005014":{"name":"三潭东里社区","next":0},"120104005015":{"name":"风荷园社区","next":0},"120104005017":{"name":"金融街社区","next":0},"120104005019":{"name":"兴泰路社区","next":0},"120104005021":{"name":"义兴里社区","next":0},"120104005022":{"name":"南丰里社区","next":0},"120104005026":{"name":"龙井里社区","next":0},"120104005027":{"name":"玉皇里社区","next":0},"120104005028":{"name":"紫云里社区","next":0},"120104005029":{"name":"龙德里社区","next":0},"120104005032":{"name":"双峰里社区","next":0},"120104005033":{"name":"玉泉里社区","next":0},"120104005034":{"name":"佳音里社区","next":0},"120104005035":{"name":"天大北五村社区","next":0},"120104005036":{"name":"苏堤路社区","next":0}}