{"120106001000":{"name":"西于庄街道","next":1},"120106002000":{"name":"双环村街道","next":1},"120106003000":{"name":"咸阳北路街道","next":1},"120106004000":{"name":"丁字沽街道","next":1},"120106005000":{"name":"西沽街道","next":1},"120106006000":{"name":"三条石街道","next":1},"120106008000":{"name":"邵公庄街道","next":1},"120106009000":{"name":"芥园街道","next":1},"120106010000":{"name":"铃铛阁街道","next":1},"120106011000":{"name":"大胡同街道","next":1},"120106012000":{"name":"和苑街道","next":1}}