{"120105008001":{"name":"宇翠里社区","next":0},"120105008003":{"name":"真诚里社区","next":0},"120105008006":{"name":"迎福里社区","next":0},"120105008008":{"name":"艳泉里社区","next":0},"120105008010":{"name":"水明里社区","next":0},"120105008011":{"name":"秀茵明居社区","next":0},"120105008013":{"name":"华屏里社区","next":0},"120105008014":{"name":"屏花里社区","next":0},"120105008015":{"name":"萃华里社区","next":0},"120105008016":{"name":"盛宇里社区","next":0},"120105008017":{"name":"环盛里社区","next":0},"120105008018":{"name":"容彩里社区","next":0},"120105008020":{"name":"开城里社区","next":0},"120105008022":{"name":"焕玉里社区","next":0}}