{"120113001003":{"name":"果园里社区","next":0},"120113001006":{"name":"丹凤里社区","next":0},"120113001009":{"name":"朝阳里社区","next":0},"120113001014":{"name":"旭日里社区","next":0},"120113001015":{"name":"霞光里社区","next":0},"120113001018":{"name":"新华里社区","next":0},"120113001020":{"name":"双发温泉花园社区","next":0},"120113001022":{"name":"都旺新城社区","next":0},"120113001024":{"name":"辰庆家园社区","next":0},"120113001025":{"name":"辰兴家园社区","next":0},"120113001026":{"name":"辰悦家园社区","next":0},"120113001027":{"name":"东升里社区","next":0}}