{"120113106001":{"name":"东马道社区","next":0},"120113106002":{"name":"宫西街社区","next":0},"120113106003":{"name":"民贤里社区","next":0},"120113106004":{"name":"红旗路社区","next":0},"120113106005":{"name":"宜赵路社区","next":0},"120113106006":{"name":"南菜园社区","next":0},"120113106007":{"name":"翠金园社区","next":0},"120113106008":{"name":"秋晨园社区","next":0},"120113106009":{"name":"欧铂城社区","next":0},"120113106201":{"name":"一街村","next":0},"120113106202":{"name":"二街村","next":0},"120113106203":{"name":"三街村","next":0},"120113106204":{"name":"四街村","next":0},"120113106205":{"name":"五街村","next":0},"120113106206":{"name":"六街村","next":0},"120113106207":{"name":"七街村","next":0},"120113106208":{"name":"八街村","next":0},"120113106209":{"name":"九街村","next":0},"120113106210":{"name":"十街村","next":0}}