{"120113100001":{"name":"顺义南里社区","next":0},"120113100005":{"name":"光明道社区","next":0},"120113100012":{"name":"欢颜里社区","next":0},"120113100016":{"name":"外园社区","next":0},"120113100017":{"name":"北寺社区","next":0},"120113100020":{"name":"天穆东苑社区","next":0},"120113100022":{"name":"天辰新苑社区","next":0},"120113100023":{"name":"柳滩社区","next":0},"120113100024":{"name":"方舟社区","next":0},"120113100025":{"name":"桃香园社区","next":0},"120113100029":{"name":"大通绿岛家园社区","next":0},"120113100030":{"name":"佳宁里联合社区","next":0},"120113100031":{"name":"普天东里社区","next":0},"120113100032":{"name":"蓝岸森林社区","next":0},"120113100033":{"name":"金门里社区","next":0},"120113100034":{"name":"辽河园社区","next":0},"120113100035":{"name":"瑞宁嘉园社区","next":0},"120113100036":{"name":"金苑公寓社区","next":0},"120113100037":{"name":"辰发花园社区","next":0},"120113100038":{"name":"悦林名邸社区","next":0},"120113100201":{"name":"阎街村","next":0},"120113100202":{"name":"马庄村","next":0},"120113100203":{"name":"南仓村","next":0},"120113100204":{"name":"天穆村","next":0},"120113100205":{"name":"柳滩村","next":0},"120113100206":{"name":"勤俭村","next":0},"120113100207":{"name":"霍嘴村","next":0},"120113100208":{"name":"白庙村农工商联合公司（村）","next":0},"120113100209":{"name":"东于庄村农工商联合公司（村）","next":0},"120113100210":{"name":"西于庄村农工商联合公司（村）","next":0},"120113100211":{"name":"刘房子村","next":0},"120113100212":{"name":"吴嘴村","next":0},"120113100213":{"name":"王庄村","next":0},"120113100214":{"name":"张兴庄村农工商联合公司（村）","next":0},"120113100215":{"name":"郭辛庄村农工商联合公司（村）","next":0}}