{"120112102001":{"name":"中山路社区","next":0},"120112102003":{"name":"德胜道社区","next":0},"120112102004":{"name":"和平路社区","next":0},"120112102007":{"name":"红旗路社区","next":0},"120112102010":{"name":"减河南社区","next":0},"120112102011":{"name":"水榭花都社区","next":0},"120112102012":{"name":"福堤园","next":0},"120112102013":{"name":"竹新园","next":0},"120112102014":{"name":"紫淼新苑社区","next":0},"120112102201":{"name":"盛字营村","next":0},"120112102202":{"name":"传字营村","next":0},"120112102203":{"name":"幸福村","next":0},"120112102204":{"name":"西花园村","next":0},"120112102208":{"name":"西沟村","next":0},"120112102209":{"name":"东大站村","next":0},"120112102210":{"name":"营盘圈村","next":0},"120112102211":{"name":"新开路村","next":0},"120112102212":{"name":"南副营村","next":0},"120112102213":{"name":"四道沟村","next":0},"120112102218":{"name":"东闸村","next":0},"120112102219":{"name":"前营村","next":0},"120112102220":{"name":"坨子地村","next":0},"120112102221":{"name":"东西庄房村","next":0},"120112102223":{"name":"迎新村","next":0},"120112102224":{"name":"会馆村","next":0},"120112102225":{"name":"操场河村","next":0},"120112102227":{"name":"周庄房村","next":0},"120112102400":{"name":"小站黄台工业园区社区","next":0},"120112102401":{"name":"天津小站工业区社区","next":0}}