{"120102008001":{"name":"晨光楼社区","next":0},"120102008002":{"name":"向阳楼社区","next":0},"120102008006":{"name":"晨阳里社区","next":0},"120102008007":{"name":"前进新里社区","next":0},"120102008009":{"name":"滇池里社区","next":0},"120102008010":{"name":"临池里社区","next":0},"120102008011":{"name":"翠韵里社区","next":0},"120102008012":{"name":"顺达西里社区","next":0},"120102008014":{"name":"东局子第一社区","next":0},"120102008015":{"name":"东局子第二社区","next":0},"120102008016":{"name":"阳新里社区","next":0},"120102008017":{"name":"阳安里社区","next":0},"120102008019":{"name":"阳明里社区","next":0},"120102008020":{"name":"时尚花园社区","next":0},"120102008022":{"name":"昕旺北苑社区","next":0},"120102008023":{"name":"昕旺南苑社区","next":0}}