{"120104001001":{"name":"光明路社区","next":0},"120104001003":{"name":"雅云里社区","next":0},"120104001005":{"name":"翰园里社区","next":0},"120104001006":{"name":"雅美里社区","next":0},"120104001009":{"name":"建华里社区","next":0},"120104001011":{"name":"平陆东里社区","next":0},"120104001012":{"name":"东王家台社区","next":0},"120104001013":{"name":"幸福南里社区","next":0},"120104001015":{"name":"广灵里社区","next":0},"120104001016":{"name":"华美里社区","next":0},"120104001017":{"name":"芙蓉南里社区","next":0},"120104001019":{"name":"雅园里社区","next":0},"120104001020":{"name":"盛达园社区","next":0}}