{"120113102001":{"name":"双街新家园社区","next":0},"120113102002":{"name":"万源星城社区","next":0},"120113102003":{"name":"上河花园社区","next":0},"120113102004":{"name":"小街新苑社区","next":0},"120113102005":{"name":"柴楼新庄园社区","next":0},"120113102006":{"name":"半湾半岛社区","next":0},"120113102201":{"name":"小街村","next":0},"120113102202":{"name":"汉沟村","next":0},"120113102203":{"name":"庞嘴村","next":0},"120113102204":{"name":"胡园村","next":0},"120113102205":{"name":"郎元村","next":0},"120113102206":{"name":"上蒲口村","next":0},"120113102207":{"name":"张湾村","next":0},"120113102208":{"name":"杨堤村","next":0},"120113102209":{"name":"柴楼村","next":0},"120113102210":{"name":"双街村","next":0},"120113102211":{"name":"下蒲口村","next":0},"120113102212":{"name":"沙庄村","next":0},"120113102213":{"name":"下辛庄村","next":0},"120113102214":{"name":"西赵庄村","next":0},"120113102215":{"name":"常庄村","next":0}}