{"120105003004":{"name":"六马路社区","next":0},"120105003005":{"name":"律纬路社区","next":0},"120105003007":{"name":"月纬路社区","next":0},"120105003009":{"name":"律笛里社区","next":0},"120105003010":{"name":"日远里社区","next":0},"120105003015":{"name":"鸿顺里社区","next":0},"120105003017":{"name":"团结里社区","next":0},"120105003018":{"name":"元吉里社区","next":0},"120105003021":{"name":"二五四社区","next":0},"120105003022":{"name":"宝兴里社区","next":0},"120105003024":{"name":"三戒里社区","next":0}}