{"120112101006":{"name":"金龙里社区","next":0},"120112101008":{"name":"东风里社区","next":0},"120112101010":{"name":"泽水园社区","next":0},"120112101011":{"name":"荣水园第一社区","next":0},"120112101012":{"name":"荣水园第二社区","next":0},"120112101013":{"name":"荣水园第三社区","next":0},"120112101014":{"name":"慈水园第一社区","next":0},"120112101015":{"name":"慈水园第二社区","next":0},"120112101016":{"name":"慈水园第三社区","next":0},"120112101017":{"name":"慈水园第四社区","next":0},"120112101018":{"name":"盘沽馨苑社区","next":0},"120112101019":{"name":"盘泽馨苑社区","next":0},"120112101201":{"name":"葛沽一村","next":0},"120112101202":{"name":"葛沽二村","next":0},"120112101203":{"name":"葛沽三村","next":0},"120112101204":{"name":"官房村","next":0},"120112101205":{"name":"曾庄村","next":0},"120112101206":{"name":"北园村","next":0},"120112101207":{"name":"新房村","next":0},"120112101208":{"name":"盘沽村","next":0},"120112101209":{"name":"十间房村","next":0},"120112101213":{"name":"小高庄村","next":0},"120112101214":{"name":"邓岑子村","next":0},"120112101215":{"name":"辛庄子村","next":0},"120112101216":{"name":"杨岑子村","next":0},"120112101217":{"name":"殷庄村","next":0},"120112101218":{"name":"刘庄村","next":0},"120112101219":{"name":"东埂村","next":0},"120112101220":{"name":"杨惠庄村","next":0},"120112101221":{"name":"西关村","next":0},"120112101222":{"name":"南辛房村","next":0},"120112101223":{"name":"三合村","next":0},"120112101224":{"name":"石闸村","next":0},"120112101225":{"name":"九道沟村","next":0},"120112101400":{"name":"葛沽镇冶金工业园社区","next":0}}