{"120110004002":{"name":"荷月里社区","next":0},"120110004003":{"name":"择月里社区","next":0},"120110004004":{"name":"畅月里社区","next":0},"120110004005":{"name":"无瑕花园社区","next":0},"120110004006":{"name":"圆月里社区","next":0},"120110004007":{"name":"秋霞里社区","next":0},"120110004008":{"name":"春霞里社区","next":0},"120110004009":{"name":"华盛里社区","next":0},"120110004010":{"name":"秀霞里社区","next":0},"120110004201":{"name":"新五村","next":0},"120110004202":{"name":"官房村","next":0},"120110004203":{"name":"新袁村","next":0},"120110004204":{"name":"小北庄村","next":0},"120110004205":{"name":"老袁村","next":0},"120110004206":{"name":"大宋村","next":0},"120110004207":{"name":"小宋村","next":0},"120110004208":{"name":"翟庄村","next":0},"120110004209":{"name":"李庄村","next":0},"120110004210":{"name":"杨泊村","next":0},"120110004211":{"name":"西窑村","next":0},"120110004212":{"name":"大杨村","next":0},"120110004213":{"name":"苏庄村","next":0},"120110004214":{"name":"北大道村","next":0},"120110004215":{"name":"西地村","next":0}}