{"120103011001":{"name":"龙天园社区","next":0},"120103011004":{"name":"微山东里社区","next":0},"120103011007":{"name":"腾华里社区","next":0},"120103011012":{"name":"贺福里社区","next":0},"120103011013":{"name":"园丁公寓社区","next":0},"120103011016":{"name":"景雅里社区","next":0},"120103011017":{"name":"东海里社区","next":0},"120103011022":{"name":"珠峰里社区","next":0},"120103011025":{"name":"金海湾社区","next":0},"120103011403":{"name":"龙博花园社区","next":0}}