{"120103010001":{"name":"微山里社区","next":0},"120103010003":{"name":"华山里社区","next":0},"120103010004":{"name":"天山里社区","next":0},"120103010008":{"name":"双山新苑社区","next":0},"120103010009":{"name":"秀峰里社区","next":0},"120103010011":{"name":"东江道社区","next":0},"120103010014":{"name":"陈塘庄社区","next":0},"120103010015":{"name":"棉四一社区","next":0},"120103010016":{"name":"棉四二宿舍社区","next":0},"120103010019":{"name":"贵山里社区","next":0},"120103010021":{"name":"四季馨园社区","next":0},"120103010022":{"name":"幸福家园社区","next":0},"120103010400":{"name":"栖塘社区","next":0},"120103010401":{"name":"四信里社区","next":0}}