{"120106008001":{"name":"建设里社区","next":0},"120106008002":{"name":"中联社区","next":0},"120106008009":{"name":"西青道第二社区","next":0},"120106008010":{"name":"西青道第三社区","next":0},"120106008011":{"name":"西青道第四社区","next":0},"120106008013":{"name":"杨庄子社区","next":0},"120106008014":{"name":"咸阳社区","next":0},"120106008015":{"name":"前园社区","next":0},"120106008016":{"name":"幸福里第二社区","next":0},"120106008017":{"name":"幸福里第一社区","next":0},"120106008018":{"name":"洛川里社区","next":0},"120106008023":{"name":"仁爱花园社区","next":0},"120106008027":{"name":"千禧园社区","next":0}}