{"120105006001":{"name":"中山里社区","next":0},"120105006002":{"name":"盐坨东里社区","next":0},"120105006003":{"name":"泗阳里社区","next":0},"120105006004":{"name":"建昌里社区","next":0},"120105006006":{"name":"铁工里社区","next":0},"120105006010":{"name":"建湖里社区","next":0},"120105006011":{"name":"育红里社区","next":0},"120105006015":{"name":"福桥里社区","next":0},"120105006016":{"name":"康桥里社区","next":0},"120105006020":{"name":"桥园里社区","next":0},"120105006021":{"name":"乐桥里社区","next":0},"120105006022":{"name":"三和社区","next":0},"120105006023":{"name":"梅宏园社区居委","next":0},"120105006024":{"name":"富水一方社区","next":0},"120105006025":{"name":"春和景明社区","next":0},"120105006026":{"name":"诗景颂苑社区","next":0}}