{"120101004002":{"name":"新兴南里社区","next":0},"120101004003":{"name":"新兴北里社区","next":0},"120101004004":{"name":"永丰里社区","next":0},"120101004006":{"name":"土山花园社区","next":0},"120101004008":{"name":"金泉里社区","next":0},"120101004009":{"name":"犀地社区","next":0},"120101004010":{"name":"朝阳里社区","next":0},"120101004012":{"name":"兴河里社区","next":0},"120101004013":{"name":"卫华里社区","next":0},"120101004014":{"name":"卫津路社区","next":0},"120101004024":{"name":"西康路社区","next":0}}