{"120104011002":{"name":"宁乐里社区","next":0},"120104011005":{"name":"金谷园","next":0},"120104011006":{"name":"凌研里社区","next":0},"120104011007":{"name":"星城社区","next":0},"120104011008":{"name":"龙滨园社区","next":0},"120104011009":{"name":"金禧园社区","next":0},"120104011010":{"name":"津涞花园社区","next":0},"120104011011":{"name":"仁爱濠景社区","next":0},"120104011012":{"name":"宁发阳光公寓社区","next":0},"120104011013":{"name":"时代奥城社区","next":0},"120104011014":{"name":"阳光壹佰国际新城社区","next":0},"120104011015":{"name":"俊城浅水湾社区","next":0}}