{"120112403400":{"name":"黑牛城社区","next":0},"120112403401":{"name":"东方红社区","next":0},"120112403402":{"name":"万年红社区","next":0},"120112403403":{"name":"向阳社区","next":0},"120112403404":{"name":"灰堆社区","next":0},"120112403405":{"name":"星光社区","next":0},"120112403406":{"name":"挂甲寺社区","next":0},"120112403407":{"name":"西楼社区","next":0},"120112403408":{"name":"长青科工贸园区社区","next":0},"120112403409":{"name":"长青科技园区社区","next":0}}