{"120113101003":{"name":"引河里第二社区","next":0},"120113101004":{"name":"引河里第一社区","next":0},"120113101010":{"name":"金凤里社区","next":0},"120113101012":{"name":"盛仓社区","next":0},"120113101013":{"name":"长瀛御龙湾社区","next":0},"120113101014":{"name":"阳光卡蒂尔社区","next":0},"120113101015":{"name":"天阳社区","next":0},"120113101016":{"name":"讷河里社区","next":0},"120113101017":{"name":"泽天下社区","next":0},"120113101018":{"name":"富锦华庭社区","next":0},"120113101201":{"name":"北仓村","next":0},"120113101202":{"name":"三义村","next":0},"120113101203":{"name":"赵虎庄村","next":0},"120113101204":{"name":"丁赵庄村","next":0},"120113101205":{"name":"阎庄村","next":0},"120113101206":{"name":"周庄村","next":0},"120113101207":{"name":"李嘴村","next":0},"120113101208":{"name":"刘园村","next":0},"120113101209":{"name":"桃花寺村","next":0},"120113101210":{"name":"董新房村","next":0},"120113101211":{"name":"王秦庄村","next":0},"120113101212":{"name":"桃口村","next":0},"120113101213":{"name":"屈店村","next":0}}