{"120110005001":{"name":"民航大学社区","next":0},"120110005002":{"name":"驯海里社区","next":0},"120110005003":{"name":"民航巷社区","next":0},"120110005004":{"name":"海山里社区","next":0},"120110005005":{"name":"枫景家园社区","next":0},"120110005006":{"name":"金隅悦园社区","next":0},"120110005007":{"name":"雅筑新苑社区","next":0},"120110005008":{"name":"汇海里社区","next":0},"120110005009":{"name":"悦盛园社区","next":0},"120110005010":{"name":"格兰苑社区","next":0},"120110005011":{"name":"秀欣园社区","next":0},"120110005012":{"name":"金域华府社区","next":0},"120110005201":{"name":"新立村","next":0},"120110005202":{"name":"四合庄村","next":0},"120110005203":{"name":"中河村","next":0},"120110005204":{"name":"张贵庄村","next":0},"120110005205":{"name":"崔家码头村","next":0},"120110005208":{"name":"西扬村","next":0},"120110005209":{"name":"东扬场村","next":0},"120110005210":{"name":"邢圈村","next":0},"120110005211":{"name":"新兴村","next":0},"120110005212":{"name":"宝元村","next":0},"120110005213":{"name":"小东庄村","next":0},"120110005214":{"name":"东大桥村","next":0},"120110005215":{"name":"中营村","next":0},"120110005216":{"name":"十三顷村","next":0},"120110005217":{"name":"老圈村","next":0},"120110005218":{"name":"卧河村","next":0},"120110005219":{"name":"泥窝村","next":0},"120110005220":{"name":"城上村","next":0},"120110005221":{"name":"窑上村","next":0},"120110005222":{"name":"务本一村","next":0},"120110005223":{"name":"务本二村","next":0},"120110005224":{"name":"务本三村","next":0},"120110005225":{"name":"赵北村","next":0},"120110005226":{"name":"稻地村","next":0},"120110005227":{"name":"大郑村","next":0},"120110005400":{"name":"民航机场社区","next":0},"120110005401":{"name":"中国民航大学社区","next":0}}