{"120102004001":{"name":"天鼎社区","next":0},"120102004004":{"name":"天琴里社区","next":0},"120102004005":{"name":"滨河新苑社区","next":0},"120102004007":{"name":"天研社区","next":0},"120102004010":{"name":"万明里社区","next":0},"120102004011":{"name":"富民东里社区","next":0},"120102004012":{"name":"军旅公寓社区","next":0},"120102004014":{"name":"滨河庭苑社区","next":0},"120102004015":{"name":"金月湾花园社区","next":0},"120102004016":{"name":"雅仕嘉园社区","next":0}}