{"120111102201":{"name":"上辛口村","next":0},"120111102202":{"name":"当城村","next":0},"120111102203":{"name":"水高庄村","next":0},"120111102204":{"name":"第六埠村","next":0},"120111102205":{"name":"中辛口村","next":0},"120111102206":{"name":"下辛口村","next":0},"120111102207":{"name":"郑庄子村","next":0},"120111102208":{"name":"郭庄子村","next":0},"120111102209":{"name":"木厂村","next":0},"120111102210":{"name":"冯高庄村","next":0},"120111102211":{"name":"大沙沃村","next":0},"120111102212":{"name":"小沙沃村","next":0},"120111102213":{"name":"大杜庄村","next":0},"120111102214":{"name":"小杜庄村","next":0},"120111102215":{"name":"宣家院村","next":0},"120111102216":{"name":"毕家村","next":0},"120111102217":{"name":"王家村","next":0},"120111102218":{"name":"岳家开村","next":0},"120111102400":{"name":"新慧园社区筹备组及社区工作站","next":0}}