{"120104004002":{"name":"桦林园社区","next":0},"120104004004":{"name":"朝园里社区","next":0},"120104004006":{"name":"颂禹里社区","next":0},"120104004008":{"name":"康舜里社区","next":0},"120104004011":{"name":"级升里社区","next":0},"120104004013":{"name":"卫安西里社区","next":0},"120104004014":{"name":"卫安中里社区","next":0},"120104004016":{"name":"新丽里社区","next":0},"120104004018":{"name":"瑞德里社区","next":0},"120104004019":{"name":"凯兴公寓社区","next":0},"120104004025":{"name":"格调春天社区","next":0},"120104004026":{"name":"宝龙湾社区","next":0},"120104004027":{"name":"风荷天江社区","next":0}}