{"120102005001":{"name":"金地紫乐名轩社区","next":0},"120102005003":{"name":"地毯路社区","next":0},"120102005004":{"name":"红旗巷社区","next":0},"120102005007":{"name":"建新东里第一社区","next":0},"120102005009":{"name":"建新东里第二社区","next":0},"120102005010":{"name":"福天里社区","next":0},"120102005011":{"name":"福东里社区","next":0},"120102005012":{"name":"福东北里社区","next":0},"120102005014":{"name":"黄岩里社区","next":0},"120102005016":{"name":"安吉花园社区","next":0},"120102005017":{"name":"宁月花园社区","next":0},"120102005018":{"name":"陶然庭苑社区","next":0},"120102005019":{"name":"明家庄园社区","next":0},"120102005020":{"name":"靓东花园社区","next":0},"120102005021":{"name":"东泰家园社区","next":0}}