{"120105010001":{"name":"靖江西里社区","next":0},"120105010003":{"name":"靖江东里社区","next":0},"120105010004":{"name":"涪江北里社区","next":0},"120105010007":{"name":"开江南里社区","next":0},"120105010008":{"name":"满江里社区","next":0},"120105010009":{"name":"大江里社区","next":0},"120105010011":{"name":"锦江北里社区","next":0},"120105010012":{"name":"金沙江里社区","next":0},"120105010015":{"name":"月牙河北里社区","next":0},"120105010017":{"name":"环江里社区","next":0},"120105010018":{"name":"丹江里社区","next":0},"120105010020":{"name":"琴江公寓社区","next":0},"120105010021":{"name":"泉江里社区","next":0}}