{"120103001000":{"name":"大营门街道","next":1},"120103002000":{"name":"下瓦房街道","next":1},"120103003000":{"name":"桃园街道","next":1},"120103004000":{"name":"挂甲寺街道","next":1},"120103005000":{"name":"马场街道","next":1},"120103006000":{"name":"越秀路街道","next":1},"120103007000":{"name":"友谊路街道","next":1},"120103008000":{"name":"天塔街道","next":1},"120103009000":{"name":"尖山街道","next":1},"120103010000":{"name":"陈塘庄街道","next":1},"120103011000":{"name":"柳林街道","next":1},"120103012000":{"name":"东海街道","next":1},"120103013000":{"name":"梅江街道","next":1},"120103014000":{"name":"太湖路街道","next":1}}