{"120111402400":{"name":"天津农学院（杨柳青）社区","next":0},"120111402401":{"name":"天津轻工职业技术学院社区","next":0},"120111402402":{"name":"天津理工中环信息学院社区","next":0},"120111402403":{"name":"天津劳动经济技术学校社区","next":0},"120111402404":{"name":"天津商业大学宝德学院社区","next":0},"120111402405":{"name":"天津城建学院社区","next":0},"120111402406":{"name":"天津农学院（张家窝）社区","next":0},"120111402407":{"name":"天津经济管理干部学院社区","next":0},"120111402408":{"name":"天津师范大学社区","next":0},"120111402409":{"name":"天津工业大学社区","next":0},"120111402410":{"name":"天津警官职业学校社区","next":0},"120111402411":{"name":"天津理工大学（主校区）社区","next":0}}