{"120101000000":{"name":"和平区","next":1},"120102000000":{"name":"河东区","next":1},"120103000000":{"name":"河西区","next":1},"120104000000":{"name":"南开区","next":1},"120105000000":{"name":"河北区","next":1},"120106000000":{"name":"红桥区","next":1},"120110000000":{"name":"东丽区","next":1},"120111000000":{"name":"西青区","next":1},"120112000000":{"name":"津南区","next":1},"120113000000":{"name":"北辰区","next":1},"120114000000":{"name":"武清区","next":1},"120115000000":{"name":"宝坻区","next":1},"120116000000":{"name":"滨海新区","next":1},"120117000000":{"name":"宁河区","next":1},"120118000000":{"name":"静海区","next":1},"120119000000":{"name":"蓟州区","next":1}}