{"120111104002":{"name":"兴旺里社区","next":0},"120111104004":{"name":"汇英苑社区","next":0},"120111104005":{"name":"恒益隆庭社区","next":0},"120111104201":{"name":"小南河村","next":0},"120111104202":{"name":"大南河村","next":0},"120111104203":{"name":"付村","next":0},"120111104204":{"name":"姚村","next":0},"120111104205":{"name":"潘楼村","next":0},"120111104206":{"name":"郭村","next":0},"120111104207":{"name":"刘庄村","next":0},"120111104208":{"name":"马家寺村","next":0},"120111104209":{"name":"小卷子村","next":0},"120111104210":{"name":"大卷子村","next":0},"120111104211":{"name":"牛坨子村","next":0},"120111104212":{"name":"王庄子村","next":0},"120111104213":{"name":"孙庄子村","next":0},"120111104214":{"name":"吴庄子村","next":0},"120111104215":{"name":"阎庄子村","next":0},"120111104216":{"name":"小卞庄村","next":0},"120111104217":{"name":"宽河村","next":0},"120111104218":{"name":"陈台子村","next":0},"120111104400":{"name":"智达里社区","next":0},"120111104401":{"name":"祥和园社区筹备组","next":0}}