{"120106010001":{"name":"乐安里社区","next":0},"120106010002":{"name":"晓春里社区","next":0},"120106010003":{"name":"庆丰里社区","next":0},"120106010004":{"name":"南头窑社区","next":0},"120106010005":{"name":"铃铛阁社区","next":0},"120106010006":{"name":"永明寺社区","next":0},"120106010008":{"name":"小道子社区","next":0},"120106010009":{"name":"西关北里委社区","next":0},"120106010013":{"name":"明华里社区","next":0},"120106010015":{"name":"新春花苑社区","next":0},"120106010016":{"name":"睦华里社区","next":0},"120106010017":{"name":"万华里社区","next":0}}