{"120104009001":{"name":"昌宁里社区","next":0},"120104009002":{"name":"保山北里社区","next":0},"120104009003":{"name":"保山南里社区","next":0},"120104009005":{"name":"淦江里社区","next":0},"120104009008":{"name":"华宁南里社区","next":0},"120104009009":{"name":"华宁北里社区","next":0},"120104009010":{"name":"横江里社区","next":0},"120104009011":{"name":"盈江西里社区","next":0},"120104009013":{"name":"盈江东里社区","next":0},"120104009014":{"name":"金环里社区社区","next":0},"120104009015":{"name":"迎水里","next":0},"120104009016":{"name":"金厦里社区","next":0},"120104009019":{"name":"凤园北里社区","next":0},"120104009021":{"name":"凤园南里社区","next":0},"120104009022":{"name":"迎风里社区","next":0},"120104009023":{"name":"林苑东里社区","next":0},"120104009024":{"name":"园荫里社区","next":0},"120104009026":{"name":"林苑西里社区","next":0},"120104009028":{"name":"鹤园北里社区","next":0},"120104009029":{"name":"林苑北里社区","next":0},"120104009032":{"name":"美云社区","next":0},"120104009033":{"name":"金典花园社区","next":0},"120104009034":{"name":"金冠里社区","next":0},"120104009401":{"name":"天房天拖社区筹备组","next":0},"120104009402":{"name":"融创天拖社区筹备组","next":0}}