{"120102001000":{"name":"大王庄街道","next":1},"120102002000":{"name":"大直沽街道","next":1},"120102003000":{"name":"中山门街道","next":1},"120102004000":{"name":"富民路街道","next":1},"120102005000":{"name":"二号桥街道","next":1},"120102006000":{"name":"春华街道","next":1},"120102007000":{"name":"唐家口街道","next":1},"120102008000":{"name":"向阳楼街道","next":1},"120102009000":{"name":"常州道街道","next":1},"120102010000":{"name":"上杭路街道","next":1},"120102011000":{"name":"东新街道","next":1},"120102012000":{"name":"鲁山道街道","next":1},"120102013000":{"name":"天津铁厂街道","next":1}}