{"120111106201":{"name":"王稳庄村","next":0},"120111106202":{"name":"东台子村","next":0},"120111106203":{"name":"东兰坨村","next":0},"120111106204":{"name":"杨科庄村","next":0},"120111106205":{"name":"小张庄村","next":0},"120111106206":{"name":"西兰坨村","next":0},"120111106207":{"name":"小韩庄村","next":0},"120111106208":{"name":"二侯庄村","next":0},"120111106209":{"name":"小年庄村","next":0},"120111106210":{"name":"大侯庄村","next":0},"120111106211":{"name":"小金庄村","next":0},"120111106212":{"name":"小泊村","next":0},"120111106213":{"name":"大泊村","next":0},"120111106214":{"name":"小孙庄村","next":0},"120111106215":{"name":"建新村","next":0}}