{"120101003001":{"name":"育文坊社区","next":0},"120101003003":{"name":"友谊里社区","next":0},"120101003004":{"name":"文化里社区","next":0},"120101003005":{"name":"福林里社区","next":0},"120101003008":{"name":"尚友里社区","next":0},"120101003009":{"name":"泰来里社区","next":0},"120101003013":{"name":"湖南路社区","next":0},"120101003015":{"name":"澳门路社区","next":0},"120101003017":{"name":"三盛里社区","next":0},"120101003018":{"name":"安乐村社区","next":0},"120101003019":{"name":"国际公寓第一社区","next":0},"120101003021":{"name":"华荫南里社区","next":0},"120101003022":{"name":"国际公寓第二社区","next":0}}