{"120102002001":{"name":"文华里社区","next":0},"120102002005":{"name":"和进里社区","next":0},"120102002008":{"name":"津塘村社区","next":0},"120102002009":{"name":"大直沽后台社区","next":0},"120102002011":{"name":"汇贤里社区","next":0},"120102002013":{"name":"荣兴温泉公寓社区","next":0},"120102002015":{"name":"福泽温泉公寓社区","next":0},"120102002016":{"name":"宫前园社区","next":0},"120102002018":{"name":"东宿舍社区","next":0},"120102002019":{"name":"蝶桥公寓社区","next":0},"120102002021":{"name":"神州花园社区","next":0},"120102002023":{"name":"直沽园社区","next":0},"120102002024":{"name":"萦东温泉花园社区","next":0},"120102002026":{"name":"靓锦名居社区","next":0}}