{"120103013001":{"name":"玉水园社区","next":0},"120103013002":{"name":"芳水园社区","next":0},"120103013003":{"name":"香水园社区","next":0},"120103013004":{"name":"蓝水园社区","next":0},"120103013006":{"name":"云水园社区","next":0},"120103013007":{"name":"景观花园社区","next":0},"120103013008":{"name":"溪水园社区","next":0},"120103013009":{"name":"天湾园社区","next":0},"120103013010":{"name":"天涛园社区","next":0},"120103013011":{"name":"天浦园社区","next":0}}