{"120105005002":{"name":"华宜里社区","next":0},"120105005003":{"name":"振宜里社区","next":0},"120105005004":{"name":"胜景社区","next":0},"120105005008":{"name":"曙光路社区","next":0},"120105005009":{"name":"爱贤里社区","next":0},"120105005011":{"name":"志成中里社区","next":0},"120105005014":{"name":"繁华里社区","next":0},"120105005015":{"name":"宜清园社区","next":0},"120105005016":{"name":"慧景园社区","next":0},"120105005017":{"name":"敬贤里社区","next":0},"120105005018":{"name":"北宁湾社区","next":0},"120105005019":{"name":"致远家园社区","next":0}}