{"120111100001":{"name":"溪秀苑社区","next":0},"120111100004":{"name":"侯台社区","next":0},"120111100005":{"name":"东姜井社区","next":0},"120111100006":{"name":"西姜井社区","next":0},"120111100007":{"name":"大地十二城社区","next":0},"120111100008":{"name":"水语花城社区","next":0},"120111100009":{"name":"华亭佳园社区","next":0},"120111100010":{"name":"假日风景社区","next":0},"120111100011":{"name":"富力湾社区","next":0},"120111100012":{"name":"大地十二城枫桦园社区","next":0},"120111100013":{"name":"福雅花园社区","next":0},"120111100014":{"name":"福悦里社区","next":0},"120111100015":{"name":"旭水蓝轩社区","next":0},"120111100016":{"name":"华亭丽园社区","next":0},"120111100017":{"name":"假日润园社区","next":0},"120111100018":{"name":"中信珺台社区","next":0},"120111100201":{"name":"汪庄村","next":0},"120111100202":{"name":"李家园村","next":0},"120111100203":{"name":"东姜井村","next":0},"120111100204":{"name":"西姜井村","next":0},"120111100205":{"name":"大稍直口村","next":0},"120111100206":{"name":"邢庄村","next":0},"120111100207":{"name":"曹庄子村","next":0},"120111100208":{"name":"大卞庄村","next":0},"120111100210":{"name":"东北斜村","next":0},"120111100211":{"name":"中北斜村","next":0},"120111100212":{"name":"西北斜村","next":0},"120111100213":{"name":"雷庄子村","next":0},"120111100214":{"name":"四新庄村","next":0},"120111100215":{"name":"小蒋庄村","next":0},"120111100216":{"name":"大蒋庄村","next":0},"120111100217":{"name":"祁庄村","next":0},"120111100218":{"name":"李楼村","next":0},"120111100219":{"name":"谢庄村","next":0},"120111100220":{"name":"东马庄村","next":0},"120111100221":{"name":"西马庄村","next":0},"120111100222":{"name":"王庄村","next":0},"120111100223":{"name":"大梁庄村","next":0},"120111100406":{"name":"丽泽嘉园社区","next":0},"120111100407":{"name":"运通花园社区","next":0},"120111100408":{"name":"兴苑家园社区","next":0},"120111100409":{"name":"大稍直口社区","next":0},"120111100410":{"name":"溪华苑西北斜社区","next":0},"120111100411":{"name":"溪清苑社区","next":0},"120111100412":{"name":"溪悦园社区","next":0},"120111100413":{"name":"碧水家园社区","next":0},"120111100414":{"name":"云锦世家社区","next":0},"120111100415":{"name":"顺通家园社区","next":0},"120111100416":{"name":"澜湾花园社区","next":0},"120111100417":{"name":"溪秀苑第二社区","next":0},"120111100418":{"name":"锦曦花苑社区筹备组","next":0}}