{"120105004004":{"name":"天泰社区","next":0},"120105004005":{"name":"东华里社区","next":0},"120105004006":{"name":"东昌里社区","next":0},"120105004008":{"name":"裕泰园社区","next":0},"120105004013":{"name":"安定里社区","next":0},"120105004014":{"name":"育婴里社区","next":0},"120105004017":{"name":"华泰园社区","next":0},"120105004018":{"name":"福嘉园社区","next":0},"120105004023":{"name":"泰来里社区","next":0},"120105004024":{"name":"宝祥园社区","next":0},"120105004026":{"name":"东锦里社区","next":0},"120105004027":{"name":"东海花园社区","next":0},"120105004028":{"name":"盛和家园社区","next":0},"120105004029":{"name":"盛泰嘉园社区","next":0},"120105004030":{"name":"泰来嘉园社区","next":0},"120105004031":{"name":"汇恒园社区","next":0},"120105004032":{"name":"盛宁家园社区","next":0}}