{"120110008001":{"name":"机米厂社区","next":0},"120110008003":{"name":"杨台社区","next":0},"120110008004":{"name":"苗街社区","next":0},"120110008005":{"name":"塘洼社区","next":0},"120110008006":{"name":"农场社区","next":0},"120110008007":{"name":"和顺东园社区","next":0},"120110008008":{"name":"和顺西园社区","next":0},"120110008009":{"name":"军丽园社区委员会","next":0},"120110008010":{"name":"军宏园社区","next":0},"120110008011":{"name":"军秀园社区","next":0},"120110008012":{"name":"军华园社区","next":0},"120110008013":{"name":"裕岭嘉园社区","next":0},"120110008014":{"name":"军祥园社区","next":0},"120110008015":{"name":"军瑞园社区","next":0},"120110008016":{"name":"春竹轩社区","next":0},"120110008017":{"name":"夏荷轩社区","next":0},"120110008018":{"name":"冬梅轩社区","next":0},"120110008201":{"name":"杨台村","next":0},"120110008202":{"name":"魏王庄村","next":0},"120110008203":{"name":"东封村","next":0},"120110008204":{"name":"苗街村","next":0},"120110008206":{"name":"刘台新村","next":0},"120110008207":{"name":"李家台村","next":0},"120110008208":{"name":"后台村","next":0},"120110008209":{"name":"北旺村","next":0},"120110008210":{"name":"大安村","next":0},"120110008211":{"name":"兴农村","next":0},"120110008212":{"name":"永兴村","next":0},"120110008213":{"name":"唐山村","next":0},"120110008214":{"name":"民生村","next":0},"120110008215":{"name":"山岭子村","next":0},"120110008216":{"name":"一村","next":0},"120110008217":{"name":"二村","next":0},"120110008218":{"name":"三村","next":0},"120110008219":{"name":"四村","next":0}}