{"120111103001":{"name":"京福里社区","next":0},"120111103004":{"name":"工农联盟社区","next":0},"120111103006":{"name":"田丽社区","next":0},"120111103007":{"name":"杰盛里社区","next":0},"120111103201":{"name":"张家窝村","next":0},"120111103202":{"name":"老君堂村","next":0},"120111103203":{"name":"高村","next":0},"120111103204":{"name":"董庄子村","next":0},"120111103205":{"name":"薛庄子村","next":0},"120111103206":{"name":"炒米店村","next":0},"120111103207":{"name":"古佛寺村","next":0},"120111103208":{"name":"周李庄村","next":0},"120111103209":{"name":"南赵庄村","next":0},"120111103210":{"name":"康庄子村","next":0},"120111103211":{"name":"房庄子村","next":0},"120111103212":{"name":"东琉城村","next":0},"120111103213":{"name":"西琉城村","next":0},"120111103214":{"name":"阎庄子村","next":0},"120111103215":{"name":"宫庄子村","next":0},"120111103216":{"name":"小甸子村","next":0},"120111103217":{"name":"华庄子村","next":0},"120111103218":{"name":"杨武庄村","next":0},"120111103400":{"name":"瑞欣家园社区","next":0},"120111103401":{"name":"香邑花苑社区筹备组","next":0}}