{"120113103201":{"name":"双口一村","next":0},"120113103202":{"name":"双口二村","next":0},"120113103203":{"name":"双口三村","next":0},"120113103204":{"name":"安光村","next":0},"120113103205":{"name":"后堡村","next":0},"120113103206":{"name":"前丁庄村","next":0},"120113103207":{"name":"后丁庄村","next":0},"120113103208":{"name":"平安庄村","next":0},"120113103209":{"name":"上河头村","next":0},"120113103210":{"name":"中河头村","next":0},"120113103211":{"name":"下河头村","next":0},"120113103212":{"name":"东堤村","next":0},"120113103213":{"name":"杨河村","next":0},"120113103214":{"name":"岔房子村","next":0},"120113103215":{"name":"线河一村","next":0},"120113103216":{"name":"线河二村","next":0},"120113103217":{"name":"双河村","next":0},"120113103218":{"name":"前堡村","next":0},"120113103219":{"name":"徐堡村","next":0},"120113103220":{"name":"郝堡村","next":0},"120113103221":{"name":"赵圈村","next":0}}