{"120103006001":{"name":"红波里社区","next":0},"120103006002":{"name":"黄埔里社区","next":0},"120103006003":{"name":"恩德里社区","next":0},"120103006004":{"name":"珠海里社区","next":0},"120103006011":{"name":"增强楼社区","next":0},"120103006013":{"name":"教师村社区","next":0},"120103006016":{"name":"惠阳里社区","next":0},"120103006017":{"name":"港云里社区","next":0},"120103006018":{"name":"祥和里社区","next":0},"120103006021":{"name":"爱国里社区","next":0}}