{"120112104001":{"name":"鑫旺里社区","next":0},"120112104002":{"name":"汀上家园社区","next":0},"120112104003":{"name":"三鑫社区","next":0},"120112104004":{"name":"华远波士顿社区","next":0},"120112104005":{"name":"金地艺境社区","next":0},"120112104006":{"name":"首创光合城社区","next":0},"120112104201":{"name":"白塘口村","next":0},"120112104202":{"name":"上小汀村","next":0},"120112104203":{"name":"唐庄子村","next":0},"120112104204":{"name":"前辛庄村","next":0},"120112104205":{"name":"中辛庄村","next":0},"120112104206":{"name":"后辛庄村","next":0},"120112104207":{"name":"下小汀村","next":0},"120112104208":{"name":"张满庄村","next":0},"120112104209":{"name":"生产圈村","next":0},"120112104210":{"name":"邢庄子村","next":0},"120112104211":{"name":"高庄子村","next":0},"120112104212":{"name":"上王庄村","next":0},"120112104213":{"name":"张家咀村","next":0},"120112104214":{"name":"柴辛庄村","next":0},"120112104215":{"name":"上郭庄村","next":0},"120112104216":{"name":"继泰村","next":0},"120112104217":{"name":"柴家圈村","next":0},"120112104218":{"name":"新桥村","next":0},"120112104219":{"name":"清和村","next":0},"120112104220":{"name":"建明村","next":0},"120112104400":{"name":"双鑫（辛庄）工业园区社区","next":0}}