{"120104010001":{"name":"荣迁里社区","next":0},"120104010002":{"name":"临园里社区","next":0},"120104010003":{"name":"复康里社区","next":0},"120104010004":{"name":"近园里社区","next":0},"120104010007":{"name":"宁福里社区","next":0},"120104010008":{"name":"红医里社区","next":0},"120104010009":{"name":"观景里社区","next":0},"120104010010":{"name":"观园里社区","next":0},"120104010013":{"name":"水上温泉公寓社区","next":0},"120104010014":{"name":"欣苑公寓社区","next":0}}