{"120102011001":{"name":"松风西里社区","next":0},"120102011002":{"name":"沧浪里社区","next":0},"120102011005":{"name":"环秀东里社区","next":0},"120102011006":{"name":"曲溪西里社区","next":0},"120102011007":{"name":"曲溪中里社区","next":0},"120102011009":{"name":"凤岐里社区","next":0},"120102011010":{"name":"凤岐东里社区","next":0},"120102011011":{"name":"天泉里社区","next":0},"120102011012":{"name":"远翠西里社区","next":0},"120102011013":{"name":"远翠中里社区","next":0},"120102011014":{"name":"远翠东里社区","next":0},"120102011016":{"name":"冠云中里社区","next":0},"120102011017":{"name":"沙柳北路社区","next":0},"120102011018":{"name":"倚虹西里社区","next":0},"120102011022":{"name":"松风东里社区","next":0}}