{"120102007001":{"name":"唐家口南里社区","next":0},"120102007003":{"name":"新开路社区","next":0},"120102007004":{"name":"嘉华里社区","next":0},"120102007006":{"name":"红星路社区","next":0},"120102007007":{"name":"唐家口新村六段社区","next":0},"120102007012":{"name":"长征路社区","next":0},"120102007014":{"name":"工业大学社区","next":0},"120102007016":{"name":"久福园社区","next":0},"120102007018":{"name":"卫国道社区","next":0},"120102007019":{"name":"华馨公寓社区","next":0},"120102007020":{"name":"南横街社区","next":0}}