{"120103004001":{"name":"鹤望里社区","next":0},"120103004002":{"name":"景兴西里社区","next":0},"120103004004":{"name":"龙都花园社区","next":0},"120103004005":{"name":"重华里社区","next":0},"120103004006":{"name":"美化里社区","next":0},"120103004007":{"name":"南北大街社区","next":0},"120103004008":{"name":"前程里社区","next":0},"120103004012":{"name":"古海里社区","next":0},"120103004013":{"name":"美好里社区","next":0},"120103004014":{"name":"云广新里社区","next":0},"120103004017":{"name":"滦水里社区","next":0},"120103004018":{"name":"新城小区社区","next":0},"120103004020":{"name":"海景雅苑社区","next":0}}