{"120111101020":{"name":"柳苑里社区","next":0},"120111101021":{"name":"轻机厂社区","next":0},"120111101024":{"name":"三经路社区","next":0},"120111101028":{"name":"西河闸社区","next":0},"120111101030":{"name":"碧泉花园社区","next":0},"120111101031":{"name":"广汇园社区","next":0},"120111101032":{"name":"青水家园社区","next":0},"120111101033":{"name":"锦秀花园社区","next":0},"120111101035":{"name":"世纪新苑社区","next":0},"120111101038":{"name":"柳溪苑社区","next":0},"120111101039":{"name":"时代华亭社区","next":0},"120111101040":{"name":"英伦名苑社区","next":0},"120111101041":{"name":"莱茵小镇社区","next":0},"120111101042":{"name":"柳轩苑社区","next":0},"120111101201":{"name":"一街村","next":0},"120111101202":{"name":"二街村","next":0},"120111101203":{"name":"三街村","next":0},"120111101204":{"name":"四街村","next":0},"120111101205":{"name":"五街村","next":0},"120111101206":{"name":"六街村","next":0},"120111101207":{"name":"七街村","next":0},"120111101208":{"name":"八街村","next":0},"120111101209":{"name":"九街村","next":0},"120111101210":{"name":"十街村","next":0},"120111101211":{"name":"十一街村","next":0},"120111101212":{"name":"十二街村","next":0},"120111101213":{"name":"十三街村","next":0},"120111101214":{"name":"十四街村","next":0},"120111101215":{"name":"十五街村","next":0},"120111101216":{"name":"十六街村","next":0},"120111101217":{"name":"白滩寺村","next":0},"120111101218":{"name":"大柳滩村","next":0},"120111101219":{"name":"隐贤村","next":0},"120111101220":{"name":"东桑园村","next":0},"120111101221":{"name":"前桑园村","next":0},"120111101222":{"name":"后桑园村","next":0},"120111101223":{"name":"东碾坨嘴村","next":0},"120111101224":{"name":"西碾坨嘴村","next":0},"120111101225":{"name":"娄家院村","next":0},"120111101400":{"name":"美庭苑社区","next":0},"120111101402":{"name":"御河墅社区筹备组","next":0}}