{"120110001001":{"name":"三聚里社区","next":0},"120110001002":{"name":"福山里社区","next":0},"120110001003":{"name":"振兴里社区","next":0},"120110001004":{"name":"泰安里社区","next":0},"120110001005":{"name":"华亭里社区","next":0},"120110001006":{"name":"先锋里社区","next":0},"120110001007":{"name":"福山北里社区","next":0},"120110001008":{"name":"永平巷社区","next":0},"120110001009":{"name":"詹滨里社区","next":0},"120110001010":{"name":"詹滨西里社区","next":0},"120110001011":{"name":"津门里社区","next":0},"120110001012":{"name":"兴业里社区","next":0},"120110001013":{"name":"詹滨南里社区","next":0},"120110001014":{"name":"招远路社区","next":0},"120110001015":{"name":"振华里社区","next":0},"120110001016":{"name":"福阳街社区","next":0},"120110001017":{"name":"景欣苑社区","next":0},"120110001018":{"name":"詹安里社区","next":0}}