{"120106004001":{"name":"光采社区","next":0},"120106004003":{"name":"风貌里社区","next":0},"120106004004":{"name":"三段社区","next":0},"120106004005":{"name":"六段社区","next":0},"120106004006":{"name":"十段社区","next":0},"120106004007":{"name":"勤俭桥社区","next":0},"120106004011":{"name":"桃花园社区","next":0},"120106004012":{"name":"东大楼社区","next":0},"120106004014":{"name":"潞河园社区","next":0},"120106004015":{"name":"北平房社区","next":0},"120106004016":{"name":"胜灾社区","next":0},"120106004018":{"name":"十三段社区","next":0},"120106004023":{"name":"光荣道社区","next":0},"120106004025":{"name":"南北大街社区","next":0}}