{"120111001001":{"name":"小稍直口社区","next":0},"120111001008":{"name":"杨柳青农场社区","next":0},"120111001009":{"name":"利海家园社区","next":0},"120111001011":{"name":"怡和新村社区","next":0},"120111001012":{"name":"冬云家园社区","next":0},"120111001013":{"name":"慧轩家园社区","next":0},"120111001014":{"name":"华城景苑社区","next":0},"120111001015":{"name":"嘉汇园","next":0},"120111001201":{"name":"小稍直口村","next":0},"120111001202":{"name":"赵庄子村","next":0},"120111001203":{"name":"怡合村","next":0},"120111001500":{"name":"王顶堤生活区","next":0},"120111001501":{"name":"八里台生活区","next":0},"120111001502":{"name":"兴业里生活区","next":0},"120111001503":{"name":"小园生活区","next":0},"120111001504":{"name":"前园生活区","next":0},"120111001505":{"name":"杨庄子生活区","next":0},"120111001506":{"name":"北菜园生活区","next":0}}