{"120112106001":{"name":"聚和园社区","next":0},"120112106002":{"name":"福和园社区","next":0},"120112106003":{"name":"信和园社区","next":0},"120112106201":{"name":"东咀村","next":0},"120112106202":{"name":"东泥沽村","next":0},"120112106203":{"name":"小韩庄村","next":0},"120112106204":{"name":"西官房村","next":0},"120112106205":{"name":"西泥沽村","next":0},"120112106206":{"name":"柴庄子村","next":0},"120112106207":{"name":"孙庄子村","next":0},"120112106208":{"name":"东周庄村","next":0},"120112106209":{"name":"王庄村","next":0},"120112106210":{"name":"西周庄村","next":0},"120112106211":{"name":"南房子村","next":0},"120112106212":{"name":"李家圈村","next":0},"120112106213":{"name":"刘家圈村","next":0},"120112106214":{"name":"闫家圈村","next":0},"120112106215":{"name":"韩家圈村","next":0},"120112106216":{"name":"小营盘村","next":0},"120112106400":{"name":"双桥河镇工业园社区","next":0}}