{"120106001002":{"name":"增产里社区","next":0},"120106001003":{"name":"纸厂街社区","next":0},"120106001004":{"name":"新建里社区","next":0},"120106001006":{"name":"西于庄社区","next":0},"120106001008":{"name":"礼貌楼社区","next":0},"120106001009":{"name":"祥居社区","next":0},"120106001010":{"name":"集安里社区","next":0},"120106001011":{"name":"植物园社区","next":0},"120106001012":{"name":"敦煌楼社区","next":0},"120106001014":{"name":"子牙里第一社区","next":0},"120106001016":{"name":"子牙里第三社区","next":0},"120106001017":{"name":"永光楼社区","next":0},"120106001018":{"name":"怡水苑社区","next":0},"120106001019":{"name":"翠溪园社区","next":0},"120106001020":{"name":"绮水苑社区","next":0},"120106001021":{"name":"亿城堂庭社区","next":0}}