{"120105002005":{"name":"昆璞里社区","next":0},"120105002006":{"name":"昆云里社区","next":0},"120105002007":{"name":"乾华园社区","next":0},"120105002011":{"name":"金辰园社区","next":0},"120105002014":{"name":"振德里社区","next":0},"120105002016":{"name":"望海楼社区","next":0},"120105002018":{"name":"金钟家园社区","next":0},"120105002019":{"name":"中远里社区","next":0},"120105002021":{"name":"金田花园社区","next":0},"120105002024":{"name":"金狮家园社区","next":0},"120105002026":{"name":"金兆园社区","next":0}}