{"120104002001":{"name":"富力城天越园社区","next":0},"120104002002":{"name":"富力城天霖园社区","next":0},"120104002003":{"name":"后现代广场社区","next":0},"120104002004":{"name":"壹街区社区","next":0},"120104002005":{"name":"铜锣湾广场社区","next":0},"120104002006":{"name":"海河广场社区","next":0},"120104002029":{"name":"尚佳新苑社区","next":0},"120104002030":{"name":"龙亭家园社区","next":0},"120104002031":{"name":"祥丰社区","next":0},"120104002400":{"name":"鼓楼商业街社区","next":0},"120104002401":{"name":"古文化街社区","next":0},"120104002404":{"name":"兴安路社区","next":0},"120104002407":{"name":"东马路七项街社区","next":0}}