{"120113108201":{"name":"南麻疙瘩村","next":0},"120113108202":{"name":"北麻疙瘩村","next":0},"120113108203":{"name":"张献庄村","next":0},"120113108204":{"name":"朱唐庄村","next":0},"120113108205":{"name":"小孟庄村","next":0},"120113108206":{"name":"小杨庄村","next":0},"120113108207":{"name":"大杨庄村","next":0},"120113108208":{"name":"北孙庄村","next":0},"120113108209":{"name":"大张庄村","next":0},"120113108210":{"name":"李辛庄村","next":0},"120113108211":{"name":"北何庄村","next":0},"120113108212":{"name":"小诸庄村","next":0},"120113108213":{"name":"二阎庄村","next":0},"120113108214":{"name":"刘招庄村","next":0},"120113108215":{"name":"刘马庄村","next":0},"120113108216":{"name":"南王平村","next":0},"120113108217":{"name":"芦庄村","next":0},"120113108218":{"name":"吕庄村","next":0},"120113108219":{"name":"董连庄村","next":0},"120113108220":{"name":"仁合营村","next":0},"120113108221":{"name":"小韩庄村","next":0},"120113108222":{"name":"高庄村","next":0},"120113108223":{"name":"喜逢台村","next":0},"120113108224":{"name":"下殷庄村","next":0},"120113108225":{"name":"大兴庄村","next":0},"120113108226":{"name":"大吕庄村","next":0},"120113108227":{"name":"小田庄村","next":0},"120113108228":{"name":"小马庄村","next":0},"120113108229":{"name":"张五庄村","next":0},"120113108230":{"name":"张四庄村","next":0},"120113108231":{"name":"大诸庄村","next":0}}