{"120112001000":{"name":"双新街道","next":1},"120112002000":{"name":"双林街道","next":1},"120112100000":{"name":"咸水沽镇","next":1},"120112101000":{"name":"葛沽镇","next":1},"120112102000":{"name":"小站镇","next":1},"120112103000":{"name":"双港镇","next":1},"120112104000":{"name":"辛庄镇","next":1},"120112106000":{"name":"双桥河镇","next":1},"120112107000":{"name":"八里台镇","next":1},"120112108000":{"name":"北闸口镇","next":1},"120112401000":{"name":"铁路十八局","next":1},"120112403000":{"name":"长青","next":1},"120112404000":{"name":"津南开发区东区","next":1},"120112405000":{"name":"津南开发区西区","next":1},"120112407000":{"name":"海河教育园区","next":1},"120112500000":{"name":"双林农场","next":1},"120112501000":{"name":"津南国家农业园区","next":1}}